season,date,team_a,team_b,score_home,score_away,margin,a_won,a_win_pct,a_ppg,a_papg,a_margin_avg,a_pts_std,a_margin_std,a_ypg,a_ypg_allowed,a_pass_ypg,a_pass_ypg_allowed,a_rush_ypg,a_rush_ypg_allowed,a_yards_std,a_ypc,a_ypc_allowed,a_ypa,a_ypa_allowed,a_comp_pct,a_comp_pct_allowed,a_first_downs_pg,a_first_downs_allowed_pg,a_third_pct,a_third_pct_allowed,a_giveaways_pg,a_takeaways_pg,a_to_margin_pg,a_pen_yds_pg,a_sos,b_win_pct,b_ppg,b_papg,b_margin_avg,b_pts_std,b_margin_std,b_ypg,b_ypg_allowed,b_pass_ypg,b_pass_ypg_allowed,b_rush_ypg,b_rush_ypg_allowed,b_yards_std,b_ypc,b_ypc_allowed,b_ypa,b_ypa_allowed,b_comp_pct,b_comp_pct_allowed,b_first_downs_pg,b_first_downs_allowed_pg,b_third_pct,b_third_pct_allowed,b_giveaways_pg,b_takeaways_pg,b_to_margin_pg,b_pen_yds_pg,b_sos,d_win_pct,d_ppg,d_papg,d_margin_avg,d_pts_std,d_margin_std,d_ypg,d_ypg_allowed,d_pass_ypg,d_pass_ypg_allowed,d_rush_ypg,d_rush_ypg_allowed,d_yards_std,d_ypc,d_ypc_allowed,d_ypa,d_ypa_allowed,d_comp_pct,d_comp_pct_allowed,d_first_downs_pg,d_first_downs_allowed_pg,d_third_pct,d_third_pct_allowed,d_giveaways_pg,d_takeaways_pg,d_to_margin_pg,d_pen_yds_pg,d_sos
2004,2004-12-14,North Texas,Southern Miss,10,31,-21,0,0.6363636363636364,27.181818181818183,29.727272727272727,-2.545454545454543,14.668457190980801,27.060538192591945,356.0,415.1818181818182,165.63636363636363,252.0909090909091,196.27272727272728,174.36363636363637,116.3468951025338,4.7765486725663715,4.419354838709677,8.281818181818181,7.4144385026737964,0.5636363636363636,0.6256684491978609,16.636363636363637,23.636363636363637,0.31756756756756754,0.38926174496644295,1.0,2.1818181818181817,1.1818181818181817,0.0,0.43526170798898073,0.5454545454545454,25.272727272727273,26.181818181818183,-0.9090909090909101,12.14982229574498,20.549717980812026,319.27272727272725,390.90909090909093,185.9090909090909,218.45454545454547,143.9090909090909,183.9090909090909,74.01498619751396,3.6141552511415527,4.62929061784897,6.370716510903427,7.2379518072289155,0.4797507788161994,0.5150602409638554,17.454545454545453,19.0,0.3393939393939394,0.31210191082802546,1.4545454545454546,2.0,0.5454545454545454,0.0,0.5041322314049587,0.09090909090909094,1.90909090909091,3.545454545454543,-1.6363636363636331,2.51863489523582,6.510820211779919,36.72727272727275,24.272727272727252,-20.27272727272728,33.636363636363626,52.363636363636374,-9.545454545454533,42.33190890501983,1.1623934214248188,-0.2099357791392933,1.9111016709147544,0.17648669544488094,0.08388558482016423,0.11060820823400552,-0.8181818181818166,4.636363636363637,-0.02182637182637187,0.07715983413841748,-0.4545454545454546,0.18181818181818166,0.6363636363636362,0.0,-0.06887052341597794
2004,2004-12-21,Georgia Tech,Syracuse,51,14,37,1,0.5454545454545454,19.363636363636363,19.363636363636363,0.0,8.617107719794703,17.504285189632853,331.1818181818182,301.72727272727275,198.0,212.54545454545453,151.0,111.72727272727273,79.70798979000558,3.836027713625866,3.286096256684492,6.680981595092025,6.567415730337078,0.4785276073619632,0.5421348314606742,18.454545454545453,15.636363636363637,0.2948717948717949,0.2792207792207792,2.5454545454545454,1.2727272727272727,-1.2727272727272727,0.0,0.5385674931129476,0.5454545454545454,24.818181818181817,26.636363636363637,-1.8181818181818201,16.042557039438456,22.529173006651543,343.2,414.2,169.6,257.0,185.9,166.9,99.1931897303887,4.534146341463415,4.246819338422392,6.922448979591837,7.6946107784431135,0.5673469387755102,0.6017964071856288,17.3,21.4,0.3237410071942446,0.35135135135135137,2.0,2.7,0.7000000000000002,0.0,0.5619834710743802,0.0,-5.454545454545453,-7.272727272727273,1.8181818181818201,-7.425449319643754,-5.024887817018691,-12.018181818181802,-112.47272727272724,28.400000000000006,-44.45454545454547,-34.900000000000006,-55.17272727272727,-19.48519994038311,-0.6981186278375486,-0.9607230817378998,-0.24146738449981253,-1.127195048106035,-0.08881933141354703,-0.05966157572495456,1.1545454545454525,-5.763636363636362,-0.02886921232244971,-0.07213057213057217,0.5454545454545454,-1.4272727272727275,-1.9727272727272729,0.0,-0.023415977961432577
2004,2004-12-22,Memphis,Bowling Green,35,52,-17,0,0.7272727272727273,35.90909090909091,29.363636363636363,6.545454545454543,13.419795419115342,19.841187647737403,464.7,391.6,244.8,269.1,223.2,136.8,107.94859887928146,5.314285714285714,3.498721227621483,7.221238938053097,7.732758620689655,0.5398230088495575,0.5574712643678161,22.8,21.4,0.45806451612903226,0.4076923076923077,1.5,1.7,0.19999999999999996,0.0,0.4132231404958677,0.7272727272727273,43.63636363636363,22.454545454545453,21.18181818181818,14.657917500605105,25.18260582949343,501.6363636363636,389.90909090909093,342.90909090909093,265.6363636363636,166.0,136.27272727272728,107.83994874560422,4.694087403598972,3.65609756097561,8.813084112149532,6.827102803738318,0.6705607476635514,0.544392523364486,25.818181818181817,22.454545454545453,0.4794520547945205,0.4025157232704403,0.7272727272727273,2.1818181818181817,1.4545454545454544,0.0,0.4152892561983471,0.0,-7.727272727272727,6.90909090909091,-14.636363636363637,-1.238122081489763,-5.341418181756026,-36.93636363636364,1.6909090909090878,-98.10909090909092,3.4636363636363967,57.19999999999999,0.5272727272727309,0.1086501336772443,0.6201983106867424,-0.1573763333541267,-1.5918451740964352,0.9056558169513371,-0.13073773881399398,0.013078741003330174,-3.018181818181816,-1.0545454545454547,-0.02138753866548826,0.005176584421867414,0.7727272727272727,-0.4818181818181817,-1.2545454545454544,0.0,-0.0020661157024793875
2004,2004-12-23,Cincinnati,Marshall,32,14,18,1,0.5454545454545454,28.363636363636363,27.818181818181817,0.5454545454545467,17.396969433051993,28.664834331855594,406.1818181818182,360.1818181818182,229.0,213.8181818181818,184.8181818181818,160.8181818181818,132.2360148989814,4.235416666666667,4.655263157894737,7.474777448071217,7.84,0.5756676557863502,0.5033333333333333,20.636363636363637,16.272727272727273,0.36363636363636365,0.31724137931034485,2.0,1.7272727272727273,-0.2727272727272727,0.0,0.5316804407713499,0.5454545454545454,25.181818181818183,21.272727272727273,3.90909090909091,12.031776110102628,14.535849101133003,338.54545454545456,328.8181818181818,230.9090909090909,245.1818181818182,123.45454545454545,105.81818181818181,126.36721381463123,3.554973821989529,2.9693877551020407,6.463104325699746,7.794797687861272,0.5954198473282443,0.5578034682080925,18.727272727272727,17.0,0.3515151515151515,0.23417721518987342,2.1818181818181817,2.4545454545454546,0.27272727272727293,0.0,0.465564738292011,0.0,3.18181818181818,6.545454545454543,-3.3636363636363633,5.365193322949365,14.128985230722591,67.63636363636363,31.363636363636374,-1.9090909090909065,-31.363636363636374,61.36363636363636,55.0,5.868801084350181,0.6804428446771378,1.6858754027926963,1.0116731223714712,0.04520231213872794,-0.019752191541894115,-0.05447013487475916,1.90909090909091,-0.7272727272727266,0.012121212121212144,0.08306416412047143,-0.18181818181818166,-0.7272727272727273,-0.5454545454545456,0.0,0.0661157024793389
2004,2004-12-23,UCLA,Wyoming,21,24,-3,0,0.5454545454545454,30.90909090909091,25.90909090909091,5.0,7.105695538855371,14.120906486483083,419.0,435.45454545454544,238.63636363636363,221.36363636363637,190.27272727272728,222.27272727272728,83.0963296421689,4.936320754716981,5.315217391304348,7.859281437125748,6.581081081081081,0.5718562874251497,0.5567567567567567,20.272727272727273,21.545454545454547,0.3950617283950617,0.3508771929824561,2.090909090909091,1.6363636363636365,-0.45454545454545436,0.0,0.5041322314049587,0.5454545454545454,26.727272727272727,25.09090909090909,1.6363636363636367,18.499140029152215,22.258808266718717,366.54545454545456,397.90909090909093,256.90909090909093,220.36363636363637,134.1818181818182,184.0,115.49836677318308,3.294642857142857,4.40958605664488,7.742465753424658,7.150442477876106,0.5863013698630137,0.528023598820059,21.181818181818183,21.727272727272727,0.37988826815642457,0.34965034965034963,1.9090909090909092,2.4545454545454546,0.5454545454545454,0.0,0.4462809917355372,0.0,4.181818181818183,0.8181818181818201,3.3636363636363633,-11.393444490296844,-8.137901780235634,52.45454545454544,37.545454545454504,-18.27272727272731,1.0,56.09090909090909,38.27272727272728,-32.40203713101418,1.6416778975741235,0.9056313346594678,0.1168156837010903,-0.5693613967950251,-0.01444508243786402,0.02873315793669773,-0.9090909090909101,-0.18181818181817988,0.015173460238637138,0.0012268433321064864,0.18181818181818166,-0.8181818181818181,-0.9999999999999998,0.0,0.05785123966942146
2004,2004-12-24,UAB,Hawaii,40,59,-19,0,0.6363636363636364,30.181818181818183,26.545454545454547,3.6363636363636367,15.38062535671539,19.30944187320145,370.7,398.7,241.6,265.9,144.9,149.9,144.6067848415911,3.9917355371900825,3.853470437017995,8.753623188405797,7.2650273224043715,0.532608695652174,0.592896174863388,19.6,20.8,0.33070866141732286,0.3710691823899371,1.4,1.4,0.0,0.0,0.4380165289256199,0.5833333333333334,34.0,38.25,-4.25,15.538807723070178,31.87511140800495,430.0,479.25,341.0,235.5,96.91666666666667,259.25,99.75515479959373,4.689516129032258,5.429319371727749,6.947368421052632,7.658536585365853,0.5755517826825127,0.5555555555555556,22.083333333333332,24.583333333333332,0.40993788819875776,0.42696629213483145,2.0833333333333335,1.9166666666666667,-0.16666666666666674,0.0,0.485479797979798,0.05303030303030298,-3.8181818181818166,-11.704545454545453,7.886363636363637,-0.15818236635478833,-12.5656695348035,-59.30000000000001,-80.55000000000001,-99.4,30.399999999999977,47.983333333333334,-109.35,44.85163004199737,-0.6977805918421756,-1.5758489347097537,1.806254767353165,-0.3935092629614818,-0.04294308703033878,0.03734061930783239,-2.4833333333333307,-3.7833333333333314,-0.0792292267814349,-0.05589710974489437,-0.6833333333333336,-0.5166666666666668,0.16666666666666674,0.0,-0.04746326905417814
2004,2004-12-27,Connecticut,Toledo,39,10,29,1,0.6363636363636364,29.454545454545453,22.727272727272727,6.727272727272727,14.292401032462225,21.5039108493823,432.6363636363636,331.6363636363636,295.3636363636364,201.1818181818182,147.45454545454547,142.8181818181818,107.01894479695895,4.158974358974359,3.8694581280788176,7.680851063829787,7.115755627009646,0.6430260047281324,0.5016077170418006,22.636363636363637,16.545454545454547,0.34591194968553457,0.3381294964028777,2.1818181818181817,1.5454545454545454,-0.6363636363636362,0.0,0.396694214876033,0.75,35.166666666666664,30.416666666666668,4.7499999999999964,14.471497587473191,26.32014437650371,474.4166666666667,419.1666666666667,316.75,292.0,168.08333333333334,141.08333333333334,106.43261490328759,4.133196721311475,3.7706013363028954,9.293398533007334,8.036697247706423,0.6992665036674817,0.573394495412844,23.333333333333332,21.583333333333332,0.39880952380952384,0.4124293785310734,2.0,2.0,0.0,0.0,0.43686868686868685,-0.11363636363636365,-5.712121212121211,-7.689393939393941,1.9772727272727302,-0.17909655501096644,-4.816233527121408,-41.78030303030306,-87.53030303030306,-21.386363636363626,-90.81818181818181,-20.628787878787875,1.7348484848484702,0.5863298936713619,0.02577763766288399,0.09885679177592221,-1.6125474691775468,-0.9209416206967767,-0.05624049893934924,-0.07178677837104341,-0.6969696969696955,-5.037878787878785,-0.052897574123989266,-0.07429988212819572,0.18181818181818166,-0.4545454545454546,-0.6363636363636362,0.0,-0.04017447199265384
2004,2004-12-27,Fresno State,Virginia,37,34,3,1,0.7272727272727273,40.45454545454545,19.272727272727273,21.18181818181818,18.0075741640213,23.060000788456975,399.72727272727275,331.72727272727275,180.0,188.0909090909091,228.0,155.8181818181818,135.005993132965,5.358974358974359,3.8088888888888888,7.615384615384615,6.2507552870090635,0.5846153846153846,0.5045317220543807,20.09090909090909,18.181818181818183,0.4714285714285714,0.35443037974683544,2.0,2.727272727272727,0.7272727272727271,0.0,0.40082644628099173,0.7272727272727273,29.90909090909091,15.909090909090908,14.000000000000002,16.640039335617843,23.85791273351464,423.54545454545456,300.27272727272725,191.54545454545453,212.27272727272728,241.27272727272728,109.18181818181819,95.44670097637072,5.163424124513619,3.2112299465240643,8.328063241106719,7.888513513513513,0.6363636363636364,0.6047297297297297,22.09090909090909,16.181818181818183,0.4594594594594595,0.2925170068027211,1.0909090909090908,1.4545454545454546,0.36363636363636376,0.0,0.5303030303030303,0.0,10.545454545454543,3.363636363636365,7.181818181818178,1.367534828403457,-0.7979119450576668,-23.818181818181813,31.454545454545496,-11.545454545454533,-24.181818181818187,-13.27272727272728,46.636363636363626,39.55929215659427,0.1955502344607396,0.5976589423648244,-0.7126786257221038,-1.6377582265044497,-0.051748251748251706,-0.10019800767534903,-2.0,2.0,0.011969111969111934,0.061913372944114364,0.9090909090909092,1.2727272727272725,0.3636363636363633,0.0,-0.12947658402203854
2004,2004-12-28,Iowa State,Miami (OH),17,13,4,1,0.5454545454545454,20.818181818181817,22.363636363636363,-1.5454545454545467,14.091260992673309,16.488563529693156,321.8181818181818,332.09090909090907,212.1818181818182,195.0,127.81818181818181,146.36363636363637,87.39658824212553,2.947589098532495,3.5462555066079293,7.226006191950464,6.919354838709677,0.5077399380804953,0.5580645161290323,19.181818181818183,17.181818181818183,0.3439153439153439,0.375,1.7272727272727273,2.3636363636363638,0.6363636363636365,0.0,0.48278236914600553,0.6666666666666666,32.833333333333336,23.416666666666668,9.416666666666668,11.830878960149029,23.208377536544603,408.0,332.9166666666667,297.8333333333333,245.16666666666666,125.08333333333333,108.83333333333333,86.90433611945743,3.5070093457943927,3.1021377672209027,8.591346153846153,7.6217616580310885,0.6177884615384616,0.5854922279792746,22.166666666666668,16.5,0.3875,0.3333333333333333,2.75,1.9166666666666667,-0.8333333333333333,0.0,0.4204545454545454,-0.12121212121212122,-12.01515151515152,-1.0530303030303045,-10.962121212121215,2.26038203252428,-6.719814006851447,-86.18181818181819,-0.8257575757576205,-85.65151515151513,-50.16666666666666,2.7348484848484844,37.530303030303045,0.4922521226681056,-0.5594202472618979,0.4441177393870266,-1.365339961895689,-0.7024068193214115,-0.11004852345796623,-0.027427711850242287,-2.9848484848484844,0.6818181818181834,-0.043584656084656115,0.041666666666666685,-1.0227272727272727,0.446969696969697,1.4696969696969697,0.0,0.062327823691460116
2004,2004-12-28,Oregon State,Notre Dame,38,21,17,1,0.5454545454545454,25.636363636363637,24.818181818181817,0.8181818181818201,12.027241805773485,20.247558775408862,379.6363636363636,316.72727272727275,326.45454545454544,211.63636363636363,75.27272727272727,122.63636363636364,57.817424237461026,2.3,3.4768041237113403,7.373716632443532,5.953964194373402,0.5318275154004107,0.4296675191815857,20.363636363636363,18.90909090909091,0.3279569892473118,0.25925925925925924,2.8181818181818183,3.0,0.18181818181818166,0.0,0.6115702479338844,0.5454545454545454,24.363636363636363,22.818181818181817,1.5454545454545467,9.080448527167889,18.222862762824267,351.8181818181818,368.6363636363636,230.0,290.09090909090907,133.63636363636363,94.36363636363636,87.26834269288972,3.442622950819672,2.7244094488188977,7.689969604863222,8.375328083989501,0.5379939209726444,0.5774278215223098,18.181818181818183,18.636363636363637,0.3592814371257485,0.3473053892215569,1.3636363636363635,1.9090909090909092,0.5454545454545456,0.0,0.6184573002754821,0.0,1.2727272727272734,2.0,-0.7272727272727266,2.946793278605597,2.024696012584595,27.818181818181813,-51.90909090909088,96.45454545454544,-78.45454545454544,-58.36363636363636,28.27272727272728,-29.450918455428692,-1.1426229508196721,0.7523946748924426,-0.3162529724196901,-2.4213638896160994,-0.006166405572233691,-0.14776030234072407,2.18181818181818,0.2727272727272734,-0.03132444787843669,-0.08804612996229766,1.4545454545454548,1.0909090909090908,-0.363636363636364,0.0,-0.006887052341597699
2004,2004-12-29,UTEP,Colorado,28,33,-5,0,0.7272727272727273,36.45454545454545,24.363636363636363,12.09090909090909,13.148107364663831,22.927950390100488,396.8181818181818,349.54545454545456,254.9090909090909,214.0909090909091,152.0909090909091,153.9090909090909,101.51238168993787,3.918032786885246,3.720879120879121,7.988603988603988,6.633802816901408,0.5897435897435898,0.504225352112676,20.0,19.454545454545453,0.34868421052631576,0.2980132450331126,2.4545454545454546,2.727272727272727,0.2727272727272725,0.0,0.45936639118457295,0.5833333333333334,22.583333333333332,25.333333333333332,-2.75,13.833150783753519,19.27846183981209,322.09090909090907,431.54545454545456,212.0,275.8181818181818,118.72727272727273,173.0909090909091,163.1885134103835,3.568306010928962,4.033898305084746,6.477777777777778,8.069148936170214,0.5805555555555556,0.5797872340425532,16.90909090909091,21.727272727272727,0.33544303797468356,0.4293193717277487,2.4545454545454546,2.090909090909091,-0.36363636363636376,0.0,0.5681818181818182,0.14393939393939392,13.871212121212121,-0.9696969696969688,14.84090909090909,-0.6850434190896877,3.6494885502883996,74.72727272727275,-82.0,42.90909090909091,-61.72727272727272,33.36363636363636,-19.181818181818187,-61.67613172044564,0.3497267759562841,-0.3130191842056247,1.5108262108262105,-1.4353461192688055,0.009188034188034155,-0.07556188192987712,3.09090909090909,-2.2727272727272734,0.013241172551632208,-0.1313061266946361,0.0,0.6363636363636362,0.6363636363636362,0.0,-0.10881542699724528
2004,2004-12-29,Ohio State,Oklahoma State,33,7,26,1,0.6363636363636364,23.363636363636363,19.272727272727273,4.09090909090909,8.686457589520913,15.122529850885039,313.3636363636364,336.1818181818182,186.45454545454547,221.0,139.1818181818182,128.72727272727272,116.31360430084928,3.837092731829574,3.420289855072464,7.247349823321555,6.154430379746835,0.5265017667844523,0.569620253164557,15.090909090909092,19.272727272727273,0.34615384615384615,0.37362637362637363,2.272727272727273,1.5454545454545454,-0.7272727272727275,0.0,0.5626721763085399,0.6363636363636364,34.54545454545455,24.363636363636363,10.181818181818183,13.018169121375223,23.137926362654806,389.09090909090907,395.45454545454544,151.63636363636363,236.72727272727272,245.0,170.0,66.07034818351504,4.778368794326241,4.583333333333333,10.048192771084338,7.3559322033898304,0.536144578313253,0.5932203389830508,19.09090909090909,19.818181818181817,0.3935483870967742,0.453416149068323,0.6363636363636364,2.5454545454545454,1.9090909090909092,0.0,0.5626721763085399,0.0,-11.181818181818183,-5.09090909090909,-6.0909090909090935,-4.33171153185431,-8.015396511769767,-75.72727272727269,-59.27272727272725,34.81818181818184,-15.72727272727272,-105.81818181818181,-41.27272727272728,50.24325611733424,-0.9412760624966667,-1.1630434782608692,-2.800842947762783,-1.201501823642995,-0.009642811528800754,-0.02360008581849382,-3.9999999999999982,-0.5454545454545432,-0.047394540942928054,-0.07978977544194937,1.6363636363636367,-1.0,-2.6363636363636367,0.0,0.0
2004,2004-12-30,Northern Illinois,Troy,34,21,13,1,0.7272727272727273,35.18181818181818,25.727272727272727,9.454545454545453,12.59220538125218,15.174739776112382,446.0,383.72727272727275,213.36363636363637,247.27272727272728,240.45454545454547,151.54545454545453,124.01048342781347,5.2272727272727275,3.9223529411764706,8.352313167259787,7.139107611548557,0.5693950177935944,0.6115485564304461,22.181818181818183,22.09090909090909,0.4050632911392405,0.474025974025974,1.0909090909090908,1.9090909090909092,0.8181818181818183,0.0,0.365702479338843,0.6363636363636364,24.09090909090909,15.090909090909092,8.999999999999998,14.348899229240866,15.74166446091391,283.45454545454544,306.6363636363636,137.54545454545453,237.9090909090909,167.0,90.72727272727273,66.63837278380022,3.9168443496801704,2.495,7.204761904761905,6.850785340314136,0.44285714285714284,0.5471204188481675,14.636363636363637,16.545454545454547,0.2847682119205298,0.3146067415730337,1.9090909090909092,3.090909090909091,1.1818181818181817,0.0,0.44834710743801653,0.09090909090909094,11.09090909090909,10.636363636363635,0.45454545454545503,-1.7566938479886858,-0.5669246848015277,162.54545454545456,77.09090909090912,75.81818181818184,9.363636363636374,73.45454545454547,60.8181818181818,57.37211064401325,1.3104283775925571,1.4273529411764705,1.147551262497882,0.28832227123442067,0.12653787493645152,0.06442813758227861,7.545454545454547,5.545454545454543,0.12029507921871069,0.15941923245294032,-0.8181818181818183,-1.1818181818181817,-0.3636363636363633,0.0,-0.08264462809917356
2004,2004-12-30,California,Texas Tech,31,45,-14,0,0.9090909090909091,37.27272727272727,13.363636363636363,23.90909090909091,11.52467708086356,16.410085590602787,494.72727272727275,295.8181818181818,244.72727272727272,234.45454545454547,260.0,83.0,67.27568789554054,6.085106382978723,2.6311239193083575,9.314878892733564,7.065753424657534,0.6747404844290658,0.4986301369863014,24.0,15.454545454545455,0.44776119402985076,0.3413173652694611,1.7272727272727273,1.9090909090909092,0.18181818181818188,0.0,0.4958677685950413,0.6363636363636364,35.36363636363637,25.727272727272727,9.63636363636364,18.693703363821346,24.828502682492665,482.09090909090907,347.0,403.90909090909093,184.0,93.36363636363636,171.54545454545453,70.16616641295796,3.775735294117647,4.193333333333333,7.517766497461929,5.9705014749262535,0.6548223350253807,0.504424778761062,26.272727272727273,19.818181818181817,0.4539877300613497,0.38285714285714284,2.272727272727273,1.8181818181818181,-0.4545454545454548,0.0,0.5454545454545454,0.2727272727272727,1.9090909090909065,-12.363636363636363,14.27272727272727,-7.169026282957786,-8.418417091889879,12.636363636363683,-51.18181818181819,-159.18181818181822,50.45454545454547,166.63636363636363,-88.54545454545453,-2.890478517417421,2.309371088861076,-1.5622094140249758,1.7971123952716344,1.0952519497312805,0.01991814940368508,-0.005794641774760578,-2.2727272727272734,-4.3636363636363615,-0.006226536031498919,-0.04153977758768174,-0.5454545454545456,0.09090909090909105,0.6363636363636367,0.0,-0.049586776859504134
2004,2004-12-30,Navy,New Mexico,34,19,15,1,0.8181818181818182,27.272727272727273,19.90909090909091,7.363636363636363,13.424536558785997,19.946291521346655,388.45454545454544,345.3636363636364,106.0909090909091,206.36363636363637,291.3636363636364,145.54545454545453,95.35131214237549,5.079239302694137,3.802850356294537,10.236842105263158,6.96319018404908,0.5263157894736842,0.6257668711656442,19.636363636363637,18.818181818181817,0.45454545454545453,0.37209302325581395,1.4545454545454546,1.4545454545454546,0.0,0.0,0.2699724517906336,0.6363636363636364,20.454545454545453,17.272727272727273,3.18181818181818,8.925958059095242,14.140849916593995,287.0,316.8181818181818,126.36363636363636,249.27272727272728,175.9090909090909,93.63636363636364,98.10198774744578,3.9979338842975207,2.54320987654321,5.914893617021277,7.06701030927835,0.4297872340425532,0.5541237113402062,15.454545454545455,19.636363636363637,0.29878048780487804,0.3888888888888889,1.5454545454545454,2.8181818181818183,1.272727272727273,0.0,0.4958677685950413,0.18181818181818188,6.81818181818182,2.6363636363636367,4.181818181818183,4.498578499690755,5.8054416047526605,101.45454545454544,28.54545454545456,-20.272727272727266,-42.90909090909091,115.45454545454547,51.90909090909089,-2.7506756050702847,1.081305418396616,1.2596404797513268,4.321948488241881,-0.10382012522927031,0.09652855543113098,0.07164315982543801,4.181818181818182,-0.8181818181818201,0.1557649667405765,-0.016795865633074947,-0.09090909090909083,-1.3636363636363638,-1.272727272727273,0.0,-0.22589531680440766
2004,2004-12-30,North Carolina,Boston College,24,37,-13,0,0.5454545454545454,26.818181818181817,31.363636363636363,-4.545454545454547,13.159165488876427,21.28550509790001,393.09090909090907,443.72727272727275,220.9090909090909,237.72727272727272,182.72727272727272,217.54545454545453,117.55803209092481,4.987593052109181,5.259340659340659,8.154362416107382,8.021472392638037,0.6006711409395973,0.6042944785276073,18.181818181818183,23.545454545454547,0.3971631205673759,0.3888888888888889,1.7272727272727273,1.4545454545454546,-0.2727272727272727,0.0,0.5881542699724518,0.7272727272727273,23.545454545454547,16.272727272727273,7.272727272727273,7.188374452734587,14.241424852105979,377.09090909090907,330.0,257.72727272727275,207.72727272727272,132.0909090909091,131.0,82.53054530954529,3.6054590570719602,3.531862745098039,7.250639386189258,6.436619718309859,0.5907928388746803,0.5859154929577465,19.90909090909091,17.363636363636363,0.3522727272727273,0.3625,2.0,2.0,0.0,0.0,0.42148760330578516,-0.18181818181818188,3.27272727272727,15.09090909090909,-11.81818181818182,5.97079103614184,7.0440802457940315,16.0,113.72727272727275,-36.81818181818184,30.0,50.636363636363626,86.54545454545453,35.02748678137952,1.3821339950372211,1.7274779142426202,0.9037230299181243,1.584852674328178,0.009878302064917022,0.01837898556986084,-1.7272727272727266,6.181818181818183,0.04489039329464861,0.026388888888888906,-0.2727272727272727,-0.5454545454545454,-0.2727272727272727,0.0,0.16666666666666663
2004,2004-12-31,Minnesota,Alabama,20,16,4,1,0.5454545454545454,31.0,23.363636363636363,7.636363636363637,15.11290838985005,25.12079906082897,446.27272727272725,408.72727272727275,196.63636363636363,277.54545454545456,255.0909090909091,140.63636363636363,121.3681102341887,5.612,3.838709677419355,8.44921875,7.356626506024097,0.48046875,0.6,20.181818181818183,21.90909090909091,0.36942675159235666,0.4716981132075472,0.9090909090909091,1.7272727272727273,0.8181818181818182,0.0,0.49035812672176315,0.5454545454545454,25.363636363636363,15.363636363636363,10.0,17.077896400158465,23.528705871764387,332.3636363636364,235.9090909090909,142.0909090909091,129.9090909090909,200.0,119.36363636363636,97.89205557885964,4.573804573804574,3.186893203883495,6.946666666666666,6.240174672489083,0.5511111111111111,0.4366812227074236,16.454545454545453,13.0,0.32,0.27692307692307694,1.8181818181818181,2.272727272727273,0.4545454545454548,0.0,0.47314049586776863,0.0,5.636363636363637,8.0,-2.3636363636363633,-1.9649880103084154,1.592093189064581,113.90909090909088,172.81818181818184,54.54545454545453,147.63636363636365,55.09090909090909,21.272727272727266,23.476054655329065,1.0381954261954265,0.65181647353586,1.5025520833333337,1.116451833535014,-0.07064236111111111,0.16331877729257638,3.72727272727273,8.90909090909091,0.049426751592356655,0.19477503628447024,-0.9090909090909091,-0.5454545454545456,0.3636363636363634,0.0,0.017217630853994526
2004,2004-12-31,Purdue,Arizona State,23,27,-4,0,0.6363636363636364,32.54545454545455,16.272727272727273,16.272727272727273,18.779582723605103,21.739783389403442,455.54545454545456,328.6363636363636,342.3636363636364,246.8181818181818,130.72727272727272,100.54545454545455,148.90692639119487,3.613065326633166,3.03013698630137,8.578587699316628,6.979434447300771,0.6241457858769932,0.5552699228791774,24.09090909090909,17.545454545454547,0.48255813953488375,0.3275862068965517,1.8181818181818181,1.3636363636363635,-0.4545454545454546,0.0,0.5247933884297521,0.7272727272727273,30.09090909090909,24.636363636363637,5.454545454545453,15.273863594091349,22.57593247847644,427.0,360.0,332.8181818181818,253.72727272727272,114.45454545454545,128.0909090909091,122.30699080592244,3.187341772151899,3.6035805626598467,8.0109409190372,7.138107416879795,0.5776805251641138,0.5421994884910486,21.636363636363637,18.727272727272727,0.39344262295081966,0.30120481927710846,2.272727272727273,2.4545454545454546,0.18181818181818166,0.0,0.5991735537190083,-0.09090909090909094,2.454545454545457,-8.363636363636363,10.81818181818182,3.5057191295137535,-0.8361490890729968,28.54545454545456,-31.363636363636374,9.545454545454561,-6.9090909090909065,16.272727272727266,-27.545454545454547,26.599935585272434,0.4257235544812672,-0.5734435763584766,0.5676467802794285,-0.15867296957902433,0.046465260712879375,0.013070434388128827,2.4545454545454533,-1.1818181818181799,0.08911551658406408,0.026381387619443253,-0.4545454545454548,-1.090909090909091,-0.6363636363636362,0.0,-0.07438016528925617
2004,2004-12-31,Louisville,Boise State,44,40,4,1,0.9090909090909091,50.27272727272727,17.818181818181817,32.45454545454545,13.267184396780719,18.832756762426666,536.7272727272727,307.90909090909093,302.45454545454544,214.63636363636363,243.27272727272728,110.9090909090909,66.57490654757378,5.528925619834711,3.202099737532808,10.143292682926829,6.669491525423729,0.7164634146341463,0.5084745762711864,26.727272727272727,17.0,0.4861111111111111,0.3081761006289308,1.0909090909090908,2.4545454545454546,1.3636363636363638,0.0,0.42148760330578516,1.0,49.72727272727273,24.0,25.727272727272727,12.923551439839661,21.859052628560594,511.6363636363636,339.09090909090907,286.0,271.90909090909093,242.72727272727272,83.45454545454545,80.47145174193481,4.78494623655914,2.8421052631578947,9.709876543209877,7.458852867830424,0.6358024691358025,0.5211970074812967,27.09090909090909,16.363636363636363,0.41333333333333333,0.37423312883435583,2.0,2.4545454545454546,0.4545454545454546,0.0,0.45385674931129477,-0.09090909090909094,0.5454545454545467,-6.181818181818183,6.727272727272727,0.34363295694105744,-3.0262958661339283,25.090909090909122,-31.18181818181813,16.45454545454544,-57.27272727272731,0.545454545454561,27.454545454545453,-13.896545194361039,0.7439793832755708,0.3599944743749135,0.43341613971695203,-0.7893613424066945,0.0806609454983438,-0.012722431210110297,-0.3636363636363633,0.6363636363636367,0.07277777777777777,-0.06605702820542503,-0.9090909090909092,0.0,0.9090909090909092,0.0,-0.03236914600550961
2004,2004-12-31,Florida,Miami (FL),10,27,-17,0,0.6363636363636364,33.81818181818182,20.545454545454547,13.272727272727273,12.536492187355934,17.315258641388574,428.8181818181818,351.8181818181818,281.09090909090907,219.27272727272728,156.9090909090909,145.1818181818182,78.0433446000595,4.602666666666667,3.7313084112149535,8.402173913043478,6.501347708894879,0.6086956521739131,0.555256064690027,21.09090909090909,20.272727272727273,0.4391891891891892,0.38857142857142857,1.7272727272727273,2.090909090909091,0.36363636363636354,0.0,0.506198347107438,0.7272727272727273,32.09090909090909,17.636363636363637,14.454545454545457,13.960333416179898,19.148700406887336,373.3636363636364,321.0,253.0909090909091,185.0909090909091,133.27272727272728,156.0,97.32859058598633,3.7979274611398965,3.8475336322869955,8.046242774566474,6.8552188552188555,0.5606936416184971,0.5084175084175084,18.09090909090909,17.545454545454547,0.3269230769230769,0.2891566265060241,1.1818181818181819,2.727272727272727,1.5454545454545452,0.0,0.5840220385674931,-0.09090909090909094,1.7272727272727266,2.90909090909091,-1.1818181818181834,-1.4238412288239637,-1.8334417654987618,55.45454545454544,30.818181818181813,27.99999999999997,34.18181818181819,23.636363636363626,-10.818181818181813,-19.285245985926835,0.8047392055267704,-0.11622522107204203,0.3559311384770041,-0.35387114632397676,0.048002010555415975,0.04683855627251854,3.0,2.7272727272727266,0.11226611226611227,0.09941480206540448,0.5454545454545454,-0.6363636363636362,-1.1818181818181817,0.0,-0.07782369146005508
2004,2005-01-01,West Virginia,Florida State,18,30,-12,0,0.7272727272727273,31.181818181818183,19.636363636363637,11.545454545454547,14.688895001450463,17.14271644963911,418.0,328.54545454545456,174.8181818181818,212.9090909090909,254.1818181818182,126.54545454545455,93.06771728155796,5.149171270718232,3.275294117647059,8.397379912663755,6.245333333333333,0.5938864628820961,0.552,19.90909090909091,19.454545454545453,0.3333333333333333,0.38922155688622756,1.6363636363636365,2.0,0.36363636363636354,0.0,0.4228650137741047,0.7272727272727273,24.727272727272727,13.727272727272727,11.0,11.082336478296526,14.08545348932721,364.72727272727275,270.6363636363636,233.54545454545453,224.0909090909091,149.36363636363637,69.0,124.04603251139545,3.930622009569378,2.045822102425876,6.9245283018867925,7.042857142857143,0.5363881401617251,0.5457142857142857,19.09090909090909,14.545454545454545,0.2147239263803681,0.24404761904761904,1.9090909090909092,2.4545454545454546,0.5454545454545454,0.0,0.5289256198347108,0.0,6.454545454545457,5.90909090909091,0.5454545454545467,3.6065585231539377,3.057262960311901,53.27272727272725,57.909090909090935,-58.72727272727272,-11.181818181818187,104.81818181818181,57.54545454545455,-30.97831522983749,1.218549261148854,1.2294720152211829,1.4728516107769627,-0.7975238095238097,0.05749832272037103,0.006285714285714339,0.8181818181818201,4.909090909090908,0.11860940695296521,0.14517393783860852,-0.2727272727272727,-0.4545454545454546,-0.18181818181818188,0.0,-0.10606060606060608
2004,2005-01-01,Wisconsin,Georgia,21,24,-3,0,0.8181818181818182,20.727272727272727,14.636363636363637,6.09090909090909,9.529857387085173,19.14917515432216,337.0,275.90909090909093,172.45454545454547,177.63636363636363,170.0909090909091,117.45454545454545,90.99670323698545,3.7645875251509056,3.6914285714285713,6.365771812080537,5.9573170731707314,0.5335570469798657,0.49085365853658536,19.272727272727273,15.454545454545455,0.4057142857142857,0.3006535947712418,1.7272727272727273,1.8181818181818181,0.09090909090909083,0.0,0.42217630853994487,0.8181818181818182,28.272727272727273,16.09090909090909,12.181818181818183,17.297924205469908,17.662492359903126,399.45454545454544,294.27272727272725,259.90909090909093,201.0909090909091,153.27272727272728,111.18181818181819,114.49747913064604,3.9577464788732395,3.16839378238342,8.878881987577639,7.39799331103679,0.5652173913043478,0.5618729096989966,19.454545454545453,16.0,0.39072847682119205,0.25190839694656486,1.5454545454545454,1.4545454545454546,-0.09090909090909083,0.0,0.5144628099173554,0.0,-7.545454545454547,-1.4545454545454533,-6.0909090909090935,-7.768066818384735,1.4866827944190355,-62.45454545454544,-18.363636363636317,-87.45454545454547,-23.454545454545467,16.818181818181813,6.272727272727266,-23.500775893660588,-0.19315895372233394,0.5230347890451514,-2.5131101754971024,-1.4406762378660583,-0.03166034432448206,-0.07101925116241126,-0.18181818181817988,-0.545454545454545,0.014985808893093644,0.048745197824676956,0.18181818181818188,0.36363636363636354,0.18181818181818166,0.0,-0.09228650137741051
2004,2005-01-01,Iowa,LSU,30,25,5,1,0.8181818181818182,23.818181818181817,16.90909090909091,6.9090909090909065,11.294407304663507,19.7152456005729,310.72727272727275,289.09090909090907,259.1818181818182,211.45454545454547,74.9090909090909,90.18181818181819,113.81747748838131,2.0651629072681703,2.7865168539325844,8.076487252124647,5.979434447300771,0.6203966005665722,0.5424164524421594,16.636363636363637,16.636363636363637,0.34285714285714286,0.3333333333333333,1.5454545454545454,3.090909090909091,1.5454545454545454,0.0,0.5668044077134986,0.8181818181818182,29.0,15.909090909090908,13.090909090909092,14.0071410359145,23.407069639126316,400.09090909090907,249.9090909090909,218.63636363636363,169.27272727272728,200.72727272727272,104.54545454545455,96.79716374507524,4.697872340425532,3.0183727034120733,8.46830985915493,6.206666666666667,0.5492957746478874,0.4666666666666667,21.0,12.909090909090908,0.38,0.2883435582822086,2.272727272727273,2.090909090909091,-0.1818181818181821,0.0,0.5206611570247934,0.0,-5.181818181818183,1.0000000000000018,-6.181818181818185,-2.712733731250994,-3.691824038553417,-89.36363636363632,39.18181818181816,40.54545454545456,42.18181818181819,-125.81818181818181,-14.36363636363636,17.020313743306076,-2.6327094331573613,-0.2318558494794889,-0.39182260703028327,-0.227232219365896,0.07110082591868483,0.07574978577549274,-4.363636363636363,3.7272727272727284,-0.037142857142857144,0.044989775051124725,-0.7272727272727275,1.0,1.7272727272727275,0.0,0.04614325068870517
2004,2005-01-01,Texas,Michigan,38,37,1,1,0.9090909090909091,35.0,16.181818181818183,18.818181818181817,18.116291011131388,20.06897198073774,466.27272727272725,317.1818181818182,171.27272727272728,223.0,302.3636363636364,105.81818181818181,130.62012931328076,5.845342706502636,3.1122994652406417,7.627530364372469,6.96875,0.5789473684210527,0.5539772727272727,23.454545454545453,16.181818181818183,0.4025974025974026,0.2608695652173913,1.5454545454545454,2.1818181818181817,0.6363636363636362,0.0,0.540633608815427,0.8181818181818182,30.272727272727273,21.90909090909091,8.363636363636363,9.920593823868701,13.93034620727516,389.6363636363636,326.45454545454544,250.0909090909091,217.8181818181818,156.1818181818182,121.45454545454545,77.54904606411704,3.8177777777777777,3.3908629441624365,7.2204724409448815,6.985422740524782,0.6036745406824147,0.5568513119533528,21.181818181818183,16.272727272727273,0.4111111111111111,0.28402366863905326,2.0,2.4545454545454546,0.4545454545454546,0.0,0.5158402203856749,0.09090909090909083,4.727272727272727,-5.727272727272727,10.454545454545453,8.195697187262686,6.138625773462579,76.63636363636363,-9.272727272727252,-78.81818181818181,5.181818181818187,146.1818181818182,-15.63636363636364,53.07108324916372,2.0275649287248587,-0.2785634789217948,0.40705792342758773,-0.016672740524781737,-0.024727172261362007,-0.002874039226080094,2.27272727272727,-0.09090909090908994,-0.008513708513708473,-0.023154103421661965,-0.4545454545454546,-0.27272727272727293,0.18181818181818166,0.0,0.024793388429752095
2004,2005-01-01,Utah,Pittsburgh,35,7,28,1,1.0,46.27272727272727,20.636363636363637,25.636363636363637,12.370051811459069,8.880008190004412,502.72727272727275,350.27272727272725,264.45454545454544,210.36363636363637,246.36363636363637,151.36363636363637,89.26263597843267,5.474747474747475,4.031476997578692,9.506535947712418,6.969879518072289,0.6601307189542484,0.5240963855421686,25.363636363636363,18.0,0.4755244755244755,0.3125,1.1818181818181819,2.6363636363636362,1.4545454545454544,0.0,0.42975206611570244,0.7272727272727273,28.90909090909091,23.0,5.90909090909091,10.949470721953144,13.33007535953601,366.0,388.90909090909093,282.6363636363636,260.54545454545456,105.0909090909091,140.27272727272728,87.64359645747089,2.7655502392344498,3.7634146341463413,8.31283422459893,6.906024096385543,0.5614973262032086,0.5445783132530121,19.363636363636363,20.0,0.3615819209039548,0.30864197530864196,1.1818181818181819,2.4545454545454546,1.2727272727272727,0.0,0.4462809917355372,0.2727272727272727,17.363636363636363,-2.3636363636363633,19.727272727272727,1.4205810895059248,-4.450067169531598,136.72727272727275,-38.63636363636368,-18.181818181818187,-50.18181818181819,141.27272727272728,11.090909090909093,1.6190395209617776,2.709197235513025,0.2680623634323509,1.193701723113488,0.06385542168674618,0.09863339275103977,-0.02048192771084345,6.0,-2.0,0.11394255462052072,0.003858024691358042,0.0,0.18181818181818166,0.18181818181818166,0.0,-0.016528925619834767
2004,2005-01-01,Texas A&M,Tennessee,7,38,-31,0,0.6363636363636364,30.363636363636363,23.09090909090909,7.272727272727273,7.87747075237639,16.906158103430293,438.45454545454544,378.8181818181818,275.54545454545456,262.3636363636364,175.45454545454547,133.54545454545453,78.86490174515357,4.639423076923077,3.440281030444965,8.91470588235294,6.987893462469733,0.5882352941176471,0.5883777239709443,20.454545454545453,21.727272727272727,0.37579617834394907,0.3956043956043956,0.7272727272727273,2.090909090909091,1.3636363636363635,0.0,0.6398071625344353,0.75,28.333333333333332,24.0,4.333333333333332,12.062966115974609,13.600356501566308,393.25,359.5833333333333,220.25,255.16666666666666,181.41666666666666,123.58333333333333,127.4142314015054,4.671673819742489,3.4249422632794455,7.660869565217391,8.057894736842105,0.553623188405797,0.6078947368421053,20.333333333333332,19.833333333333332,0.4012345679012346,0.38095238095238093,2.0,2.0,0.0,0.0,0.5416666666666666,-0.11363636363636365,2.030303030303031,-0.9090909090909101,2.9393939393939412,-4.185495363598219,3.305801601863985,45.20454545454544,19.2348484848485,55.29545454545456,7.196969696969717,-5.96212121212119,9.962121212121204,-48.54932965635183,-0.03225074281941254,0.015338767165519407,1.2538363171355495,-1.0700012743723715,0.03461210571185003,-0.01951701287116092,0.1212121212121211,1.8939393939393945,-0.0254383895572855,0.014652014652014655,-1.2727272727272727,0.09090909090909083,1.3636363636363635,0.0,0.09814049586776863
2004,2005-01-03,Auburn,Virginia Tech,16,13,3,1,1.0,33.416666666666664,11.166666666666666,22.25,11.090194959621957,12.211209455399427,430.8333333333333,269.5,251.5,178.91666666666666,189.41666666666666,106.5,96.07083876289444,4.456862745098039,3.268542199488491,10.335616438356164,6.525835866261398,0.684931506849315,0.5440729483282675,21.5,14.0,0.43661971830985913,0.28187919463087246,1.75,2.3333333333333335,0.5833333333333335,0.0,0.49242424242424243,0.8333333333333334,32.25,12.583333333333334,19.666666666666664,18.660239694455843,24.849852142722128,364.75,265.4166666666667,196.83333333333334,158.91666666666666,186.75,115.66666666666667,85.77891773199711,4.228301886792453,3.3126491646778042,8.405693950177936,6.034810126582278,0.5622775800711743,0.5348101265822784,20.0,13.583333333333334,0.3710691823899371,0.2875816993464052,1.6666666666666667,2.75,1.0833333333333333,0.0,0.48484848484848486,0.16666666666666663,1.1666666666666643,-1.4166666666666679,2.5833333333333357,-7.5700447348338855,-12.638642687322701,66.08333333333331,4.083333333333314,54.66666666666666,20.0,2.666666666666657,-9.166666666666671,10.291921030897328,0.22856085830558648,-0.04410696518931312,1.929922488178228,0.4910257396791202,0.12265392677814069,0.009262821745989025,1.5,0.4166666666666661,0.06555053591992205,-0.005702504715532741,0.08333333333333326,-0.4166666666666665,-0.4999999999999998,0.0,0.007575757575757569
2004,2005-01-04,Oklahoma,USC,19,55,-36,0,1.0,36.083333333333336,13.666666666666666,22.41666666666667,11.95794398056891,14.349268801981344,469.5833333333333,280.1666666666667,259.0,214.58333333333334,215.08333333333334,86.41666666666667,59.34867438717693,4.916190476190476,2.772727272727273,8.4,6.866666666666666,0.6594594594594595,0.5466666666666666,24.25,15.333333333333334,0.5027322404371585,0.35119047619047616,1.0833333333333333,2.1666666666666665,1.0833333333333333,0.0,0.5258838383838383,1.0,36.75,12.5,24.25,9.3626433718844,16.43789966676234,442.75,272.75,279.5,222.08333333333334,176.08333333333334,76.5,98.6298175456637,4.544086021505376,2.6005665722379603,8.51269035532995,6.315165876777251,0.6700507614213198,0.5260663507109005,22.75,15.083333333333334,0.4166666666666667,0.2658959537572254,1.5833333333333333,3.1666666666666665,1.5833333333333333,0.0,0.5088383838383838,0.0,-0.6666666666666643,1.166666666666666,-1.8333333333333286,2.595300608684509,-2.0886308647809972,26.833333333333314,7.416666666666686,-20.5,-7.5,39.0,9.916666666666671,-39.28114315848677,0.37210445468509956,0.17216070048931265,-0.1126903553299492,0.5515007898894151,-0.010591301961860311,0.02060031595576617,1.5,0.25,0.08606557377049179,0.08529452243325075,-0.5,-1.0,-0.5,0.0,0.017045454545454586
2005,2005-12-20,Arkansas State,Southern Miss,19,31,-12,0,0.5454545454545454,25.0,24.727272727272727,0.2727272727272734,21.109239683134017,27.092769917787695,373.54545454545456,372.8181818181818,188.8181818181818,194.9090909090909,199.9090909090909,186.72727272727272,87.65427957192237,4.98639455782313,4.288100208768268,7.417857142857143,6.98371335504886,0.5428571428571428,0.5732899022801303,18.454545454545453,19.545454545454547,0.35947712418300654,0.3509933774834437,1.6363636363636365,2.1818181818181817,0.5454545454545452,0.0,0.34710743801652894,0.5454545454545454,29.454545454545453,23.0,6.454545454545453,11.860553413425837,15.141754431793142,349.3636363636364,399.72727272727275,256.45454545454544,247.45454545454547,104.0,164.63636363636363,105.40898702413635,3.1866295264623954,3.9977924944812364,7.482758620689655,7.754985754985755,0.5490716180371353,0.5783475783475783,18.454545454545453,21.90909090909091,0.3888888888888889,0.36423841059602646,1.6363636363636365,2.8181818181818183,1.1818181818181819,0.0,0.4765840220385675,0.0,-4.454545454545453,1.7272727272727266,-6.18181818181818,9.24868626970818,11.951015485994553,24.181818181818187,-26.909090909090935,-67.63636363636363,-52.54545454545456,95.9090909090909,22.090909090909093,-17.754707452213978,1.7997650313607343,0.29030771428703117,-0.0649014778325121,-0.7712723999368949,-0.006214475179992518,-0.005057676067448003,0.0,-2.3636363636363633,-0.02941176470588236,-0.013245033112582738,0.0,-0.6363636363636367,-0.6363636363636367,0.0,-0.12947658402203854
2005,2005-12-21,UTEP,Toledo,13,45,-32,0,0.7272727272727273,33.54545454545455,24.181818181818183,9.363636363636363,9.740263203462588,17.895657167439968,431.6,359.2,321.5,215.0,124.9,157.1,94.01441969778416,3.8549382716049383,3.7583732057416266,8.808219178082192,6.160458452722063,0.5972602739726027,0.5616045845272206,22.4,19.5,0.362962962962963,0.3333333333333333,3.1,1.8,-1.3,8.5,0.349862258953168,0.7272727272727273,34.90909090909091,22.545454545454547,12.36363636363636,15.648990673232223,23.074976607887287,445.1818181818182,322.45454545454544,232.27272727272728,205.0909090909091,221.63636363636363,131.27272727272728,102.63607375754218,5.405764966740577,3.565432098765432,7.384393063583815,6.501440922190202,0.6416184971098265,0.5706051873198847,23.636363636363637,17.545454545454547,0.432258064516129,0.35714285714285715,1.5454545454545454,2.090909090909091,0.5454545454545454,0.0,0.378099173553719,0.0,-1.3636363636363598,1.6363636363636367,-2.9999999999999964,-5.9087274697696355,-5.179319440447319,-13.581818181818164,36.74545454545455,89.22727272727272,9.909090909090907,-96.73636363636362,25.827272727272714,-8.621654059758015,-1.5508266951356386,0.19294110697619438,1.423826114498377,-0.34098246946813937,-0.04435822313722382,-0.009000602792664125,-1.236363636363638,1.9545454545454533,-0.06929510155316604,-0.023809523809523836,1.5545454545454547,-0.2909090909090908,-1.8454545454545455,8.5,-0.028236914600551
2005,2005-12-22,California,BYU,35,28,7,1,0.6363636363636364,32.72727272727273,20.545454545454547,12.18181818181818,13.107943462579545,21.094161191278413,424.1818181818182,351.72727272727275,199.72727272727272,246.54545454545453,234.72727272727272,121.45454545454545,115.16667763013587,5.868181818181818,3.3316708229426433,7.37248322147651,6.746268656716418,0.5067114093959731,0.5472636815920398,20.454545454545453,18.272727272727273,0.34306569343065696,0.3488372093023256,2.5454545454545454,1.8181818181818181,-0.7272727272727273,0.0,0.42148760330578516,0.5454545454545454,33.45454545454545,28.727272727272727,4.727272727272727,18.457321779519564,22.050355593916887,463.90909090909093,412.3636363636364,319.54545454545456,283.54545454545456,157.63636363636363,139.27272727272728,109.84575963181696,4.434782608695652,4.063660477453581,7.591792656587473,8.038659793814434,0.6414686825053996,0.6262886597938144,25.363636363636363,21.363636363636363,0.40625,0.4105960264900662,1.6363636363636365,2.0,0.36363636363636354,0.0,0.49242424242424243,0.09090909090909094,-0.7272727272727266,-8.18181818181818,7.454545454545453,-5.349378316940019,-0.9561944026384737,-39.72727272727275,-60.636363636363626,-119.81818181818184,-37.00000000000003,77.0909090909091,-17.818181818181827,5.3209179983189046,1.4333992094861658,-0.7319896545109379,-0.21930943511096324,-1.292391137098016,-0.13475727310942642,-0.07902497820177468,-4.90909090909091,-3.09090909090909,-0.06318430656934304,-0.06175881718774062,0.909090909090909,-0.18181818181818188,-1.0909090909090908,0.0,-0.07093663911845727
2005,2005-12-22,Navy,Colorado State,51,30,21,1,0.6363636363636364,32.63636363636363,25.727272727272727,6.9090909090909065,9.84147069571136,16.464838568625844,419.90909090909093,359.6363636363636,125.63636363636364,220.27272727272728,305.90909090909093,155.8181818181818,78.50535592614628,5.580431177446103,3.7836644591611477,10.161764705882353,7.501547987616099,0.47058823529411764,0.6191950464396285,20.90909090909091,21.272727272727273,0.43537414965986393,0.40764331210191085,1.8181818181818181,1.6363636363636365,-0.18181818181818166,0.0,0.32231404958677684,0.5454545454545454,26.454545454545453,28.90909090909091,-2.454545454545457,12.596536320462356,17.767181185340775,393.09090909090907,412.27272727272725,289.6363636363636,222.54545454545453,119.9090909090909,200.63636363636363,91.98201405215538,3.417098445595855,4.818777292576419,8.776859504132231,8.298305084745763,0.6060606060606061,0.5932203389830508,19.545454545454547,21.0,0.38461538461538464,0.36054421768707484,2.0,2.272727272727273,0.27272727272727293,0.0,0.5289256198347108,0.09090909090909094,6.18181818181818,-3.1818181818181834,9.363636363636363,-2.755065624750996,-1.302342616714931,26.81818181818187,-52.636363636363626,-164.0,-2.272727272727252,186.00000000000003,-44.81818181818181,-13.476658126009099,2.163332731850248,-1.0351128334152713,1.3849052017501222,-0.7967570971296647,-0.13547237076648844,0.025974707456577706,1.3636363636363633,0.2727272727272734,0.05075876504447929,0.04709909441483601,-0.18181818181818188,-0.6363636363636365,-0.4545454545454546,0.0,-0.20661157024793392
2005,2005-12-23,Houston,Kansas,13,42,-29,0,0.5454545454545454,29.454545454545453,25.636363636363637,3.8181818181818166,5.9558985277393095,12.929177714133113,458.1,397.3,288.4,226.3,184.4,179.9,41.8341965382389,4.4326923076923075,4.672727272727273,8.48235294117647,6.356741573033708,0.611764705882353,0.5224719101123596,22.5,19.5,0.3973509933774834,0.3776223776223776,2.2,2.2,0.0,16.4,0.46005509641873277,0.5454545454545454,20.636363636363637,22.818181818181817,-2.18181818181818,12.979004023982172,24.81458515397016,310.72727272727275,308.6363636363636,195.0,239.54545454545453,128.1818181818182,88.0909090909091,98.00009276433458,3.6528497409326426,2.4846153846153847,5.892857142857143,7.007978723404255,0.521978021978022,0.5797872340425532,16.272727272727273,15.636363636363637,0.3254437869822485,0.2875816993464052,2.5454545454545454,1.7272727272727273,-0.8181818181818181,0.0,0.5571625344352618,0.0,8.818181818181817,2.81818181818182,5.9999999999999964,-7.023105496242863,-11.885407439837048,147.37272727272727,88.66363636363639,93.39999999999998,-13.245454545454521,56.21818181818182,91.80909090909091,-56.16589622609568,0.7798425667596649,2.188111888111888,2.5894957983193274,-0.6512371503705472,0.08978668390433098,-0.05731532393019356,6.227272727272727,3.8636363636363633,0.0719072063952349,0.0900406782759724,-0.34545454545454524,0.4727272727272729,0.8181818181818181,16.4,-0.09710743801652899
2005,2005-12-24,UCF,Nevada,48,49,-1,0,0.6666666666666666,27.083333333333332,27.0,0.08333333333333215,7.166314297186567,13.138827492542395,388.5,403.5833333333333,250.5,255.08333333333334,159.83333333333334,163.08333333333334,84.81369957951155,3.7387914230019494,4.593896713615023,8.396648044692737,7.909560723514212,0.5977653631284916,0.5839793281653747,20.583333333333332,20.833333333333332,0.3783783783783784,0.3630573248407643,1.9166666666666667,2.8333333333333335,0.9166666666666667,0.0,0.4646464646464646,0.7272727272727273,32.81818181818182,30.454545454545453,2.363636363636367,13.855094238713656,24.491928169389716,433.54545454545456,397.45454545454544,266.54545454545456,281.0,184.0909090909091,131.0,66.20628918216703,4.175257731958763,4.152737752161383,7.839572192513369,7.689054726368159,0.606951871657754,0.5621890547263682,24.545454545454547,20.636363636363637,0.4556213017751479,0.3197278911564626,2.0,2.1818181818181817,0.18181818181818166,0.0,0.38980716253443526,-0.06060606060606066,-5.734848484848488,-3.4545454545454533,-2.2803030303030347,-6.688779941527089,-11.35310067684732,-45.04545454545456,6.128787878787875,-16.04545454545456,-25.916666666666657,-24.25757575757575,32.08333333333334,18.607410397344523,-0.4364663089568137,0.44115896145364,0.5570758521793682,0.220505997146053,-0.009186508529262394,0.021790273439006524,-3.9621212121212146,0.19696969696969546,-0.07724292339676953,0.0433294336843017,-0.08333333333333326,0.6515151515151518,0.7348484848484851,0.0,0.07483930211202933
2005,2005-12-26,Akron,Memphis,31,38,-7,0,0.5833333333333334,23.0,23.333333333333332,-0.33333333333333215,12.015141961859475,18.85993026755321,374.5,325.1666666666667,270.9166666666667,196.16666666666666,112.33333333333333,143.41666666666666,107.02548549506581,3.3784461152882206,3.6617021276595745,6.744813278008299,6.706552706552706,0.5186721991701245,0.5897435897435898,18.916666666666668,16.916666666666668,0.3128205128205128,0.33152173913043476,2.0833333333333335,1.25,-0.8333333333333335,0.0,0.4154040404040404,0.5454545454545454,26.181818181818183,22.272727272727273,3.90909090909091,13.481974497959724,18.63037597824878,387.1818181818182,396.6363636363636,132.0909090909091,273.45454545454544,260.8181818181818,132.72727272727272,105.41993946291012,5.3228200371057515,3.686868686868687,6.457777777777777,8.086021505376344,0.5688888888888889,0.5456989247311828,19.454545454545453,20.90909090909091,0.3223684210526316,0.35374149659863946,1.2727272727272727,2.1818181818181817,0.909090909090909,0.0,0.46831955922865015,0.037878787878787956,-3.1818181818181834,1.0606060606060588,-4.242424242424242,-1.4668325361002488,0.22955428930443134,-12.681818181818187,-71.46969696969694,138.8257575757576,-77.28787878787878,-148.4848484848485,10.689393939393938,1.6055460321556865,-1.9443739218175309,-0.02516655920911237,0.2870355002305214,-1.3794687988236376,-0.05021668971876436,0.044044665012407,-0.5378787878787854,-3.992424242424242,-0.009547908232118762,-0.022219757468204704,0.8106060606060608,-0.9318181818181817,-1.7424242424242424,0.0,-0.052915518824609764
2005,2005-12-27,Rutgers,Arizona State,40,45,-5,0,0.6363636363636364,27.636363636363637,23.818181818181817,3.81818181818182,11.474081464524533,24.313856879640394,384.8181818181818,344.45454545454544,232.0,243.1818181818182,162.63636363636363,125.81818181818181,117.76656416981704,4.239336492890995,3.1598173515981736,8.0,7.451253481894151,0.5705329153605015,0.6072423398328691,19.454545454545453,20.454545454545453,0.34868421052631576,0.3515151515151515,2.0,1.8181818181818181,-0.18181818181818188,0.0,0.4132231404958677,0.5454545454545454,36.09090909090909,29.0,7.0909090909090935,13.367531899752812,20.11693090635122,504.54545454545456,463.0,384.3636363636364,294.6363636363636,139.63636363636363,181.72727272727272,117.9367318831276,3.8208955223880596,4.336225596529284,9.231441048034934,8.642666666666667,0.631004366812227,0.592,25.545454545454547,23.818181818181817,0.46296296296296297,0.39622641509433965,1.7272727272727273,2.3636363636363638,0.6363636363636365,0.0,0.5385674931129476,0.09090909090909094,-8.454545454545457,-5.181818181818183,-3.2727272727272734,-1.8934504352282797,4.196925973289172,-119.72727272727275,-118.54545454545456,-152.36363636363637,-51.45454545454544,23.0,-55.90909090909091,-0.1701677133105619,0.4184409705029357,-1.1764082449311108,-1.2314410480349345,-1.1914131847725162,-0.0604714514517255,0.015242339832869156,-6.0909090909090935,-3.3636363636363633,-0.1142787524366472,-0.04471126357918814,0.2727272727272727,-0.5454545454545456,-0.8181818181818183,0.0,-0.12534435261707988
2005,2005-12-27,Colorado,Clemson,10,19,-9,0,0.5833333333333334,24.583333333333332,24.0,0.5833333333333321,15.911450041534316,32.15433897861244,349.5,347.8333333333333,244.41666666666666,267.4166666666667,117.08333333333333,95.25,106.13070843411569,3.5125,2.7085308056872037,6.836829836829837,7.052747252747253,0.5920745920745921,0.5736263736263736,19.333333333333332,19.25,0.33707865168539325,0.3299492385786802,1.8333333333333333,1.8333333333333333,0.0,0.0,0.5833333333333334,0.6363636363636364,27.0,18.272727272727273,8.727272727272727,11.806777714516352,13.711972207460962,384.54545454545456,331.0,245.27272727272728,212.27272727272728,151.1818181818182,130.1818181818182,83.60665480254981,4.016908212560386,3.571072319201995,7.77521613832853,6.671428571428572,0.654178674351585,0.5714285714285714,21.272727272727273,17.636363636363637,0.36486486486486486,0.35714285714285715,1.4545454545454546,2.272727272727273,0.8181818181818183,1.3636363636363635,0.49035812672176304,-0.05303030303030298,-2.416666666666668,5.727272727272727,-8.143939393939394,4.104672327017964,18.442366771151477,-35.04545454545456,16.833333333333314,-0.8560606060606233,55.143939393939405,-34.09848484848486,-34.93181818181819,22.524053631565877,-0.5044082125603859,-0.8625415135147914,-0.9383863014986931,0.38131868131868085,-0.062104082276992933,0.00219780219780219,-1.9393939393939412,1.6136363636363633,-0.02778621317947161,-0.027193618564176958,0.3787878787878787,-0.43939393939393967,-0.8181818181818183,-1.3636363636363635,0.09297520661157033
2005,2005-12-28,Boston College,Boise State,27,21,6,1,0.7272727272727273,25.727272727272727,15.454545454545455,10.272727272727272,11.000826415237258,18.017163534202098,388.1818181818182,307.27272727272725,248.54545454545453,226.27272727272728,146.63636363636363,95.18181818181819,87.60572833076408,3.9729064039408866,2.66412213740458,7.1947368421052635,6.464935064935065,0.6342105263157894,0.6155844155844156,21.272727272727273,18.545454545454547,0.4140127388535032,0.32386363636363635,2.0,1.4545454545454546,-0.5454545454545454,0.0,0.5247933884297521,0.75,37.333333333333336,24.166666666666668,13.166666666666668,18.36168606505174,24.307998434235344,430.3333333333333,368.5833333333333,224.66666666666666,280.0833333333333,215.75,106.33333333333333,79.02972206516334,4.857410881801126,3.375661375661376,7.724928366762177,7.181623931623932,0.5816618911174785,0.5491452991452992,22.833333333333332,18.833333333333332,0.43103448275862066,0.3254437869822485,2.6666666666666665,2.3333333333333335,-0.33333333333333304,0.0,0.41729797979797983,-0.022727272727272707,-11.606060606060609,-8.712121212121213,-2.8939393939393963,-7.360859649814481,-6.290834900033246,-42.15151515151513,-61.31060606060606,23.878787878787875,-53.810606060606034,-69.11363636363637,-11.151515151515142,8.57600626560074,-0.8845044778602396,-0.7115392382567958,-0.5301915246569138,-0.7166888666888669,0.05254863519831099,0.06643911643911637,-1.5606060606060588,-0.2878787878787854,-0.01702174390511746,-0.0015801506186121639,-0.6666666666666665,-0.8787878787878789,-0.21212121212121238,0.0,0.10749540863177226
2005,2005-12-28,Nebraska,Michigan,32,28,4,1,0.6363636363636364,24.0,20.363636363636363,3.6363636363636367,7.238784428341543,16.72885368023002,320.54545454545456,326.0,250.63636363636363,222.9090909090909,91.0,123.72727272727273,101.19027980627749,2.6135770234986944,3.26378896882494,6.675544794188862,6.591397849462366,0.5447941888619855,0.5134408602150538,18.636363636363637,17.636363636363637,0.3072289156626506,0.27011494252873564,2.1818181818181817,1.8181818181818181,-0.36363636363636354,0.0,0.4993112947658402,0.6363636363636364,28.818181818181817,19.272727272727273,9.545454545454543,12.262285119978102,18.35409292971808,382.8181818181818,347.6363636363636,228.0,226.0909090909091,164.45454545454547,136.0909090909091,80.04351089478544,3.9584245076586435,3.8091603053435112,6.852459016393443,6.908333333333333,0.592896174863388,0.5805555555555556,21.454545454545453,18.818181818181817,0.39766081871345027,0.34868421052631576,1.5454545454545454,2.1818181818181817,0.6363636363636362,0.0,0.6336088154269972,0.0,-4.818181818181817,1.09090909090909,-5.9090909090909065,-5.02350069163656,-1.625239249488061,-62.27272727272725,-21.636363636363626,22.636363636363626,-3.181818181818187,-73.45454545454547,-12.36363636363636,21.146768911492046,-1.3448474841599491,-0.5453713365185711,-0.17691422220458097,-0.31693548387096726,-0.048101986001402475,-0.06711469534050185,-2.8181818181818166,-1.1818181818181799,-0.09043190305079968,-0.07856926799758013,0.6363636363636362,-0.36363636363636354,-0.9999999999999998,0.0,-0.13429752066115702
2005,2005-12-29,Utah,Georgia Tech,38,10,28,1,0.5454545454545454,29.272727272727273,25.363636363636363,3.90909090909091,10.344959246811069,13.389955529833141,466.0,372.8181818181818,302.3636363636364,235.63636363636363,179.36363636363637,152.27272727272728,78.85302784294339,4.298474945533769,4.0264423076923075,8.916890080428955,7.301408450704225,0.6112600536193029,0.5521126760563381,22.09090909090909,19.545454545454547,0.37572254335260113,0.3795180722891566,2.272727272727273,1.9090909090909092,-0.36363636363636376,0.0,0.4428374655647383,0.6363636363636364,19.272727272727273,18.454545454545453,0.8181818181818201,9.798886764228977,17.99898987064653,345.72727272727275,296.3636363636364,195.54545454545453,220.54545454545453,156.1818181818182,98.0,75.26498642674548,4.023419203747072,2.8823529411764706,5.645669291338582,7.093567251461988,0.46981627296587924,0.5116959064327485,20.0,15.363636363636363,0.34444444444444444,0.2721518987341772,1.5454545454545454,2.727272727272727,1.1818181818181817,0.0,0.5812672176308541,-0.09090909090909094,10.0,6.90909090909091,3.09090909090909,0.5460724825820922,-4.609034340813388,120.27272727272725,76.45454545454544,106.81818181818184,15.090909090909093,23.181818181818187,54.27272727272728,3.5880414161979104,0.275055741786697,1.144089366515837,3.271220789090372,0.2078411992422371,0.14144378065342367,0.04041676962358953,2.09090909090909,4.181818181818183,0.03127809890815669,0.1073661735549794,0.7272727272727275,-0.8181818181818179,-1.5454545454545454,0.0,-0.1384297520661158
2005,2005-12-29,Oklahoma,Oregon,17,14,3,1,0.6363636363636364,27.818181818181817,23.90909090909091,3.9090909090909065,11.443934479174388,17.82388591443822,354.54545454545456,304.8181818181818,188.63636363636363,237.0,181.63636363636363,91.18181818181819,121.86333627171355,4.111111111111111,2.786111111111111,6.781045751633987,6.616751269035533,0.5294117647058824,0.5253807106598984,19.363636363636363,17.181818181818183,0.3390804597701149,0.2883435582822086,2.3636363636363638,2.272727272727273,-0.09090909090909083,0.0,0.6473829201101928,0.9090909090909091,36.36363636363637,23.727272727272727,12.63636363636364,11.715568507526447,19.443624802349625,444.77777777777777,327.3333333333333,316.3333333333333,211.66666666666666,135.55555555555554,132.33333333333334,119.44536175358357,3.8006230529595015,3.943708609271523,7.908333333333333,5.652818991097923,0.6166666666666667,0.5341246290801187,22.11111111111111,17.77777777777778,0.4125874125874126,0.3333333333333333,1.6666666666666667,3.111111111111111,1.4444444444444444,0.0,0.465564738292011,-0.2727272727272727,-8.54545454545455,0.18181818181818343,-8.727272727272734,-0.2716340283520591,-1.6197388879114065,-90.23232323232321,-22.5151515151515,-127.69696969696969,25.333333333333343,46.08080808080808,-41.151515151515156,2.4179745181299808,0.3104880581516092,-1.157597498160412,-1.1272875816993464,0.9639322779376105,-0.08725490196078434,-0.008743918420220265,-2.7474747474747474,-0.5959595959595951,-0.07350695281729769,-0.044989775051124725,0.696969696969697,-0.8383838383838382,-1.5353535353535352,0.0,0.18181818181818182
2005,2005-12-30,Minnesota,Virginia,31,34,-3,0,0.6363636363636364,36.18181818181818,28.545454545454547,7.636363636363633,11.694598597798745,23.623178140431175,497.8181818181818,407.6363636363636,220.54545454545453,254.45454545454547,279.90909090909093,160.36363636363637,92.9922772942121,5.5080500894454385,4.432160804020101,8.223728813559323,7.424403183023872,0.5661016949152542,0.5490716180371353,24.181818181818183,21.0,0.4909090909090909,0.42011834319526625,1.3636363636363635,1.2727272727272727,-0.09090909090909083,0.0,0.5833333333333334,0.5454545454545454,26.0,22.545454545454547,3.4545454545454533,12.617448236470002,22.778778002182804,356.54545454545456,366.1818181818182,226.72727272727272,228.0909090909091,145.72727272727272,146.9090909090909,78.20532416193112,3.816666666666667,3.9901234567901236,7.557575757575758,6.708556149732621,0.6,0.6203208556149733,19.545454545454547,20.454545454545453,0.4121212121212121,0.4,1.5454545454545454,2.0,0.4545454545454546,5.2727272727272725,0.49173553719008267,0.09090909090909094,10.18181818181818,6.0,4.18181818181818,-0.9228496386712575,0.8444001382483712,141.27272727272725,41.45454545454544,-6.181818181818187,26.363636363636374,134.18181818181822,13.454545454545467,14.786953132280985,1.6913834227787716,0.44203734722997723,0.6661530559835649,0.7158470332912517,-0.03389830508474578,-0.07124923757783796,4.636363636363637,0.5454545454545467,0.0787878787878788,0.02011834319526623,-0.18181818181818188,-0.7272727272727273,-0.5454545454545454,-5.2727272727272725,0.0915977961432507
2005,2005-12-30,Missouri,South Carolina,38,31,7,1,0.5454545454545454,30.09090909090909,29.0,1.09090909090909,14.341928360262754,20.77235925673608,423.0,364.72727272727275,231.36363636363637,233.0909090909091,205.45454545454547,152.1818181818182,140.38233507104803,4.788135593220339,3.7873303167420813,5.974178403755869,7.346704871060172,0.596244131455399,0.5702005730659025,23.636363636363637,20.181818181818183,0.418848167539267,0.3148148148148148,2.3636363636363638,2.090909090909091,-0.27272727272727293,0.0,0.5571625344352618,0.6363636363636364,23.0,21.90909090909091,1.09090909090909,13.586758259423034,19.5880297398924,307.54545454545456,347.72727272727275,235.45454545454547,194.1818181818182,90.9090909090909,171.63636363636363,80.17775706062578,3.003003003003003,4.034188034188034,8.170347003154575,6.633540372670807,0.6088328075709779,0.562111801242236,16.818181818181817,19.636363636363637,0.31007751937984496,0.40718562874251496,1.9090909090909092,2.090909090909091,0.18181818181818166,0.0,0.5826446280991736,-0.09090909090909094,7.09090909090909,7.09090909090909,0.0,0.7551701008397202,1.1843295168436825,115.45454545454544,17.0,-4.0909090909090935,38.90909090909091,114.54545454545456,-19.45454545454544,60.20457801042225,1.7851325902173363,-0.24685771744595275,-2.196168599398706,0.7131644983893652,-0.0125886761155789,0.008088771823666518,6.81818181818182,0.5454545454545467,0.10877064815942206,-0.09237081392770013,0.4545454545454546,0.0,-0.4545454545454546,0.0,-0.025482093663911853
2005,2005-12-30,LSU,Miami (FL),40,3,37,1,0.8333333333333334,28.583333333333332,15.166666666666666,13.416666666666666,12.21369077814902,20.13797106929789,366.25,276.3333333333333,246.58333333333334,203.0,139.91666666666666,94.75,96.59486622910238,3.706401766004415,3.0,8.754437869822485,5.970588235294118,0.6005917159763313,0.47549019607843135,19.083333333333332,15.583333333333334,0.3618421052631579,0.2802197802197802,2.1666666666666665,1.25,-0.9166666666666665,0.0,0.47853535353535354,0.8181818181818182,29.272727272727273,11.909090909090908,17.363636363636367,13.624176372103445,14.894782491011593,368.1818181818182,249.1818181818182,239.27272727272728,168.45454545454547,145.45454545454547,101.63636363636364,94.2473534714033,3.7735849056603774,2.655581947743468,8.302839116719243,5.598187311178248,0.583596214511041,0.459214501510574,19.181818181818183,15.363636363636363,0.3197278911564626,0.26229508196721313,2.1818181818181817,2.8181818181818183,0.6363636363636367,10.454545454545455,0.48691460055096414,0.015151515151515138,-0.6893939393939412,3.257575757575758,-3.946969696969701,-1.4104855939544247,5.243188578286297,-1.931818181818187,27.151515151515127,7.310606060606062,34.54545454545453,-5.53787878787881,-6.88636363636364,2.3475127576990786,-0.06718313965596234,0.3444180522565321,0.4515987531032426,0.3724009241158699,0.016995501465290275,0.016275694567857324,-0.09848484848485128,0.2196969696969706,0.0421142141066953,0.017924698252567095,-0.015151515151515138,-1.5681818181818183,-1.5530303030303032,-10.454545454545455,-0.008379247015610602
2005,2005-12-30,UCLA,Northwestern,50,38,12,1,0.8181818181818182,38.09090909090909,33.81818181818182,4.272727272727273,15.148957359861738,25.97341297977957,429.0,457.54545454545456,293.72727272727275,231.54545454545453,147.0909090909091,238.63636363636363,118.0804810288305,4.191709844559585,5.379098360655738,8.852054794520548,7.469208211143695,0.6493150684931507,0.6041055718475073,21.636363636363637,23.90909090909091,0.36666666666666664,0.38271604938271603,1.1818181818181819,1.9090909090909092,0.7272727272727273,0.0,0.45936639118457295,0.6363636363636364,31.818181818181817,32.45454545454545,-0.6363636363636367,13.257587878782337,22.46006557102061,492.72727272727275,482.90909090909093,304.27272727272725,277.0,195.9090909090909,209.72727272727272,117.01802502955765,5.011627906976744,5.081497797356828,7.572398190045249,7.598503740648379,0.6380090497737556,0.5910224438902744,26.90909090909091,24.818181818181817,0.4382716049382716,0.41975308641975306,1.6363636363636365,2.3636363636363638,0.7272727272727273,0.0,0.5757575757575757,0.18181818181818188,6.272727272727277,1.3636363636363669,4.90909090909091,1.8913694810794013,3.5133474087589605,-63.72727272727275,-25.363636363636374,-10.545454545454504,-45.45454545454547,-48.81818181818181,28.909090909090907,1.0624559992728564,-0.8199180624171589,0.2976005632989098,1.2796566044752993,-0.12929552950468448,0.011306018719395072,0.013083127957232987,-5.272727272727273,-0.9090909090909065,-0.07160493827160497,-0.037037037037037035,-0.4545454545454546,-0.4545454545454546,0.0,0.0,-0.11639118457300274
2005,2005-12-31,Tulsa,Fresno State,31,24,7,1,0.6666666666666666,33.25,23.416666666666668,9.833333333333332,13.34251577749591,22.323380867004293,399.9166666666667,342.25,247.0,201.16666666666666,163.5,161.41666666666666,51.77830070833171,4.237580993520519,4.266519823788546,7.820580474934037,7.359756097560975,0.6253298153034301,0.5304878048780488,20.333333333333332,17.25,0.4540540540540541,0.3575757575757576,1.5,3.0,1.5,0.0,0.47222222222222215,0.6666666666666666,38.916666666666664,21.75,17.166666666666664,9.42393792745931,18.823743871327334,415.72727272727275,326.1818181818182,257.09090909090907,201.0909090909091,165.45454545454547,143.1818181818182,91.54353162194575,4.538653366583541,3.9873417721518987,7.921568627450981,6.525073746312684,0.6134453781512605,0.5693215339233039,22.0,18.545454545454547,0.4482758620689655,0.36477987421383645,2.090909090909091,1.7272727272727273,-0.36363636363636354,0.0,0.49116161616161613,0.0,-5.666666666666664,1.6666666666666679,-7.333333333333332,3.9185778500366,3.4996369956769584,-15.810606060606062,16.068181818181813,-10.090909090909065,0.0757575757575637,-1.9545454545454675,18.23484848484847,-39.76523091361403,-0.3010723730630227,0.2791780516366478,-0.10098815251694404,0.8346823512482908,0.01188443715216958,-0.03883372904525506,-1.6666666666666679,-1.2954545454545467,0.005778191985088554,-0.00720411663807885,-0.5909090909090908,1.2727272727272727,1.8636363636363635,0.0,-0.018939393939393978
2005,2005-12-31,Iowa State,TCU,24,27,-3,0,0.6363636363636364,28.636363636363637,18.454545454545453,10.181818181818183,9.800742086931246,14.455574577429855,356.0,339.09090909090907,257.1818181818182,250.1818181818182,117.63636363636364,99.72727272727273,83.60741593901821,2.776824034334764,2.9809782608695654,8.444776119402984,6.663438256658596,0.6179104477611941,0.5690072639225182,19.818181818181817,18.90909090909091,0.35714285714285715,0.3032258064516129,1.6363636363636365,3.0,1.3636363636363635,0.0,0.45798898071625344,0.9090909090909091,33.72727272727273,18.09090909090909,15.636363636363637,14.690751574313065,17.477257950106058,399.0,332.8181818181818,210.27272727272728,240.1818181818182,197.36363636363637,114.63636363636364,113.39488524620499,4.4215885947046845,2.925754060324826,6.7043478260869565,6.739795918367347,0.5449275362318841,0.5153061224489796,21.272727272727273,18.90909090909091,0.3409090909090909,0.3081081081081081,1.4545454545454546,3.5454545454545454,2.090909090909091,0.0,0.4511019283746556,-0.2727272727272727,-5.09090909090909,0.3636363636363633,-5.454545454545453,-4.890009487381819,-3.0216833726762022,-43.0,6.272727272727252,46.90909090909091,10.0,-79.72727272727273,-14.909090909090907,-29.787469307186782,-1.6447645603699206,0.05522420054473942,1.740428293316028,-0.07635766170875069,0.07298291152931002,0.05370114147353866,-1.4545454545454568,0.0,0.016233766233766267,-0.004882301656495225,0.18181818181818188,-0.5454545454545454,-0.7272727272727273,0.0,0.00688705234159781
2005,2005-12-31,NC State,USF,14,0,14,1,0.5454545454545454,21.363636363636363,19.272727272727273,2.09090909090909,11.809087409895207,18.398122433849306,319.4,306.2,223.2,215.8,112.4,110.7,94.63403193354917,3.2206303724928365,2.8096446700507616,7.464882943143813,7.075409836065574,0.5518394648829431,0.5081967213114754,16.0,17.6,0.2462686567164179,0.2802547770700637,2.3,2.0,-0.2999999999999998,0.0,0.5165289256198347,0.5454545454545454,25.09090909090909,18.363636363636363,6.727272727272727,13.859686471594841,20.010451814443915,352.3636363636364,313.0,155.27272727272728,186.8181818181818,209.0909090909091,144.0909090909091,87.29521490582715,4.299065420560748,3.9824120603015074,6.256410256410256,7.110726643598616,0.48717948717948717,0.5224913494809689,19.0,16.272727272727273,0.3743016759776536,0.2357142857142857,2.0,3.090909090909091,1.0909090909090908,0.0,0.5564738292011019,0.0,-3.7272727272727266,0.9090909090909101,-4.636363636363637,-2.050599061699634,-1.612329380594609,-32.9636363636364,-6.800000000000011,67.92727272727271,28.9818181818182,-96.69090909090909,-33.39090909090909,7.3388170277220155,-1.0784350480679112,-1.1727673902507458,1.2084726867335567,-0.035316807533042116,0.06465997770345594,-0.01429462816949345,-3.0,1.327272727272728,-0.12803301926123573,0.04454049135577798,0.2999999999999998,-1.0909090909090908,-1.3909090909090907,0.0,-0.03994490358126723
2005,2006-01-02,Auburn,Wisconsin,10,24,-14,0,0.8181818181818182,34.18181818181818,14.727272727272727,19.454545454545453,14.455574577429857,19.926683800189316,411.0,301.5,241.1,215.7,184.0,105.5,93.22970437461323,4.476885644768856,3.246153846153846,8.48943661971831,7.026058631921824,0.573943661971831,0.5635179153094463,21.3,15.4,0.4338235294117647,0.3120567375886525,1.7,1.3,-0.3999999999999999,0.0,0.4820936639118457,0.75,35.166666666666664,24.916666666666668,10.249999999999996,17.303879403886356,20.898564544006366,383.9166666666667,432.5,240.66666666666666,275.6666666666667,161.58333333333334,173.25,94.45870510279596,3.658490566037736,4.768348623853211,9.316129032258065,7.467268623024831,0.5967741935483871,0.5214446952595937,21.083333333333332,20.833333333333332,0.449438202247191,0.3924731182795699,1.1666666666666667,2.1666666666666665,0.9999999999999998,0.0,0.48926767676767674,0.06818181818181823,-0.9848484848484844,-10.189393939393941,9.204545454545457,-2.8483048264564985,-0.9718807438170494,27.083333333333314,-131.0,0.4333333333333371,-59.9666666666667,22.416666666666657,-67.75,-1.2290007281827258,0.8183950787311205,-1.5221947776993652,-0.8266924125397548,-0.4412099911030065,-0.022830531576556123,0.04207322004985259,0.21666666666666856,-5.433333333333332,-0.01561467283542628,-0.08041638069091739,0.5333333333333332,-0.8666666666666665,-1.3999999999999997,0.0,-0.0071740128558310245
2005,2006-01-02,Florida,Iowa,31,24,7,1,0.7272727272727273,28.363636363636363,18.363636363636363,10.0,15.07496419413809,18.772320048411704,366.72727272727275,289.8181818181818,241.9090909090909,212.9090909090909,144.72727272727272,97.72727272727273,110.46274567390665,3.8547215496368037,3.045325779036827,7.71304347826087,7.31875,0.6260869565217392,0.5125,19.90909090909091,15.909090909090908,0.35443037974683544,0.3191489361702128,1.1818181818181819,2.8181818181818183,1.6363636363636365,0.0,0.5674931129476584,0.6363636363636364,30.545454545454547,19.0,11.545454545454547,17.32260740398879,23.06236603804404,434.45454545454544,376.8181818181818,259.90909090909093,263.45454545454544,184.72727272727272,122.0909090909091,122.1084465844715,4.884615384615385,3.1378504672897196,8.191977077363896,7.155555555555556,0.6103151862464183,0.6197530864197531,22.636363636363637,19.09090909090909,0.3732394366197183,0.41420118343195267,1.5454545454545454,1.3636363636363635,-0.18181818181818188,0.0,0.49793388429752067,0.09090909090909094,-2.1818181818181834,-0.6363636363636367,-1.5454545454545467,-2.2476432098507004,-4.290045989632336,-67.72727272727269,-87.0,-18.00000000000003,-50.54545454545453,-40.0,-24.36363636363636,-11.645700910564841,-1.0298938349785813,-0.0925246882528925,-0.47893359910302635,0.16319444444444375,0.01577177027532084,-0.10725308641975317,-2.7272727272727266,-3.1818181818181817,-0.018809056872882868,-0.09505224726173989,-0.36363636363636354,1.4545454545454548,1.8181818181818183,0.0,0.0695592286501377
2005,2006-01-02,Virginia Tech,Louisville,35,24,11,1,0.8333333333333334,33.75,12.0,21.75,13.619004101889121,20.675523517610692,380.1666666666667,239.66666666666666,205.66666666666666,164.83333333333334,191.0,90.58333333333333,106.31243263764279,4.159709618874773,2.922043010752688,8.814285714285715,5.651428571428571,0.6071428571428571,0.5057142857142857,21.75,13.25,0.40384615384615385,0.30994152046783624,1.6666666666666667,2.0,0.33333333333333326,0.0,0.547979797979798,0.8181818181818182,45.18181818181818,22.727272727272727,22.454545454545453,16.387911287398293,25.935935056842027,494.72727272727275,318.0,314.90909090909093,238.45454545454547,194.0909090909091,107.36363636363636,59.166022190258666,4.830316742081448,2.866504854368932,10.218289085545722,7.58092485549133,0.6814159292035398,0.5433526011560693,24.272727272727273,18.727272727272727,0.42857142857142855,0.35625,1.6363636363636365,3.272727272727273,1.6363636363636365,0.0,0.4380165289256199,0.015151515151515138,-11.43181818181818,-10.727272727272727,-0.7045454545454533,-2.768907185509171,-5.260411539231335,-114.56060606060606,-78.33333333333334,-109.24242424242428,-73.62121212121212,-3.0909090909090935,-16.78030303030303,47.14641044738412,-0.6706071232066746,0.05553815638375603,-1.404003371260007,-1.9294962840627585,-0.07427307206068268,-0.03763831544178364,-2.5227272727272734,-5.477272727272727,-0.024725274725274693,-0.04630847953216377,0.030303030303030276,-1.272727272727273,-1.3030303030303032,0.0,0.10996326905417814
2005,2006-01-02,Ohio State,Notre Dame,34,20,14,1,0.8181818181818182,32.54545454545455,14.818181818181818,17.727272727272727,11.129812544366022,15.767630824514566,404.6363636363636,275.27272727272725,224.36363636363637,223.54545454545453,189.54545454545453,74.45454545454545,96.3859665379486,4.4361702127659575,2.360230547550432,9.007299270072993,6.830555555555556,0.6459854014598541,0.6027777777777777,20.818181818181817,15.090909090909092,0.4513888888888889,0.27848101265822783,1.9090909090909092,1.1818181818181819,-0.7272727272727273,0.0,0.5915977961432507,0.8181818181818182,38.18181818181818,23.636363636363637,14.545454545454543,8.953414787869283,10.605315991177596,489.09090909090907,376.90909090909093,343.6363636363636,276.45454545454544,154.8181818181818,119.36363636363636,124.88431009975156,3.678185745140389,3.577656675749319,9.24205378973105,7.960732984293194,0.6479217603911981,0.5209424083769634,26.545454545454547,19.272727272727273,0.46706586826347307,0.30718954248366015,1.2727272727272727,2.0,0.7272727272727273,0.0,0.48760330578512395,0.0,-5.636363636363633,-8.818181818181818,3.1818181818181834,2.1763977564967387,5.1623148333369695,-84.45454545454544,-101.63636363636368,-119.27272727272725,-52.90909090909091,34.72727272727272,-44.90909090909091,-28.498343561802955,0.7579844676255685,-1.2174261281988867,-0.2347545196580576,-1.130177428737638,-0.0019363589313440288,0.08183536940081437,-5.72727272727273,-4.181818181818182,-0.015676979374584177,-0.028708529825432316,0.6363636363636365,-0.8181818181818181,-1.4545454545454546,0.0,0.10399449035812675
2005,2006-01-02,Alabama,Texas Tech,13,10,3,1,0.8181818181818182,22.727272727272727,10.727272727272727,12.0,10.060724716350299,13.16054710108968,353.3636363636364,248.36363636363637,233.72727272727272,169.36363636363637,142.27272727272728,93.54545454545455,100.84569671262402,3.7350835322195706,3.0534124629080117,8.034375,5.8955696202531644,0.59375,0.5031645569620253,18.272727272727273,13.090909090909092,0.3515151515151515,0.2857142857142857,1.1818181818181819,1.9090909090909092,0.7272727272727273,0.0,0.5055096418732782,0.8181818181818182,42.09090909090909,19.363636363636363,22.72727272727273,21.403058405071672,30.043604674176198,511.0,328.1818181818182,426.27272727272725,175.63636363636363,107.36363636363636,156.36363636363637,150.60544478869284,4.158450704225352,4.047058823529412,8.494565217391305,5.567723342939481,0.6793478260869565,0.5446685878962536,27.636363636363637,19.363636363636363,0.3712121212121212,0.3202614379084967,1.8181818181818181,2.727272727272727,0.909090909090909,0.0,0.45454545454545453,0.0,-19.363636363636367,-8.636363636363637,-10.72727272727273,-11.342333688721373,-16.883057573086518,-157.63636363636363,-79.81818181818181,-192.54545454545453,-6.272727272727252,34.90909090909092,-62.81818181818183,-49.75974807606882,-0.42336717200578144,-0.9936463606213999,-0.46019021739130395,0.3278462773136832,-0.08559782608695654,-0.041504030934228275,-9.363636363636363,-6.272727272727272,-0.019696969696969713,-0.034547152194211006,-0.6363636363636362,-0.8181818181818179,-0.18181818181818166,0.0,0.05096418732782365
2005,2006-01-02,Georgia,West Virginia,35,38,-3,0,0.8333333333333334,29.083333333333332,14.583333333333334,14.499999999999998,12.427669519944988,14.145349380305497,382.0,297.75,232.5,196.83333333333334,157.0,124.0,113.05509517688509,4.412177985948477,3.517730496453901,8.454545454545455,6.653521126760563,0.5484848484848485,0.5633802816901409,19.25,16.833333333333332,0.33986928104575165,0.3620689655172414,1.25,2.5833333333333335,1.3333333333333335,0.0,0.5561868686868686,0.9090909090909091,31.545454545454547,16.272727272727273,15.272727272727273,11.299235694184242,16.217835300007884,378.6363636363636,293.45454545454544,123.54545454545455,207.27272727272728,262.45454545454544,99.27272727272727,76.33121606167785,5.137010676156583,2.5754716981132075,7.592178770949721,6.765578635014837,0.6201117318435754,0.5964391691394659,18.09090909090909,16.818181818181817,0.41875,0.34911242603550297,1.5454545454545454,2.6363636363636362,1.0909090909090908,0.0,0.4641873278236915,-0.07575757575757569,-2.4621212121212146,-1.6893939393939394,-0.7727272727272751,1.1284338257607462,-2.0724859197023875,3.363636363636374,4.295454545454561,108.95454545454545,-10.439393939393938,-105.45454545454544,24.727272727272734,36.72387911520724,-0.7248326902081059,0.9422587983406934,0.8623666835957344,-0.11205750825427341,-0.07162688335872691,-0.03305888744932506,1.15909090909091,0.015151515151515582,-0.07888071895424836,0.012956539481738416,-0.2954545454545454,-0.05303030303030276,0.24242424242424265,0.0,0.09199954086317713
2005,2006-01-03,Florida State,Penn State,23,26,-3,0,0.6666666666666666,29.416666666666668,21.666666666666668,7.75,17.47444020866078,21.842931038751104,398.5,301.6,311.6,228.1,101.7,94.9,167.56043685786932,3.4591836734693877,2.5858310626703,7.770573566084788,7.172955974842767,0.5785536159600998,0.6069182389937107,19.5,16.8,0.3986013986013986,0.3115942028985507,2.2,1.9,-0.30000000000000027,0.0,0.4861111111111111,0.9090909090909091,35.18181818181818,16.454545454545453,18.727272727272727,12.359758750219857,16.025547785276537,424.27272727272725,306.54545454545456,212.0909090909091,230.54545454545453,219.54545454545453,99.0909090909091,108.96796860462337,5.3076923076923075,2.6201923076923075,7.989726027397261,6.469387755102041,0.5273972602739726,0.5663265306122449,21.636363636363637,17.90909090909091,0.4,0.33157894736842103,1.9090909090909092,2.3636363636363638,0.4545454545454546,0.0,0.5475206611570248,-0.24242424242424243,-5.765151515151512,5.212121212121215,-10.977272727272727,5.1146814584409235,5.817383253474567,-25.772727272727252,-4.945454545454538,99.50909090909093,-2.445454545454538,-117.84545454545453,-4.190909090909088,58.592468253245954,-1.8485086342229198,-0.03436124502200766,-0.2191524613124729,0.7035682197407267,0.0511563556861272,0.04059170838146575,-2.1363636363636367,-1.1090909090909093,-0.001398601398601429,-0.019984744469870308,0.290909090909091,-0.46363636363636385,-0.7545454545454549,0.0,-0.0614095500459137
2005,2006-01-04,Texas,USC,41,38,3,1,1.0,50.916666666666664,14.583333333333334,36.33333333333333,12.500606045914395,20.26341680482491,508.4166666666667,280.3333333333333,243.25,177.58333333333334,273.75,124.41666666666667,99.3190070002472,5.773286467486819,3.5547619047619046,9.861486486486486,5.39493670886076,0.6351351351351351,0.4911392405063291,24.25,16.166666666666668,0.4567901234567901,0.27419354838709675,1.6666666666666667,2.4166666666666665,0.7499999999999998,0.0,0.5366161616161617,1.0,50.0,21.333333333333332,28.666666666666668,11.931623375033103,16.316936729742633,565.2727272727273,350.1818181818182,312.72727272727275,257.45454545454544,259.90909090909093,110.27272727272727,116.24034661776513,6.587557603686636,3.2346666666666666,8.664987405541561,7.317829457364341,0.6397984886649875,0.58656330749354,27.818181818181817,20.181818181818183,0.5107913669064749,0.37012987012987014,1.1818181818181819,3.272727272727273,2.090909090909091,0.0,0.5372474747474748,0.0,0.9166666666666643,-6.749999999999998,7.666666666666661,0.568982670881292,3.9464800750822775,-56.856060606060566,-69.84848484848487,-69.47727272727275,-79.8712121212121,13.840909090909065,14.143939393939405,-16.92133961751793,-0.8142711361998174,0.320095238095238,1.1964990809449247,-1.922892748503581,-0.004663353529852365,-0.0954240669872109,-3.5681818181818166,-4.015151515151516,-0.054001243449684766,-0.09593632174277339,0.48484848484848486,-0.8560606060606064,-1.340909090909091,0.0,-0.0006313131313131493
2006,2006-12-19,TCU,Northern Illinois,37,7,30,1,0.8333333333333334,28.583333333333332,12.75,15.833333333333332,14.2921360025418,18.71719352182194,404.5,249.5,217.58333333333334,198.16666666666666,194.33333333333334,67.58333333333333,125.47545938983811,4.563600782778865,2.399408284023669,8.08359133126935,6.479564032697548,0.6099071207430341,0.547683923705722,22.0,13.583333333333334,0.43902439024390244,0.3150684931506849,1.75,2.1666666666666665,0.4166666666666665,58.333333333333336,0.3888888888888889,0.5833333333333334,27.0,19.833333333333332,7.166666666666668,12.336199503162154,17.74482425606937,388.5,357.0833333333333,220.58333333333334,251.75,180.16666666666666,115.58333333333333,133.6606966096684,5.222222222222222,3.511392405063291,7.212534059945504,7.908376963350785,0.5749318801089919,0.643979057591623,20.0,16.916666666666668,0.3803680981595092,0.41496598639455784,1.5833333333333333,1.8333333333333333,0.25,42.75,0.4070512820512821,0.25,1.5833333333333321,-7.083333333333332,8.666666666666664,1.9559364993796464,0.9723692657525689,16.0,-107.58333333333331,-3.0,-53.58333333333334,14.166666666666686,-48.0,-8.185237219830299,-0.6586214394433574,-1.1119841210396224,0.8710572713238456,-1.4288129306532378,0.034975240634042226,-0.09629513388590094,2.0,-3.333333333333334,0.05865629208439321,-0.09989749324387293,0.16666666666666674,0.33333333333333326,0.16666666666666652,15.583333333333336,-0.01816239316239321
2006,2006-12-21,Oregon,BYU,8,38,-30,0,0.5833333333333334,31.25,25.583333333333332,5.666666666666668,14.0655930941752,24.49984539221471,436.4166666666667,303.25,251.83333333333334,168.5,189.16666666666666,146.58333333333334,73.27837127672596,5.135746606334842,4.178147268408551,6.685840707964601,6.419047619047619,0.6017699115044248,0.5428571428571428,24.25,16.916666666666668,0.49696969696969695,0.3333333333333333,2.5,1.75,-0.75,58.75,0.5379273504273504,0.8333333333333334,36.666666666666664,15.25,21.416666666666664,12.886450483380054,17.783845239856074,458.5833333333333,324.0833333333333,329.0833333333333,220.83333333333334,139.33333333333334,115.75,91.82043576591445,4.1182266009852215,3.6746031746031744,9.750617283950618,6.447688564476886,0.6987654320987654,0.5571776155717761,23.083333333333332,18.666666666666668,0.5657894736842105,0.32919254658385094,1.0,2.1666666666666665,1.1666666666666665,56.583333333333336,0.4583333333333333,-0.25,-5.416666666666664,10.333333333333332,-15.749999999999996,1.1791426107951466,6.716000152358635,-22.16666666666663,-20.833333333333314,-77.24999999999997,-52.33333333333334,49.833333333333314,30.833333333333343,-18.54206448918849,1.0175200053496205,0.503544093805377,-3.0647765759860164,-0.02864094542926665,-0.09699552059434058,-0.014320472714633325,1.1666666666666679,-1.75,-0.06881977671451356,0.0041407867494823725,1.5,-0.4166666666666665,-1.9166666666666665,2.1666666666666643,0.07959401709401709
2006,2006-12-22,Troy,Rice,41,17,24,1,0.5833333333333334,21.25,22.666666666666668,-1.4166666666666679,12.166459109894188,22.77741438488149,315.25,344.4166666666667,205.91666666666666,222.83333333333334,126.91666666666667,137.08333333333334,92.82840964038776,3.7791563275434243,3.7643020594965675,6.519788918205805,7.286103542234333,0.6253298153034301,0.5694822888283378,16.666666666666668,18.5,0.3312883435582822,0.375,2.75,1.75,-1.0,56.666666666666664,0.39316239316239315,0.5833333333333334,27.75,32.583333333333336,-4.833333333333336,13.430799069167985,22.734968394057375,345.1666666666667,417.6666666666667,227.33333333333334,245.83333333333334,138.66666666666666,191.16666666666666,109.33254803856929,3.9904076738609113,5.334883720930232,7.16010498687664,8.966565349544073,0.5590551181102362,0.5683890577507599,19.583333333333332,20.083333333333332,0.3597560975609756,0.3958333333333333,1.4166666666666667,2.5833333333333335,1.1666666666666667,42.333333333333336,0.4946581196581197,0.0,-6.5,-9.916666666666668,3.416666666666668,-1.2643399592737978,0.04244599082411327,-29.916666666666686,-73.25,-21.416666666666686,-23.0,-11.749999999999986,-54.083333333333314,-16.504138398181524,-0.211251346317487,-1.570581661433665,-0.6403160686708356,-1.6804618073097402,0.0662746971931939,0.0010932310775779719,-2.9166666666666643,-1.5833333333333321,-0.028467754002693413,-0.020833333333333315,1.3333333333333333,-0.8333333333333335,-2.166666666666667,14.333333333333329,-0.10149572649572652
2006,2006-12-23,San Jose State,New Mexico,20,12,8,1,0.6666666666666666,25.333333333333332,21.5,3.833333333333332,9.773185331055148,18.254928765745,363.6666666666667,353.0833333333333,188.25,208.91666666666666,184.33333333333334,150.5,118.02413723343614,4.7982646420824295,4.1045454545454545,8.184782608695652,7.266666666666667,0.6376811594202898,0.6260869565217392,18.0,17.5,0.42105263157894735,0.4246575342465753,1.75,2.1666666666666665,0.4166666666666665,36.75,0.4150641025641026,0.5,22.666666666666668,24.333333333333332,-1.6666666666666643,12.168015699390185,13.838899938765058,311.9166666666667,361.6666666666667,222.75,256.5833333333333,109.66666666666667,121.91666666666667,86.10718303194554,3.27363184079602,3.533816425120773,7.747826086956522,7.528117359413203,0.5217391304347826,0.5990220048899756,16.5,19.583333333333332,0.39520958083832336,0.46987951807228917,1.6666666666666667,2.4166666666666665,0.7499999999999998,41.666666666666664,0.46527777777777785,0.16666666666666663,2.6666666666666643,-2.833333333333332,5.4999999999999964,-2.394830368335038,4.416028826979941,51.75,-8.583333333333371,-34.5,-47.66666666666666,74.66666666666667,28.58333333333333,31.916954201490597,1.5246328012864097,0.5707290294246814,0.43695652173913047,-0.26145069274653654,0.1159420289855072,0.02706495163176359,1.5,-2.083333333333332,0.025843050740623985,-0.04522198382571385,0.08333333333333326,-0.25,-0.33333333333333326,-4.916666666666664,-0.05021367521367526
2006,2006-12-23,Utah,Tulsa,25,13,12,1,0.5833333333333334,28.166666666666668,20.416666666666668,7.75,14.91694176147214,24.528740100320906,338.9166666666667,318.5833333333333,222.58333333333334,221.66666666666666,126.08333333333333,103.66666666666667,142.19861803019384,3.9401041666666665,3.133501259445844,7.523943661971831,8.26086956521739,0.5661971830985916,0.6086956521739131,17.416666666666668,17.0,0.43478260869565216,0.4,1.5833333333333333,1.75,0.16666666666666674,52.5,0.4513888888888889,0.6666666666666666,28.916666666666668,19.75,9.166666666666668,9.42393792745931,20.198259751020554,399.75,287.8333333333333,237.41666666666666,161.16666666666666,167.58333333333334,135.33333333333334,92.30396918482288,4.41978021978022,4.174807197943445,8.428994082840237,6.218649517684887,0.6597633136094675,0.5305466237942122,20.416666666666668,15.0,0.48,0.375,1.4166666666666667,0.9166666666666666,-0.5000000000000001,43.833333333333336,0.48344017094017094,-0.08333333333333326,-0.75,0.6666666666666679,-1.4166666666666679,5.49300383401283,4.330480349300352,-60.833333333333314,30.75,-14.833333333333314,60.5,-41.500000000000014,-31.66666666666667,49.894648845370966,-0.47967605311355355,-1.0413059384976013,-0.905050420868406,2.0422200475325036,-0.09356613051087592,0.07814902837970084,-3.0,2.0,-0.04521739130434782,0.025000000000000022,0.16666666666666652,0.8333333333333334,0.6666666666666669,8.666666666666664,-0.03205128205128205
2006,2006-12-23,East Carolina,USF,7,24,-17,0,0.5833333333333334,22.75,20.5,2.25,9.724617309600507,12.454462508018414,350.75,332.9166666666667,243.5,196.33333333333334,120.66666666666667,144.25,60.58521421781211,3.464114832535885,3.9976905311778292,7.569948186528498,6.581005586592179,0.5958549222797928,0.5865921787709497,20.166666666666668,19.166666666666668,0.4378698224852071,0.3885350318471338,1.8333333333333333,2.25,0.41666666666666674,40.5,0.48183760683760685,0.6666666666666666,22.916666666666668,17.75,5.166666666666668,11.858700935548882,15.770129032350043,367.9166666666667,296.9166666666667,236.08333333333334,191.66666666666666,143.16666666666666,120.33333333333333,86.42648829373942,3.8868778280542986,3.3738317757009346,8.381656804733728,6.666666666666667,0.6331360946745562,0.5246376811594203,18.916666666666668,17.166666666666668,0.3933333333333333,0.38271604938271603,2.3333333333333335,2.0,-0.3333333333333335,71.75,0.4513888888888889,-0.08333333333333326,-0.16666666666666785,2.75,-2.916666666666668,-2.1340836259483744,-3.315666524331629,-17.166666666666686,36.0,7.416666666666657,4.666666666666686,-22.499999999999986,23.91666666666667,-25.841274075927316,-0.42276299551841356,0.6238587554768946,-0.8117086182052304,-0.08566108007448836,-0.03728117239476347,0.06195449761152938,1.25,2.0,0.044536489151873804,0.005818982464417755,-0.5000000000000002,0.25,0.7500000000000002,-31.25,0.03044871794871795
2006,2006-12-24,Hawaii,Arizona State,41,24,17,1,0.75,47.583333333333336,25.333333333333332,22.250000000000004,15.848477605885128,23.199235880833346,548.1666666666666,383.9166666666667,431.5833333333333,271.9166666666667,124.0,122.58333333333333,73.8522275571395,5.858267716535433,3.5965770171149143,9.921455938697317,8.177944862155389,0.7203065134099617,0.5588972431077694,24.583333333333332,19.75,0.57,0.39473684210526316,2.0833333333333335,2.0833333333333335,0.0,60.5,0.46848290598290593,0.5833333333333334,27.0,23.75,3.25,13.5847508091041,26.070272167913608,365.3333333333333,298.0833333333333,214.41666666666666,189.58333333333334,167.16666666666666,116.83333333333333,115.92186501207954,4.351409978308026,3.54040404040404,7.96594427244582,6.57514450867052,0.5479876160990712,0.5144508670520231,19.25,16.0,0.37579617834394907,0.3509933774834437,2.0,2.0833333333333335,0.08333333333333348,67.75,0.4813034188034188,0.16666666666666663,20.583333333333336,1.5833333333333321,19.000000000000004,2.263726796781027,-2.871036287080262,182.83333333333331,85.83333333333337,217.16666666666666,82.33333333333334,-43.16666666666666,5.75,-42.069637454940036,1.5068577382274073,0.05617297671087407,1.955511666251497,1.6028003534848692,0.17231889731089045,0.044446376055746306,5.333333333333332,3.75,0.19420382165605088,0.04374346462181944,0.08333333333333348,0.0,-0.08333333333333348,-7.25,-0.012820512820512886
2006,2006-12-26,Central Michigan,Middle Tennessee,31,14,17,1,0.6923076923076923,29.615384615384617,22.923076923076923,6.692307692307693,12.14865192479164,17.12398228306632,380.2307692307692,343.2307692307692,266.6923076923077,227.30769230769232,127.84615384615384,131.53846153846155,94.36909261525004,4.2615384615384615,3.592436974789916,8.235154394299288,6.640449438202247,0.6270783847980997,0.6179775280898876,18.46153846153846,20.153846153846153,0.3939393939393939,0.3891891891891892,1.8461538461538463,2.230769230769231,0.3846153846153846,49.07692307692308,0.46992110453648916,0.5833333333333334,23.5,22.583333333333332,0.9166666666666679,14.9878738864578,31.91026718025331,282.6666666666667,325.6666666666667,158.0,221.75,137.0,117.83333333333333,99.43781367205729,3.7027027027027026,3.543859649122807,6.970588235294118,7.690751445086705,0.5661764705882353,0.5722543352601156,15.666666666666666,17.916666666666668,0.4,0.3787878787878788,1.5833333333333333,2.25,0.6666666666666667,37.416666666666664,0.4663461538461539,0.10897435897435892,6.115384615384617,0.3397435897435912,5.7756410256410255,-2.8392219616661603,-14.786284897186992,97.56410256410254,17.56410256410254,108.69230769230768,5.557692307692321,-9.15384615384616,13.705128205128219,-5.068721056807249,0.5588357588357589,0.04857732566710915,1.2645661590051702,-1.0503020068844577,0.06090191420986446,0.045723192829772,2.794871794871794,2.2371794871794854,-0.0060606060606061,0.010401310401310426,0.262820512820513,-0.019230769230769162,-0.28205128205128216,11.660256410256416,0.0035749506903352546
2006,2006-12-27,UCLA,Florida State,27,44,-17,0,0.5833333333333334,22.666666666666668,17.916666666666668,4.75,5.898125023079689,16.526150076882285,321.4166666666667,304.8333333333333,208.5,236.75,124.41666666666667,89.91666666666667,91.8362755949495,3.7231920199501247,2.7737789203084833,6.873626373626373,7.515873015873016,0.5741758241758241,0.5687830687830688,17.583333333333332,17.166666666666668,0.3592814371257485,0.2777777777777778,1.8333333333333333,2.6666666666666665,0.8333333333333333,62.25,0.5785256410256411,0.5,25.083333333333332,19.25,5.833333333333332,15.453498181984754,21.070588434348412,322.0,278.9166666666667,236.75,210.91666666666666,95.83333333333333,84.08333333333333,121.10476306224969,3.4534534534534536,2.6139896373056994,7.174242424242424,6.695767195767195,0.5505050505050505,0.5608465608465608,15.833333333333334,15.333333333333334,0.3374233128834356,0.3142857142857143,2.1666666666666665,1.3333333333333333,-0.8333333333333333,53.333333333333336,0.5710470085470085,0.08333333333333337,-2.4166666666666643,-1.3333333333333321,-1.0833333333333321,-9.555373158905066,-4.544438357466127,-0.5833333333333144,25.91666666666663,-28.25,25.833333333333343,28.583333333333343,5.833333333333343,-29.26848746730019,0.26973856649667116,0.15978928300278383,-0.3006160506160507,0.8201058201058204,0.023670773670773637,0.00793650793650802,1.7499999999999982,1.833333333333334,0.021858124242312926,-0.03650793650793649,-0.33333333333333326,1.3333333333333333,1.6666666666666665,8.916666666666664,0.007478632478632563
2006,2006-12-28,Alabama,Oklahoma State,31,34,-3,0,0.5,22.25,18.0,4.25,9.992042288286667,16.641268526822653,340.9166666666667,287.5833333333333,233.33333333333334,177.66666666666666,124.33333333333333,117.75,71.49756300148638,3.543942992874109,3.839673913043478,7.777777777777778,7.083056478405315,0.5722222222222222,0.5614617940199336,19.083333333333332,14.416666666666666,0.4,0.3288590604026846,1.75,2.1666666666666665,0.4166666666666665,41.833333333333336,0.5090811965811967,0.5,35.333333333333336,25.166666666666668,10.166666666666668,15.411526579646532,22.886412536434776,409.0,371.4166666666667,210.41666666666666,240.08333333333334,208.08333333333334,149.91666666666666,103.26752547718871,5.1912681912681915,4.097949886104783,8.676975945017182,8.498525073746313,0.5463917525773195,0.6135693215339233,20.5,19.916666666666668,0.44805194805194803,0.3691275167785235,1.5833333333333333,2.25,0.6666666666666667,44.75,0.5603632478632479,0.0,-13.083333333333336,-7.166666666666668,-5.916666666666668,-5.419484291359865,-6.2451440096121225,-68.08333333333331,-83.83333333333337,22.916666666666686,-62.416666666666686,-83.75000000000001,-32.16666666666666,-31.76996247570233,-1.6473251983940824,-0.2582759730613051,-0.8991981672394038,-1.4154685953409976,0.025830469644902654,-0.052107527513989726,-1.4166666666666679,-5.500000000000002,-0.04805194805194801,-0.040268456375838924,0.16666666666666674,-0.08333333333333348,-0.2500000000000002,-2.9166666666666643,-0.05128205128205121
2006,2006-12-28,Kansas State,Rutgers,10,37,-27,0,0.5833333333333334,23.833333333333332,22.666666666666668,1.1666666666666643,14.496603572958568,20.23872675357965,328.0,334.5,220.75,205.83333333333334,122.16666666666667,143.41666666666666,59.0469766757406,4.176638176638177,3.947247706422018,6.774936061381074,6.938202247191011,0.5166240409207161,0.5842696629213483,16.166666666666668,16.583333333333332,0.3614457831325301,0.34415584415584416,2.4166666666666665,2.25,-0.16666666666666652,58.583333333333336,0.4743589743589743,0.8333333333333334,29.166666666666668,14.666666666666666,14.500000000000002,11.75378726843034,19.062099474182702,333.9166666666667,259.75,161.5,171.83333333333334,177.58333333333334,106.83333333333333,51.71329762754597,4.642701525054466,3.0093896713615025,7.177777777777778,7.159722222222222,0.5518518518518518,0.5208333333333334,16.5,13.333333333333334,0.40384615384615385,0.31213872832369943,1.5833333333333333,2.5833333333333335,1.0000000000000002,39.333333333333336,0.5021367521367521,-0.25,-5.333333333333336,8.000000000000002,-13.333333333333337,2.742816304528228,1.1766272793969463,-5.916666666666686,74.75,59.25,34.0,-55.41666666666667,36.58333333333333,7.333679048194632,-0.4660633484162897,0.9378580350605157,-0.4028417163967042,-0.22151997503121112,-0.035227810931135695,0.06343632958801493,-0.33333333333333215,3.2499999999999982,-0.042400370713623736,0.03201711583214473,0.8333333333333333,-0.3333333333333335,-1.1666666666666667,19.25,-0.027777777777777846
2006,2006-12-28,California,Texas A&M,45,10,35,1,0.75,31.833333333333332,20.083333333333332,11.75,12.797963853202539,15.966584424410193,411.0,367.6666666666667,261.75,252.75,156.25,122.25,79.28429857165919,4.746835443037975,3.74234693877551,8.074550128534705,7.737244897959184,0.5809768637532133,0.5586734693877551,20.083333333333332,18.083333333333332,0.4267515923566879,0.32051282051282054,1.9166666666666667,2.3333333333333335,0.41666666666666674,48.75,0.5299145299145299,0.75,29.333333333333332,18.5,10.833333333333332,11.080969216989946,15.718161662885581,401.4166666666667,309.8333333333333,199.25,196.0,210.5,123.0,75.19605687598897,5.031872509960159,4.021798365122616,7.943521594684386,6.837209302325581,0.6112956810631229,0.5348837209302325,20.333333333333332,15.416666666666666,0.5120481927710844,0.2923076923076923,1.0,1.8333333333333333,0.8333333333333333,48.333333333333336,0.4877136752136752,0.0,2.5,1.5833333333333321,0.9166666666666679,1.7169946362125934,0.24842276152461196,9.583333333333314,57.83333333333337,62.5,56.75,-54.25,-0.75,4.08824169567022,-0.2850370669221842,-0.27945142634710596,0.1310285338503192,0.9000355956336028,-0.030318817309909596,0.023789748457522575,-0.25,2.666666666666666,-0.08529660041439646,0.028205128205128216,0.9166666666666667,0.5000000000000002,-0.4166666666666665,0.4166666666666643,0.04220085470085472
2006,2006-12-29,Minnesota,Texas Tech,41,44,-3,0,0.5,27.916666666666668,24.5,3.416666666666668,20.029334547713823,32.14868393554982,368.5833333333333,416.25,224.91666666666666,263.0,151.0,162.75,112.36908207358734,4.314285714285714,4.236442516268981,7.891812865497076,8.327176781002638,0.5818713450292398,0.6174142480211082,18.416666666666668,21.833333333333332,0.35947712418300654,0.47468354430379744,1.1666666666666667,2.75,1.5833333333333333,45.083333333333336,0.5998931623931624,0.5833333333333334,31.5,23.75,7.75,17.26530941196563,24.647054037496506,438.8333333333333,319.8333333333333,371.3333333333333,179.75,76.41666666666667,147.41666666666666,122.60715783148696,4.678571428571429,3.8125,7.43906510851419,6.458083832335329,0.669449081803005,0.5808383233532934,23.416666666666668,19.0,0.34532374100719426,0.40606060606060607,2.0833333333333335,1.9166666666666667,-0.16666666666666674,66.91666666666667,0.5080128205128206,-0.08333333333333337,-3.583333333333332,0.75,-4.333333333333332,2.7640251357481915,7.501629898053313,-70.25,96.41666666666669,-146.41666666666666,83.25,74.58333333333333,15.333333333333343,-10.238075757899622,-0.36428571428571477,0.4239425162689807,0.4527477569828857,1.8690929486673094,-0.08757773677376524,0.036575924667814785,-5.0,2.833333333333332,0.014153383175812273,0.06862293824319138,-0.9166666666666667,0.8333333333333333,1.75,-21.833333333333336,0.09188034188034178
2006,2006-12-29,Maryland,Purdue,24,7,17,1,0.6666666666666666,21.666666666666668,23.083333333333332,-1.4166666666666643,5.710171679210758,11.851032431690065,303.6666666666667,366.9166666666667,189.75,196.41666666666666,123.91666666666667,174.75,46.48036405219136,3.7175,4.680803571428571,7.298076923076923,7.142424242424243,0.6057692307692307,0.5818181818181818,16.666666666666668,18.75,0.3475177304964539,0.4251497005988024,1.9166666666666667,1.25,-0.6666666666666667,37.666666666666664,0.5032051282051282,0.6153846153846154,27.46153846153846,26.923076923076923,0.5384615384615365,16.266608869170124,16.28708785416321,425.7692307692308,432.6923076923077,304.0769230769231,255.69230769230768,132.07692307692307,190.07692307692307,85.90998568865929,4.4366925064599485,5.022357723577236,7.827722772277228,7.7122969837587005,0.592079207920792,0.6125290023201856,22.53846153846154,22.153846153846153,0.47191011235955055,0.3872832369942196,2.076923076923077,2.3076923076923075,0.2307692307692304,39.61538461538461,0.46153846153846156,0.05128205128205121,-5.794871794871792,-3.839743589743591,-1.9551282051282008,-10.556437189959366,-4.436055422473146,-122.10256410256409,-65.775641025641,-114.3269230769231,-59.27564102564102,-8.160256410256395,-15.326923076923066,-39.42962163646793,-0.7191925064599487,-0.3415541521486647,-0.5296458492003042,-0.569872741334458,0.013690022848438677,-0.0307108205020038,-5.871794871794872,-3.4038461538461533,-0.12439238186309665,0.03786646360458279,-0.16025641025641035,-1.0576923076923075,-0.8974358974358971,-1.948717948717949,0.04166666666666663
2006,2006-12-29,South Carolina,Houston,44,36,8,1,0.5833333333333334,25.166666666666668,17.25,7.916666666666668,13.822467437494874,18.850890180733128,385.25,321.0,256.0833333333333,188.25,140.58333333333334,147.83333333333334,88.27037493354774,4.522788203753351,4.068807339449541,8.536111111111111,8.274725274725276,0.6222222222222222,0.5238095238095238,20.416666666666668,17.0,0.4748201438848921,0.35333333333333333,2.0,1.6666666666666667,-0.33333333333333326,48.333333333333336,0.5646367521367521,0.7692307692307693,32.76923076923077,21.923076923076923,10.846153846153843,9.86706513401905,11.922291123816162,439.84615384615387,339.0769230769231,284.38461538461536,207.15384615384616,170.84615384615384,139.92307692307693,91.40372544727609,4.8599562363238515,4.15296803652968,9.128395061728394,7.181333333333333,0.674074074074074,0.568,21.846153846153847,17.53846153846154,0.42857142857142855,0.4419889502762431,1.0769230769230769,1.8461538461538463,0.7692307692307694,57.53846153846154,0.44082840236686394,-0.1858974358974359,-7.602564102564099,-4.673076923076923,-2.9294871794871753,3.9554023034758234,6.9285990569169655,-54.59615384615387,-18.076923076923094,-28.301282051282044,-18.90384615384616,-30.262820512820497,7.910256410256409,-3.1333505137283453,-0.3371680325705002,-0.08416069708013918,-0.5922839506172828,1.0933919413919426,-0.051851851851851816,-0.04419047619047611,-1.4294871794871788,-0.5384615384615401,0.04624871531346353,-0.08865561694290974,0.9230769230769231,-0.17948717948717952,-1.1025641025641026,-9.205128205128204,0.12380834976988819
2006,2006-12-29,Kentucky,Clemson,28,20,8,1,0.5833333333333334,26.583333333333332,29.083333333333332,-2.5,14.749165359025534,22.19950859406986,372.5,457.6666666666667,293.4166666666667,276.1666666666667,98.5,189.0,100.93607337860392,3.1859838274932613,5.028824833702883,8.65110565110565,9.029972752043596,0.6191646191646192,0.5776566757493188,19.416666666666668,21.916666666666668,0.3548387096774194,0.5,1.4166666666666667,2.5,1.0833333333333333,49.333333333333336,0.5512820512820512,0.6666666666666666,33.75,15.166666666666666,18.583333333333336,17.59713303095396,24.795374690869387,398.27272727272725,274.54545454545456,191.0909090909091,186.0909090909091,215.0,102.63636363636364,97.31710117866326,5.564705882352941,2.8654822335025383,7.643636363636364,6.18429003021148,0.5927272727272728,0.5438066465256798,18.454545454545453,16.272727272727273,0.410958904109589,0.36585365853658536,2.0,2.727272727272727,0.7272727272727271,36.45454545454545,0.5085470085470085,-0.08333333333333326,-7.166666666666668,13.916666666666666,-21.083333333333336,-2.8479676719284246,-2.5958660967995257,-25.772727272727252,183.12121212121212,102.32575757575759,90.07575757575759,-116.5,86.36363636363636,3.618972199940657,-2.3787220548596797,2.1633426002003446,1.007469287469287,2.845682721832116,0.02643734643734641,0.033850029223639,0.9621212121212146,5.6439393939393945,-0.056120194432169646,0.13414634146341464,-0.5833333333333333,-0.22727272727272707,0.3560606060606062,12.878787878787882,0.042735042735042694
2006,2006-12-29,Missouri,Oregon State,38,39,-1,0,0.6666666666666666,29.416666666666668,17.916666666666668,11.5,11.524348400695201,17.88600265316683,414.3333333333333,308.8333333333333,280.75,185.0,145.08333333333334,137.33333333333334,75.82795518724468,4.106132075471698,3.779816513761468,7.780600461893765,6.416184971098266,0.6327944572748267,0.5780346820809249,22.5,18.0,0.4915254237288136,0.40131578947368424,2.0833333333333335,2.5833333333333335,0.5,38.75,0.4983974358974359,0.6923076923076923,26.923076923076923,21.0,5.923076923076923,14.930179383056869,22.914557012452217,353.15384615384613,316.38461538461536,249.46153846153845,231.76923076923077,119.53846153846153,103.07692307692308,73.71436557624091,3.492134831460674,3.2603406326034063,8.74123989218329,7.5703517587939695,0.6145552560646901,0.542713567839196,17.076923076923077,14.923076923076923,0.36129032258064514,0.32142857142857145,2.076923076923077,2.4615384615384617,0.3846153846153846,60.30769230769231,0.532051282051282,-0.02564102564102566,2.4935897435897445,-3.083333333333332,5.576923076923077,-3.4058309823616675,-5.028554359285387,61.17948717948718,-7.551282051282044,31.288461538461547,-46.769230769230774,25.54487179487181,34.25641025641026,2.113589611003775,0.6139972440110237,0.5194758811580615,-0.9606394302895245,-1.1541667876957034,0.01823920121013667,0.0353211142417289,5.423076923076923,3.0769230769230766,0.13023510114816844,0.07988721804511278,0.0064102564102563875,0.1217948717948718,0.11538461538461542,-21.557692307692307,-0.033653846153846145
2006,2006-12-30,Virginia Tech,Georgia,24,31,-7,0,0.8333333333333334,26.0,9.333333333333334,16.666666666666664,10.180194675759576,17.23280873710658,304.0,221.08333333333334,201.5,141.75,119.33333333333333,92.91666666666667,92.40621781519407,3.337995337995338,2.801507537688442,8.196610169491525,5.805460750853243,0.5661016949152542,0.5187713310580204,15.583333333333334,11.5,0.36875,0.28205128205128205,1.8333333333333333,2.5,0.6666666666666667,48.833333333333336,0.48504273504273504,0.6666666666666666,24.666666666666668,17.083333333333332,7.583333333333336,11.146408580454255,16.533483014962716,318.1666666666667,261.9166666666667,192.25,162.25,131.66666666666666,114.33333333333333,72.54194189111105,4.01015228426396,3.3793103448275863,7.186915887850467,6.1613924050632916,0.5451713395638629,0.5316455696202531,17.25,14.75,0.4068965517241379,0.2706766917293233,2.6666666666666665,2.1666666666666665,-0.5,47.5,0.4748931623931624,0.16666666666666674,1.3333333333333321,-7.749999999999998,9.083333333333329,-0.966213904694678,0.6993257221438647,-14.166666666666686,-40.83333333333334,9.25,-20.5,-12.333333333333329,-21.416666666666657,19.864275924083017,-0.6721569462686214,-0.5778028071391441,1.0096942816410577,-0.3559316542100488,0.020930355351391317,-0.012874238562232687,-1.666666666666666,-3.25,-0.03814655172413789,0.011374590321958755,-0.8333333333333333,0.3333333333333335,1.1666666666666667,1.3333333333333357,0.010149572649572614
2006,2006-12-30,Boston College,Navy,25,24,1,1,0.75,26.083333333333332,15.0,11.083333333333332,9.159777025207282,14.022438727938443,356.1666666666667,303.8333333333333,254.41666666666666,224.91666666666666,115.41666666666667,91.25,85.2865046697769,3.419753086419753,3.192419825072886,7.133177570093458,6.106334841628959,0.616822429906542,0.5972850678733032,19.916666666666668,16.25,0.38372093023255816,0.34104046242774566,1.6666666666666667,3.0833333333333335,1.4166666666666667,45.083333333333336,0.4962606837606838,0.75,28.583333333333332,19.666666666666668,8.916666666666664,13.674517331241502,21.45379107559201,381.3333333333333,336.8333333333333,63.5,228.91666666666666,327.4166666666667,120.33333333333333,117.9578764053533,5.573049645390071,3.7506493506493506,7.326923076923077,7.5467032967032965,0.4326923076923077,0.6126373626373627,20.833333333333332,16.333333333333332,0.48125,0.43661971830985913,1.8333333333333333,1.75,-0.08333333333333326,34.0,0.34027777777777773,0.0,-2.5,-4.666666666666668,2.166666666666668,-4.51474030603422,-7.431352347653569,-25.16666666666663,-33.0,190.91666666666666,-4.0,-212.0,-29.08333333333333,-32.6713717355764,-2.153296558970318,-0.5582295255764644,-0.193745506829619,-1.4403684550743376,0.1841301222142343,-0.015352294764059526,-0.9166666666666643,-0.08333333333333215,-0.09752906976744186,-0.09557925588211347,-0.16666666666666652,1.3333333333333335,1.5,11.083333333333336,0.15598290598290604
2006,2006-12-30,Iowa,Texas,24,26,-2,0,0.5,23.833333333333332,20.25,3.583333333333332,11.792396111927637,17.557481354543754,385.0,340.9166666666667,245.58333333333334,210.58333333333334,148.0,138.91666666666666,98.34817556194743,4.4623115577889445,3.6318082788671022,7.4045226130653266,6.597911227154047,0.585427135678392,0.5613577023498695,20.333333333333332,19.416666666666668,0.39864864864864863,0.4147727272727273,2.6666666666666665,1.6666666666666667,-0.9999999999999998,44.666666666666664,0.5096153846153846,0.75,36.75,17.833333333333332,18.916666666666668,18.484022584629432,23.03538121843847,392.5833333333333,291.9166666666667,233.58333333333334,257.5833333333333,170.33333333333334,58.833333333333336,93.36580874401636,4.424242424242424,2.270096463022508,8.468277945619336,8.028571428571428,0.6586102719033232,0.5818181818181818,22.166666666666668,15.25,0.41843971631205673,0.35668789808917195,1.9166666666666667,3.0,1.0833333333333333,47.583333333333336,0.5379273504273504,-0.25,-12.916666666666668,2.416666666666668,-15.333333333333336,-6.691626472701795,-5.4778998638947165,-7.583333333333314,49.0,12.0,-46.99999999999997,-22.333333333333343,80.08333333333331,4.982366817931066,0.03806913354652064,1.3617118158445942,-1.0637553325540097,-1.430660201417381,-0.07318313622493122,-0.02046047946831231,-1.8333333333333357,4.166666666666668,-0.019791067663408102,0.05808482918355534,0.7499999999999998,-1.3333333333333333,-2.083333333333333,-2.9166666666666714,-0.028311965811965822
2006,2006-12-31,Nevada,Miami (FL),20,21,-1,0,0.6666666666666666,30.916666666666668,19.0,11.916666666666668,12.168949557514539,26.134123751188298,363.0,327.5833333333333,199.16666666666666,205.83333333333334,177.25,136.91666666666666,88.37317569159876,4.50635593220339,4.301047120418848,7.709677419354839,7.159420289855072,0.6290322580645161,0.5971014492753624,20.416666666666668,17.0,0.44366197183098594,0.3581081081081081,2.0833333333333335,3.0833333333333335,1.0,35.583333333333336,0.4289529914529915,0.5,19.5,15.083333333333334,4.416666666666666,13.048859232619812,18.807437278100835,314.5833333333333,252.08333333333334,205.66666666666666,203.33333333333334,123.33333333333333,66.0,104.89428299988808,3.7,2.2436260623229463,7.237536656891495,7.393939393939394,0.592375366568915,0.5212121212121212,16.166666666666668,13.5,0.34810126582278483,0.30344827586206896,2.0833333333333335,1.8333333333333333,-0.2500000000000002,60.75,0.4829059829059829,0.16666666666666663,11.416666666666668,3.916666666666666,7.500000000000002,-0.8799096751052726,7.326686473087463,48.416666666666686,75.49999999999997,-6.5,2.5,53.91666666666667,70.91666666666666,-16.521107308289317,0.80635593220339,2.0574210580959016,0.4721407624633436,-0.2345191040843213,0.03665689149560114,0.07588932806324111,4.25,3.5,0.0955607060082011,0.05465983224603915,0.0,1.2500000000000002,1.2500000000000002,-25.166666666666664,-0.05395299145299143
2006,2007-01-01,Penn State,Tennessee,20,10,10,1,0.6666666666666666,22.5,14.75,7.75,13.734495390671025,21.76371041226865,347.4166666666667,279.0,216.91666666666666,208.91666666666666,147.25,87.83333333333333,130.7283500819601,4.237410071942446,2.7957559681697615,6.523809523809524,6.220843672456576,0.531328320802005,0.543424317617866,18.666666666666668,15.583333333333334,0.3793103448275862,0.3107344632768362,2.0833333333333335,2.1666666666666665,0.08333333333333304,31.833333333333332,0.5096153846153847,0.75,29.333333333333332,19.5,9.833333333333332,11.40441169287597,15.12273023289676,374.3333333333333,323.1666666666667,274.6666666666667,189.41666666666666,110.08333333333333,143.66666666666666,104.4198982546677,3.67966573816156,4.018648018648019,8.71957671957672,7.428104575163399,0.6349206349206349,0.5751633986928104,19.333333333333332,17.666666666666668,0.48322147651006714,0.4177215189873418,1.4166666666666667,1.75,0.33333333333333326,36.25,0.5715811965811965,-0.08333333333333337,-6.833333333333332,-4.75,-2.083333333333332,2.3300836977950556,6.640980179371891,-26.91666666666663,-44.166666666666686,-57.75000000000003,19.5,37.16666666666667,-55.83333333333333,26.308451827292387,0.5577443337808865,-1.2228920504782574,-2.1957671957671963,-1.2072609027068228,-0.1035923141186299,-0.031739081074944386,-0.6666666666666643,-2.083333333333334,-0.10391113168248095,-0.1069870557105056,0.6666666666666667,0.4166666666666665,-0.2500000000000002,-4.416666666666668,-0.06196581196581186
2006,2007-01-01,Wisconsin,Arkansas,17,14,3,1,0.9166666666666666,30.25,11.916666666666666,18.333333333333336,13.143439428094915,15.167748879138463,387.5,243.5,226.16666666666666,152.08333333333334,175.58333333333334,105.0,86.46544238753845,4.147637795275591,3.559322033898305,9.138047138047138,5.140845070422535,0.6094276094276094,0.4788732394366197,19.166666666666668,13.333333333333334,0.41935483870967744,0.2874251497005988,2.1666666666666665,2.0,-0.16666666666666652,35.833333333333336,0.4054487179487179,0.7692307692307693,30.0,18.384615384615383,11.615384615384617,12.489995996796795,23.092345274060193,378.7692307692308,306.3076923076923,155.0,194.3846153846154,228.23076923076923,123.6923076923077,86.12892840208978,5.875247524752475,3.7136258660508084,7.462962962962963,6.349246231155779,0.5148148148148148,0.5025125628140703,17.76923076923077,17.53846153846154,0.43506493506493504,0.3218390804597701,1.7692307692307692,1.4615384615384615,-0.3076923076923077,47.69230769230769,0.5069033530571991,0.14743589743589736,0.25,-6.467948717948717,6.717948717948719,0.6534434312981201,-7.92459639492173,8.730769230769226,-62.80769230769232,71.16666666666666,-42.301282051282044,-52.647435897435884,-18.692307692307693,0.3365139854486614,-1.7276097294768844,-0.15430383215250343,1.6750841750841756,-1.2084011607332439,0.09461279461279459,-0.023639323377450616,1.3974358974358978,-4.205128205128206,-0.015710096355257608,-0.03441393075917132,0.39743589743589736,0.5384615384615385,0.1410256410256412,-11.858974358974358,-0.10145463510848124
2006,2007-01-01,Nebraska,Auburn,14,17,-3,0,0.6923076923076923,31.846153846153847,18.384615384615383,13.461538461538463,15.63567584002556,23.567687570822418,428.7692307692308,343.6923076923077,267.61538461538464,239.15384615384616,175.6153846153846,120.38461538461539,105.81284881506109,4.424418604651163,3.9027431421446384,9.059895833333334,7.315294117647059,0.5989583333333334,0.5364705882352941,20.615384615384617,17.23076923076923,0.4594594594594595,0.3277777777777778,2.0,1.8461538461538463,-0.15384615384615374,43.76923076923077,0.5187376725838264,0.8333333333333334,25.416666666666668,13.916666666666666,11.500000000000002,10.925019936185956,18.047916021725964,330.4166666666667,297.4166666666667,186.58333333333334,186.58333333333334,154.91666666666666,125.91666666666667,110.666130429515,4.273563218390804,3.8156565656565657,8.578544061302683,7.176282051282051,0.6168582375478927,0.5480769230769231,17.333333333333332,16.75,0.4097222222222222,0.3881578947368421,1.4166666666666667,2.4166666666666665,0.9999999999999998,45.833333333333336,0.5299145299145299,-0.14102564102564108,6.429487179487179,4.467948717948717,1.9615384615384617,4.710655903839603,5.519771549096454,98.35256410256409,46.275641025640994,81.0320512820513,52.57051282051282,20.698717948717956,-5.532051282051285,-4.8532816144539055,0.15085538626035877,0.08708657648807261,0.48135177203065105,0.13901206636500785,-0.017899904214559337,-0.011606334841628985,3.2820512820512846,0.48076923076922995,0.049737237237237275,-0.06038011695906431,0.5833333333333333,-0.5705128205128203,-1.1538461538461535,-2.064102564102569,-0.011176857330703505
2006,2007-01-01,Oklahoma,Boise State,42,43,-1,0,0.8461538461538461,29.384615384615383,15.307692307692308,14.076923076923075,11.934113998243728,18.02526716612701,365.7692307692308,280.2307692307692,195.6153846153846,197.30769230769232,177.3846153846154,97.84615384615384,66.53213991016402,4.443159922928709,3.269922879177378,8.256493506493506,6.349009900990099,0.6038961038961039,0.5074257425742574,18.0,14.846153846153847,0.41317365269461076,0.30337078651685395,2.3846153846153846,2.230769230769231,-0.15384615384615374,37.38461538461539,0.5083826429980276,1.0,39.416666666666664,15.583333333333334,23.83333333333333,10.439943689619415,14.54668555396935,424.25,273.75,212.25,206.41666666666666,222.83333333333334,82.0,79.34404371297995,5.182170542635659,3.0464396284829722,9.228260869565217,6.786301369863014,0.6666666666666666,0.5698630136986301,21.5,13.916666666666666,0.45,0.3333333333333333,1.5,2.4166666666666665,0.9166666666666665,48.75,0.4310897435897436,-0.15384615384615385,-10.032051282051281,-0.27564102564102555,-9.756410256410254,1.4941703086243123,3.478581612157658,-58.480769230769226,6.480769230769226,-16.634615384615387,-9.108974358974336,-45.448717948717956,15.84615384615384,-12.811903802815934,-0.7390106197069501,0.22348325069440556,-0.9717673630717112,-0.4372914688729148,-0.0627705627705627,-0.062437271124372695,-3.5,0.9294871794871806,-0.03682634730538925,-0.029962546816479363,0.8846153846153846,-0.18589743589743568,-1.0705128205128203,-11.365384615384613,0.07729289940828399
2006,2007-01-01,West Virginia,Georgia Tech,38,35,3,1,0.8333333333333334,38.916666666666664,20.583333333333332,18.333333333333332,8.784887160586777,16.333642545001368,463.0,324.1666666666667,166.75,253.5,302.3333333333333,87.75,100.63073811984812,6.656880733944954,2.808,9.178899082568808,7.681818181818182,0.6422018348623854,0.5681818181818182,21.333333333333332,18.833333333333332,0.5070422535211268,0.41566265060240964,1.5,1.9166666666666667,0.41666666666666674,68.5,0.5069444444444444,0.6923076923076923,24.153846153846153,16.846153846153847,7.307692307692307,14.35761211486874,14.539512918163245,320.2307692307692,289.6923076923077,169.69230769230768,221.53846153846155,162.6153846153846,88.92307692307692,97.28750677429744,4.279352226720648,2.89,6.488235294117647,6.457399103139013,0.45588235294117646,0.5134529147982063,16.846153846153847,14.846153846153847,0.3858695652173913,0.3314917127071823,1.6153846153846154,2.230769230769231,0.6153846153846154,52.0,0.5009861932938856,0.14102564102564108,14.762820512820511,3.7371794871794854,11.025641025641026,-5.572724954281963,1.7941296268381226,142.76923076923077,34.474358974359006,-2.942307692307679,31.961538461538453,139.7179487179487,-1.1730769230769198,3.3432313455506772,2.377528507224306,-0.0820000000000003,2.690663788451161,1.2244190786791682,0.1863194819212089,0.054728903383611915,4.4871794871794854,3.9871794871794854,0.12117268830373545,0.08417093789522734,-0.11538461538461542,-0.3141025641025641,-0.19871794871794868,16.5,0.005958251150558813
2006,2007-01-01,Michigan,USC,18,32,-14,0,0.9166666666666666,30.166666666666668,14.583333333333334,15.583333333333334,9.45643920427993,9.189503234504556,374.9166666666667,254.08333333333334,195.33333333333334,238.16666666666666,189.16666666666666,43.0,72.23630204636262,4.468503937007874,1.856115107913669,8.082758620689654,6.451467268623025,0.6206896551724138,0.5304740406320542,19.333333333333332,13.916666666666666,0.3939393939393939,0.2694610778443114,0.8333333333333334,2.4166666666666665,1.583333333333333,47.083333333333336,0.5785256410256411,0.8333333333333334,30.333333333333332,14.916666666666666,15.416666666666666,11.211465992320973,14.087120702860812,387.9166666666667,293.75,261.6666666666667,211.5,134.66666666666666,97.66666666666667,54.88741921313834,4.111959287531807,3.150537634408602,7.810945273631841,6.425316455696202,0.6119402985074627,0.5367088607594936,20.916666666666668,16.0,0.4539877300613497,0.3806818181818182,1.5,1.75,0.25,51.916666666666664,0.5822649572649573,0.08333333333333326,-0.1666666666666643,-0.33333333333333215,0.16666666666666785,-1.755026788041043,-4.897617468356255,-13.0,-39.66666666666666,-66.33333333333334,26.666666666666657,54.5,-54.66666666666667,17.348882833224287,0.3565446494760671,-1.294422526494933,0.27181334705781346,0.026150812926823086,0.008749356664951136,-0.006234820127439478,-1.5833333333333357,-2.083333333333334,-0.06004833612195576,-0.11122074033750678,-0.6666666666666666,0.6666666666666665,1.333333333333333,-4.833333333333329,-0.003739316239316226
2006,2007-01-02,Wake Forest,Louisville,13,24,-11,0,0.8461538461538461,22.23076923076923,14.692307692307692,7.538461538461538,9.238992064017285,13.562296908558572,301.2307692307692,312.15384615384613,160.84615384615384,220.30769230769232,152.92307692307693,104.3076923076923,68.59804886213824,3.875243664717349,3.0888382687927107,8.23228346456693,6.968369829683699,0.65748031496063,0.559610705596107,16.384615384615383,18.153846153846153,0.3522012578616352,0.3391812865497076,1.2307692307692308,2.230769230769231,1.0,44.92307692307692,0.4314595660749507,0.9166666666666666,38.916666666666664,16.583333333333332,22.333333333333332,13.707717357441945,16.193900834648343,476.8333333333333,315.3333333333333,296.0833333333333,232.58333333333334,190.33333333333334,104.25,111.5484675200005,5.121076233183857,3.3449197860962565,10.180515759312321,7.3254593175853016,0.6303724928366762,0.49081364829396323,22.75,15.5,0.46621621621621623,0.30357142857142855,1.8333333333333333,2.0,0.16666666666666674,47.25,0.5347222222222222,-0.07051282051282048,-16.685897435897434,-1.8910256410256405,-14.794871794871794,-4.46872529342466,-2.6316039260897703,-175.6025641025641,-3.1794871794871824,-135.23717948717947,-12.275641025641022,-37.41025641025641,0.0576923076923066,-42.95041865786226,-1.2458325684665077,-0.2560815173035458,-1.9482322947453916,-0.3570894879016029,0.027107822123953795,0.0687970573021438,-6.365384615384617,2.6538461538461533,-0.11401495835458103,0.035609857978279036,-0.6025641025641024,0.23076923076923084,0.8333333333333333,-2.32692307692308,-0.10326265614727154
2006,2007-01-03,LSU,Notre Dame,41,14,27,1,0.8333333333333334,33.083333333333336,12.5,20.583333333333336,15.47113637087013,21.37312812998149,404.0,236.33333333333334,255.66666666666666,159.91666666666666,159.16666666666666,93.16666666666667,78.36279265523449,4.624697336561743,3.029810298102981,9.18562874251497,5.832826747720365,0.6706586826347305,0.47720364741641336,21.083333333333332,13.666666666666666,0.4962962962962963,0.30120481927710846,1.5833333333333333,1.8333333333333333,0.25,46.833333333333336,0.5507478632478633,0.8333333333333334,32.416666666666664,22.416666666666668,9.999999999999996,10.184286767844716,18.010098177512425,398.0,320.5,290.9166666666667,210.83333333333334,124.25,127.83333333333333,61.942788853175564,3.8035714285714284,3.5591647331786542,8.006880733944953,8.295081967213115,0.6307339449541285,0.5442622950819672,21.833333333333332,17.5,0.38509316770186336,0.3466666666666667,1.0833333333333333,1.5,0.41666666666666674,54.583333333333336,0.5256410256410257,0.0,0.6666666666666714,-9.916666666666668,10.58333333333334,5.286849603025415,3.3630299524690663,6.0,-84.16666666666666,-35.25000000000003,-50.916666666666686,34.91666666666666,-34.66666666666666,16.420003802058922,0.8211259079903148,-0.5293544350756734,1.1787480085700164,-2.46225521949275,0.03992473768060201,-0.06705864766555386,-0.75,-3.833333333333334,0.11120312859443293,-0.04546184738955822,0.5,0.33333333333333326,-0.16666666666666674,-7.75,0.02510683760683763
2006,2007-01-06,Cincinnati,Western Michigan,27,24,3,1,0.5833333333333334,20.583333333333332,19.25,1.3333333333333321,7.102603022622742,18.748737331221843,339.9166666666667,304.25,219.83333333333334,208.83333333333334,134.25,107.5,72.69545231910169,3.363256784968685,3.675213675213675,8.564935064935066,6.7005347593582885,0.6071428571428571,0.5213903743315508,16.75,14.916666666666666,0.40555555555555556,0.3333333333333333,2.1666666666666665,1.75,-0.4166666666666665,60.833333333333336,0.5694444444444445,0.6666666666666666,22.916666666666668,19.333333333333332,3.5833333333333357,10.25544940137888,16.648550760478898,315.5,269.4166666666667,189.0,222.41666666666666,136.91666666666666,71.91666666666667,80.08801976007965,3.7171945701357467,2.494219653179191,6.24793388429752,7.736231884057971,0.628099173553719,0.5971014492753624,17.25,14.583333333333334,0.3812154696132597,0.2967741935483871,1.8333333333333333,2.6666666666666665,0.8333333333333333,58.0,0.4070512820512821,-0.08333333333333326,-2.3333333333333357,-0.08333333333333215,-2.2500000000000036,-3.1528463787561387,2.1001865707429452,24.416666666666686,34.833333333333314,30.833333333333343,-13.583333333333314,-2.666666666666657,35.58333333333333,-7.392567440977956,-0.35393778516706176,1.1809940220344841,2.3170011806375452,-1.0356971246996824,-0.02095631641086193,-0.07571107494381157,-0.5,0.33333333333333215,0.024340085942295864,0.03655913978494624,0.33333333333333326,-0.9166666666666665,-1.2499999999999998,2.8333333333333357,0.16239316239316243
2006,2007-01-07,Southern Miss,Ohio,28,7,21,1,0.6153846153846154,25.23076923076923,19.46153846153846,5.76923076923077,14.036582241615692,23.342214427062707,334.6923076923077,314.53846153846155,169.69230769230768,190.3846153846154,173.3846153846154,134.0,92.85866017357115,4.544354838709677,4.013824884792626,6.664652567975831,6.952247191011236,0.5558912386706949,0.5365168539325843,19.0,16.46153846153846,0.40718562874251496,0.32666666666666666,1.3846153846153846,1.8461538461538463,0.4615384615384617,41.07692307692308,0.48422090729783035,0.6923076923076923,20.692307692307693,17.307692307692307,3.384615384615387,11.721665235683703,17.76953601691418,280.6923076923077,304.3076923076923,135.76923076923077,184.07692307692307,155.3846153846154,131.07692307692307,111.94149112772007,4.0159045725646125,4.096153846153846,6.003401360544218,6.089058524173028,0.5612244897959183,0.5165394402035624,15.076923076923077,16.23076923076923,0.3575418994413408,0.3333333333333333,2.1538461538461537,1.7692307692307692,-0.3846153846153846,55.23076923076923,0.40581854043392507,-0.07692307692307687,4.5384615384615365,2.1538461538461533,2.3846153846153832,2.3149170059319886,5.5726784101485265,54.0,10.230769230769226,33.923076923076906,6.307692307692321,18.0,2.923076923076934,-19.082830954148918,0.5284502661450645,-0.08232896136121948,0.6612512074316133,0.8631886668382078,-0.005333251125223426,0.019977413729021953,3.9230769230769234,0.23076923076922995,0.049643729301174166,-0.006666666666666654,-0.7692307692307692,0.0769230769230771,0.8461538461538463,-14.153846153846153,0.07840236686390528
2006,2007-01-08,Ohio State,Florida,14,41,-27,0,1.0,36.333333333333336,10.416666666666666,25.91666666666667,9.847319278346617,13.276488674161987,409.75,273.0,237.58333333333334,202.41666666666666,180.08333333333334,93.5,96.44982209324277,4.728665207877461,3.2903225806451615,8.745398773006135,6.425925925925926,0.6656441717791411,0.5714285714285714,21.083333333333332,15.083333333333334,0.5133333333333333,0.3037974683544304,1.4166666666666667,2.25,0.8333333333333333,41.25,0.5069444444444444,0.9230769230769231,28.846153846153847,13.461538461538462,15.384615384615385,12.601892409780854,19.04178940093981,397.84615384615387,267.38461538461536,249.69230769230768,206.53846153846155,160.3846153846154,74.23076923076923,112.88330711686747,4.815242494226328,2.7890173410404624,8.966850828729282,6.047297297297297,0.6325966850828729,0.5405405405405406,20.384615384615383,16.0,0.43243243243243246,0.3389830508474576,1.9230769230769231,2.076923076923077,0.15384615384615397,64.46153846153847,0.5616370808678501,0.07692307692307687,7.487179487179489,-3.0448717948717956,10.532051282051286,-2.7545731314342365,-5.765300726777822,11.903846153846132,5.615384615384642,-12.108974358974336,-4.12179487179489,19.698717948717956,19.269230769230774,-16.433485023624698,-0.08657728634886652,0.5013052396046991,-0.2214520557231463,0.3786286286286282,0.033047486696268225,0.030888030888030826,0.6987179487179489,-0.9166666666666661,0.08090090090090085,-0.03518558249302722,-0.5064102564102564,0.1730769230769229,0.6794871794871793,-23.211538461538467,-0.054692636423405716
2007,2007-12-20,Navy,Utah,32,35,-3,0,0.6666666666666666,39.916666666666664,36.5,3.4166666666666643,14.266670206739862,14.650214601799794,444.5833333333333,438.1666666666667,99.16666666666667,271.0,351.5,172.66666666666666,120.51062445303569,5.654155495978553,4.245901639344262,9.754098360655737,8.741935483870968,0.5491803278688525,0.6908602150537635,23.916666666666668,23.666666666666668,0.525,0.47305389221556887,1.3333333333333333,1.25,-0.08333333333333326,30.583333333333332,0.4375,0.6666666666666666,25.5,15.583333333333334,9.916666666666666,15.923110705683564,22.232074836037043,362.8333333333333,319.4166666666667,213.0,211.83333333333334,163.66666666666666,130.0,124.55143759130445,3.9596774193548385,3.6363636363636362,6.834224598930481,6.140096618357488,0.6042780748663101,0.5048309178743962,19.083333333333332,17.5,0.3473684210526316,0.2887700534759358,1.75,2.8333333333333335,1.0833333333333335,58.5,0.4861111111111111,0.0,14.416666666666664,20.916666666666664,-6.500000000000002,-1.6564404989437023,-7.581860234237249,81.75,118.75,-113.83333333333333,59.16666666666666,187.83333333333334,42.66666666666666,-4.04081313826876,1.6944780766237142,0.6095380029806257,2.919873761725256,2.6018388655134803,-0.05509774699745762,0.18602929717936734,4.833333333333336,6.166666666666668,0.17763157894736842,0.18428383873963305,-0.41666666666666674,-1.5833333333333335,-1.1666666666666667,-27.916666666666668,-0.048611111111111105
2007,2007-12-21,Florida Atlantic,Memphis,44,27,17,1,0.5833333333333334,30.083333333333332,33.75,-3.666666666666668,12.908477364847796,21.295895179943752,413.0833333333333,417.0833333333333,296.8333333333333,245.41666666666666,126.91666666666667,179.5,101.13578481278014,3.525462962962963,4.797327394209354,7.594882729211087,6.444201312910285,0.5650319829424307,0.6477024070021882,20.75,22.666666666666668,0.390625,0.4463276836158192,1.25,2.75,1.5,52.5,0.4305555555555556,0.5833333333333334,29.416666666666668,31.25,-1.8333333333333321,12.011042898730798,14.959541396308872,447.4166666666667,439.5,313.9166666666667,234.83333333333334,139.58333333333334,209.75,97.70312950541307,3.859447004608295,5.200413223140496,7.45940594059406,7.37696335078534,0.5881188118811881,0.6178010471204188,23.666666666666668,23.0,0.4292929292929293,0.509090909090909,1.3333333333333333,2.0833333333333335,0.7500000000000002,55.666666666666664,0.34188034188034183,0.0,0.6666666666666643,2.5,-1.8333333333333357,0.897434466116998,6.33635378363488,-34.33333333333337,-22.416666666666686,-17.08333333333337,10.583333333333314,-12.666666666666671,-30.25,3.432655307367071,-0.33398404164533213,-0.4030858289311414,0.1354767886170274,-0.9327620378750554,-0.023086828938757353,0.02990135988176934,-2.916666666666668,-0.33333333333333215,-0.03866792929292928,-0.06276322547508983,-0.08333333333333326,0.6666666666666665,0.7499999999999998,-3.1666666666666643,0.08867521367521375
2007,2007-12-22,New Mexico,Nevada,23,0,23,1,0.6666666666666666,24.833333333333332,20.583333333333332,4.25,15.993369838401124,22.895513653433188,357.4166666666667,329.0833333333333,236.41666666666666,213.58333333333334,131.08333333333334,126.66666666666667,99.82389797067938,3.3974082073434126,3.3043478260869565,7.0925,6.6571428571428575,0.5825,0.561038961038961,18.166666666666668,18.166666666666668,0.365,0.34594594594594597,2.1666666666666665,2.0,-0.16666666666666652,54.0,0.421474358974359,0.5,36.25,32.916666666666664,3.3333333333333357,15.00984525388102,20.89076931145051,494.6363636363636,401.3636363636364,276.6363636363636,233.63636363636363,230.54545454545453,180.45454545454547,151.95148747364914,5.031746031746032,4.627039627039627,9.277439024390244,7.6946107784431135,0.5365853658536586,0.5838323353293413,24.727272727272727,20.272727272727273,0.41139240506329117,0.391304347826087,1.7272727272727273,1.4545454545454546,-0.2727272727272727,55.36363636363637,0.4561965811965812,0.16666666666666663,-11.416666666666668,-12.333333333333332,0.9166666666666643,0.9835245845201044,2.004744341982679,-137.21969696969694,-72.28030303030306,-40.21969696969697,-20.053030303030283,-99.46212121212119,-53.787878787878796,-52.127589502969755,-1.634337824402619,-1.3226918009526707,-2.1849390243902436,-1.037467921300256,0.04591463414634145,-0.02279337429038031,-6.560606060606059,-2.1060606060606055,-0.046392405063291176,-0.04535840188014101,0.4393939393939392,0.5454545454545454,0.10606060606060619,-1.3636363636363669,-0.03472222222222221
2007,2007-12-22,Cincinnati,Southern Miss,31,21,10,1,0.75,36.75,18.583333333333332,18.166666666666668,13.478096709442731,19.49281141779443,436.3333333333333,370.6666666666667,294.4166666666667,283.0833333333333,154.16666666666666,105.66666666666667,100.54246803608851,4.101995565410199,3.004739336492891,8.575242718446601,7.368763557483731,0.6213592233009708,0.6008676789587852,21.833333333333332,19.666666666666668,0.39156626506024095,0.3532934131736527,1.9166666666666667,3.4166666666666665,1.4999999999999998,81.41666666666667,0.4759615384615385,0.5833333333333334,28.333333333333332,23.583333333333332,4.75,11.412380305721689,18.046027011757765,393.9166666666667,363.1666666666667,204.25,239.0,200.33333333333334,139.58333333333334,82.52983849750491,4.649903288201161,3.913551401869159,7.043103448275862,7.410852713178294,0.5718390804597702,0.5684754521963824,21.25,20.0,0.4585635359116022,0.4375,2.3333333333333335,2.1666666666666665,-0.16666666666666696,50.583333333333336,0.4134615384615385,0.16666666666666663,8.416666666666668,-5.0,13.416666666666668,2.0657164037210425,1.4467844060366666,42.41666666666663,7.5,90.16666666666669,44.083333333333314,-46.166666666666686,-33.91666666666667,18.012629538583596,-0.5479077227909617,-0.9088120653762677,1.532139270170739,-0.04208915569456373,0.049520142841200654,0.03239222676240283,0.5833333333333321,-0.33333333333333215,-0.06699727085136126,-0.0842065868263473,-0.41666666666666674,1.25,1.6666666666666667,30.833333333333336,0.0625
2007,2007-12-22,BYU,UCLA,17,16,1,1,0.8333333333333334,31.166666666666668,18.75,12.416666666666668,10.768922739517494,13.426285842151266,457.5833333333333,307.1666666666667,312.5833333333333,230.33333333333334,153.58333333333334,92.08333333333333,89.06428560145177,3.9634408602150537,2.892670157068063,8.014957264957266,6.5966587112171835,0.5961538461538461,0.5871121718377088,24.75,16.833333333333332,0.4585635359116022,0.35359116022099446,2.4166666666666665,1.5833333333333333,-0.8333333333333333,63.583333333333336,0.453525641025641,0.5,22.916666666666668,22.75,0.16666666666666785,14.90246064693121,20.13514942641952,335.0833333333333,349.75,205.58333333333334,255.5,150.08333333333334,115.41666666666667,131.18997906113333,3.752083333333333,3.119369369369369,6.852777777777778,6.565310492505353,0.48333333333333334,0.5396145610278372,16.666666666666668,19.583333333333332,0.32105263157894737,0.2864321608040201,2.6666666666666665,2.5,-0.16666666666666652,63.416666666666664,0.5603632478632479,0.33333333333333337,8.25,-4.0,12.25,-4.133537907413716,-6.708863584268254,122.5,-42.583333333333314,106.99999999999997,-25.166666666666657,3.5,-23.333333333333343,-42.12569345968156,0.2113575268817205,-0.2266992123013063,1.162179487179488,0.031348218711830356,0.11282051282051281,0.04749761080987158,8.083333333333332,-2.75,0.13751090433265484,0.06715899941697434,-0.25,-0.9166666666666667,-0.6666666666666667,0.1666666666666714,-0.10683760683760685
2007,2007-12-23,East Carolina,Boise State,41,38,3,1,0.5833333333333334,30.166666666666668,29.75,0.41666666666666785,17.48679155213668,20.478184992964113,377.9166666666667,436.4166666666667,220.25,304.1666666666667,171.33333333333334,145.83333333333334,132.6372074038005,4.7373271889400925,3.90625,7.085790884718499,7.668067226890757,0.5656836461126006,0.6386554621848739,18.5,23.083333333333332,0.3869047619047619,0.4,1.0833333333333333,2.5,1.4166666666666667,59.583333333333336,0.5096153846153846,0.8333333333333334,42.75,20.0,22.75,17.035390968643647,24.702318625071317,475.6666666666667,326.8333333333333,291.4166666666667,227.58333333333334,192.16666666666666,115.25,103.0386805863201,4.668016194331984,3.431761786600496,8.40625,6.726600985221675,0.6658653846153846,0.5369458128078818,23.583333333333332,17.416666666666668,0.5187165775401069,0.3373493975903614,1.5,1.75,0.25,64.0,0.405448717948718,-0.25,-12.583333333333332,9.75,-22.333333333333332,0.451400583493033,-4.224133632107204,-97.75,109.58333333333337,-71.16666666666669,76.58333333333334,-20.833333333333314,30.583333333333343,29.59852681748039,0.06931099460810852,0.47448821339950387,-1.3204591152815013,0.9414662416690813,-0.100181738502784,0.10170964937699212,-5.083333333333332,5.666666666666664,-0.131811815635345,0.0626506024096386,-0.41666666666666674,0.75,1.1666666666666667,-4.416666666666664,0.10416666666666657
2007,2007-12-26,Central Michigan,Purdue,48,51,-3,0,0.6153846153846154,33.76923076923077,35.84615384615385,-2.07692307692308,15.583933212092973,27.852173878237757,447.9230769230769,450.2307692307692,273.38461538461536,297.46153846153845,182.84615384615384,165.3846153846154,120.81422483746243,5.00421052631579,4.142581888246628,6.8084291187739465,7.95679012345679,0.6590038314176245,0.654320987654321,23.615384615384617,24.46153846153846,0.41379310344827586,0.4387755102040816,1.8461538461538463,2.076923076923077,0.23076923076923084,61.76923076923077,0.4970414201183432,0.5833333333333334,32.916666666666664,24.75,8.166666666666664,13.87907734248887,21.95380825664871,423.3333333333333,385.3333333333333,300.5,250.41666666666666,136.08333333333334,149.41666666666666,102.11075389304528,4.230569948186528,4.047404063205418,6.677777777777778,6.313025210084033,0.6185185185185185,0.5756302521008403,23.833333333333332,21.083333333333332,0.40106951871657753,0.37244897959183676,1.9166666666666667,2.3333333333333335,0.41666666666666674,48.666666666666664,0.48183760683760685,0.03205128205128205,0.8525641025641022,11.096153846153847,-10.243589743589745,1.7048558696041027,5.898365621589047,24.58974358974359,64.89743589743591,-27.11538461538464,47.044871794871796,46.7628205128205,15.96794871794873,18.70347094441715,0.7736405781292612,0.09517782504121008,0.13065134099616849,1.643764913372757,0.04048531289910606,0.07869073555348072,-0.2179487179487154,3.3782051282051277,0.012723584731698323,0.06632653061224486,-0.07051282051282048,-0.2564102564102564,-0.1858974358974359,13.102564102564102,0.015203813280736334
2007,2007-12-27,Texas,Arizona State,52,34,18,1,0.75,36.0,24.583333333333332,11.416666666666668,14.212670403551895,21.155091084367346,462.0,374.8333333333333,272.0833333333333,292.5,199.83333333333334,99.33333333333333,93.15578350268973,4.944329896907217,2.9949748743718594,8.081683168316832,7.516059957173447,0.6336633663366337,0.6188436830835118,23.666666666666668,20.75,0.48,0.391304347826087,2.25,2.0,-0.25,53.833333333333336,0.49572649572649574,0.8333333333333334,32.166666666666664,20.083333333333332,12.083333333333332,9.427554713645945,18.282919666047636,405.6666666666667,334.4166666666667,287.6666666666667,249.0,146.58333333333334,100.91666666666667,86.59029268849244,3.3697318007662833,3.4305949008498584,9.132275132275133,6.567032967032967,0.6349206349206349,0.5186813186813187,22.166666666666668,17.333333333333332,0.39267015706806285,0.3131868131868132,1.75,2.3333333333333335,0.5833333333333335,57.0,0.49091880341880345,-0.08333333333333337,3.8333333333333357,4.5,-0.6666666666666643,4.78511568990595,2.8721714183197093,56.333333333333314,40.41666666666663,-15.583333333333371,43.5,53.25,-1.5833333333333428,6.56549081419729,1.5745980961409334,-0.435620026477999,-1.0505919639583006,0.9490269901404806,-0.0012572685840012143,0.10016236440219306,1.5,3.416666666666668,0.08732984293193713,0.07811753463927379,0.5,-0.3333333333333335,-0.8333333333333335,-3.1666666666666643,0.004807692307692291
2007,2007-12-28,Houston,TCU,13,20,-7,0,0.6666666666666666,36.333333333333336,29.916666666666668,6.416666666666668,14.079858814719138,26.348911770984994,513.1666666666666,365.6666666666667,288.9166666666667,234.83333333333334,239.91666666666666,141.83333333333334,114.53688039097698,5.059753954305799,3.9126436781609195,8.68922305764411,7.8277777777777775,0.6716791979949874,0.5055555555555555,26.083333333333332,17.75,0.47802197802197804,0.38011695906432746,2.5833333333333335,2.0,-0.5833333333333335,65.91666666666667,0.34241452991452986,0.5833333333333334,26.583333333333332,19.166666666666668,7.416666666666664,9.737073793527811,16.610283415749265,388.4166666666667,320.0,233.0,232.41666666666666,169.08333333333334,109.41666666666667,119.95412633270448,3.7925233644859815,3.046403712296984,6.769975786924939,6.546948356807512,0.576271186440678,0.5328638497652582,22.416666666666668,17.166666666666668,0.39285714285714285,0.32663316582914576,2.5,1.75,-0.75,54.416666666666664,0.4583333333333333,0.08333333333333326,9.750000000000004,10.75,-0.9999999999999964,4.342785021191327,9.73862835523573,124.74999999999994,45.666666666666686,55.916666666666686,2.4166666666666856,70.83333333333331,32.41666666666667,-5.417245941727501,1.267230589819818,0.8662399658639357,1.919247270719171,1.2808294209702655,0.09540801155430945,-0.02730829420970271,3.6666666666666643,0.5833333333333321,0.0851648351648352,0.05348379323518171,0.08333333333333348,0.25,0.16666666666666652,11.500000000000007,-0.11591880341880345
2007,2007-12-28,Oregon State,Maryland,21,14,7,1,0.6666666666666666,28.416666666666668,23.333333333333332,5.083333333333336,17.280879256530554,24.55960590938386,370.6666666666667,313.0,221.75,265.9166666666667,166.58333333333334,74.91666666666667,117.0752153985038,4.104722792607803,2.1303317535545023,6.412048192771084,7.6891566265060245,0.5614457831325301,0.5277108433734939,19.083333333333332,16.5,0.3541666666666667,0.28272251308900526,2.75,2.75,0.0,58.5,0.5186965811965812,0.5,24.916666666666668,21.583333333333332,3.3333333333333357,9.699656351300973,15.11972422387593,350.5833333333333,355.9166666666667,225.83333333333334,229.25,147.33333333333334,136.66666666666666,83.8661903199846,3.4871794871794872,3.9423076923076925,8.548895899053628,7.017857142857143,0.6498422712933754,0.6020408163265306,18.666666666666668,19.083333333333332,0.4111111111111111,0.36666666666666664,1.25,2.0833333333333335,0.8333333333333335,44.333333333333336,0.5293803418803419,0.16666666666666663,3.5,1.75,1.75,7.5812229052295805,9.439881685507928,20.08333333333337,-42.916666666666686,-4.083333333333343,36.666666666666686,19.25,-61.749999999999986,33.209025078519204,0.6175433054283159,-1.8119759387531902,-2.136847706282544,0.6712994836488813,-0.08839648816084522,-0.07432997295303667,0.4166666666666643,-2.583333333333332,-0.05694444444444441,-0.08394415357766138,1.5,0.6666666666666665,-0.8333333333333335,14.166666666666664,-0.010683760683760646
2007,2007-12-28,Michigan State,Boston College,21,24,-3,0,0.5833333333333334,34.083333333333336,26.833333333333332,7.2500000000000036,12.731195282978474,14.353491814632678,426.25,351.3333333333333,242.0,239.16666666666666,200.33333333333334,134.08333333333334,116.36316583711688,4.44362292051756,3.840095465393795,8.134453781512605,7.632978723404255,0.6106442577030813,0.5957446808510638,20.666666666666668,18.166666666666668,0.41621621621621624,0.3485714285714286,1.1666666666666667,1.8333333333333333,0.6666666666666665,51.166666666666664,0.5555555555555555,0.7692307692307693,28.615384615384617,20.307692307692307,8.30769230769231,11.521996799878494,12.893051199416266,436.53846153846155,331.38461538461536,341.53846153846155,277.53846153846155,106.84615384615384,68.07692307692308,76.18247325185256,3.5433673469387754,2.229219143576826,7.254901960784314,6.70631970260223,0.6013071895424836,0.5910780669144982,24.0,17.692307692307693,0.4321608040201005,0.3838383838383838,2.0,2.3076923076923075,0.3076923076923075,59.61538461538461,0.5212031558185404,-0.1858974358974359,5.467948717948719,6.5256410256410255,-1.0576923076923066,1.2091984830999802,1.4604406152164113,-10.288461538461547,19.948717948717956,-99.53846153846155,-38.37179487179489,93.4871794871795,66.00641025641026,40.180692585264325,0.9002555735787849,1.6108763218169688,0.8795518207282909,0.9266590208020249,0.00933706816059765,0.0046666139365656445,-3.333333333333332,0.47435897435897445,-0.015944587803884247,-0.035266955266955224,-0.8333333333333333,-0.47435897435897423,0.35897435897435903,-8.448717948717949,0.034352399737015094
2007,2007-12-29,Wake Forest,Connecticut,24,10,14,1,0.6666666666666666,28.166666666666668,23.25,4.916666666666668,10.777361233229364,16.25064101299802,334.5,351.0,203.5,259.5,143.25,108.91666666666667,59.90674571213314,3.3443579766536966,3.141826923076923,6.898305084745763,6.4875,0.7062146892655368,0.5395833333333333,18.5,19.0,0.39086294416243655,0.35751295336787564,2.0,3.0,1.0,51.25,0.4946581196581197,0.75,27.833333333333332,18.583333333333332,9.25,12.51786602009183,24.338988549986286,358.3333333333333,346.3333333333333,211.0,201.08333333333334,165.25,158.5,82.71345205899192,3.9345238095238093,4.382488479262673,7.626506024096385,6.155612244897959,0.5692771084337349,0.576530612244898,19.5,17.5,0.35428571428571426,0.3539325842696629,1.25,2.3333333333333335,1.0833333333333335,47.0,0.4583333333333333,-0.08333333333333337,0.3333333333333357,4.666666666666668,-4.333333333333332,-1.7405047868624663,-8.088347536988266,-23.833333333333314,4.666666666666686,-7.5,58.41666666666666,-22.0,-49.58333333333333,-22.806706346858782,-0.5901658328701127,-1.2406615561857497,-0.7282009393506224,0.3318877551020405,0.13693758083180185,-0.036947278911564685,-1.0,1.5,0.036577229876722295,0.0035803690982127434,0.75,0.6666666666666665,-0.08333333333333348,4.25,0.03632478632478636
2007,2007-12-29,Texas A&M,Penn State,17,24,-7,0,0.5833333333333334,28.833333333333332,26.083333333333332,2.75,14.757637981326104,22.796032350150124,402.75,416.0,196.0,270.9166666666667,215.58333333333334,151.83333333333334,102.02239059058644,4.808550185873606,4.057906458797327,6.817391304347826,8.007389162561577,0.5652173913043478,0.625615763546798,21.5,22.166666666666668,0.4673913043478261,0.47770700636942676,1.25,2.0833333333333335,0.8333333333333335,47.416666666666664,0.5646367521367521,0.6666666666666666,30.833333333333332,17.583333333333332,13.25,13.12757911167681,21.621222738949633,399.0,306.5833333333333,222.08333333333334,244.58333333333334,187.41666666666666,87.91666666666667,89.80281429078632,4.618069815195072,2.5669099756690996,6.940104166666667,7.229064039408867,0.5859375,0.583743842364532,22.166666666666668,17.583333333333332,0.46629213483146065,0.3602150537634409,2.0833333333333335,2.25,0.16666666666666652,35.916666666666664,0.5347222222222222,-0.08333333333333326,-2.0,8.5,-10.5,1.630058869649293,1.1748096112004909,3.75,109.41666666666669,-26.083333333333343,26.333333333333343,28.166666666666686,63.91666666666667,12.219576299800124,0.19048037067853407,1.4909964831282276,-0.12271286231884115,0.7783251231527091,-0.020720108695652217,0.041871921182266014,-0.6666666666666679,4.583333333333336,0.0010991695163654613,0.11749195260598588,-0.8333333333333335,-0.16666666666666652,0.666666666666667,11.5,0.02991452991452992
2007,2007-12-29,Mississippi State,UCF,10,3,7,1,0.5833333333333334,22.416666666666668,24.833333333333332,-2.4166666666666643,10.387565410215965,20.32221504271678,305.3333333333333,341.1666666666667,183.66666666666666,188.25,135.33333333333334,159.0,110.841683440296,3.4775160599571735,4.249443207126949,6.261363636363637,6.223140495867769,0.5113636363636364,0.5426997245179064,17.083333333333332,18.25,0.39325842696629215,0.3812154696132597,2.25,2.0833333333333335,-0.16666666666666652,50.833333333333336,0.5032051282051282,0.7692307692307693,38.38461538461539,27.846153846153847,10.53846153846154,11.354429836987716,23.503954931796002,426.46153846153845,379.3076923076923,194.23076923076923,267.7692307692308,242.76923076923077,131.07692307692307,115.37014011766315,5.065810593900482,3.736842105263158,7.841614906832298,6.852362204724409,0.5838509316770186,0.5551181102362205,21.46153846153846,20.153846153846153,0.40437158469945356,0.39631336405529954,1.7692307692307692,2.076923076923077,0.30769230769230793,49.23076923076923,0.4718934911242604,-0.1858974358974359,-15.967948717948719,-3.0128205128205146,-12.955128205128204,-0.9668644267717514,-3.1817398890792212,-121.12820512820514,-38.141025641025635,-10.56410256410257,-79.51923076923077,-107.43589743589743,27.923076923076934,-4.52845667736716,-1.588294533943308,0.5126011018637908,-1.5802512704686613,-0.6292217088566403,-0.07248729531338227,-0.012418385718314107,-4.378205128205128,-1.9038461538461533,-0.011113157733161405,-0.01509789444203985,0.48076923076923084,0.0064102564102563875,-0.47435897435897445,1.6025641025641022,0.031311637080867816
2007,2007-12-30,Colorado,Alabama,24,30,-6,0,0.5,27.583333333333332,29.416666666666668,-1.8333333333333357,16.70850808493213,22.586533933995163,377.0,389.4166666666667,236.16666666666666,272.5833333333333,150.0,127.66666666666667,124.33751719339655,3.938730853391685,3.958656330749354,6.5,7.383747178329571,0.5573394495412844,0.5733634311512416,19.333333333333332,19.666666666666668,0.34536082474226804,0.3468208092485549,2.1666666666666665,1.75,-0.4166666666666665,58.416666666666664,0.5614316239316239,0.5,26.833333333333332,21.833333333333332,5.0,13.320069159889616,16.158307742177367,372.5,341.0833333333333,235.5,223.0,150.66666666666666,128.25,102.51607412764818,3.9911699779249448,3.481900452488688,6.422727272727273,6.896907216494846,0.5545454545454546,0.5360824742268041,22.666666666666668,18.166666666666668,0.3695652173913043,0.38823529411764707,1.6666666666666667,1.8333333333333333,0.16666666666666652,36.0,0.5587606837606838,0.0,0.75,7.583333333333336,-6.833333333333336,3.3884389250425144,6.428226191817796,4.5,48.33333333333337,0.6666666666666572,49.583333333333314,-0.6666666666666572,-0.5833333333333286,21.82144306574837,-0.05243912453325983,0.47675587826066623,0.07727272727272716,0.48683996183472544,0.002793994995829885,0.03728095692443745,-3.3333333333333357,1.5,-0.024204392649036288,-0.04141448486909216,0.4999999999999998,-0.08333333333333326,-0.583333333333333,22.416666666666664,0.0026709401709401615
2007,2007-12-31,Air Force,California,36,42,-6,0,0.75,29.416666666666668,19.333333333333332,10.083333333333336,13.351597339462852,17.085125552699786,418.9166666666667,357.1666666666667,128.58333333333334,236.33333333333334,298.5,131.0,114.03943363697675,5.427272727272728,3.275,7.953608247422681,7.1077694235588975,0.6237113402061856,0.5714285714285714,21.083333333333332,19.416666666666668,0.43023255813953487,0.3901098901098901,1.5,2.4166666666666665,0.9166666666666665,44.25,0.4236111111111111,0.5,28.25,26.0,2.25,11.144709303276844,13.34251577749591,399.1666666666667,375.0,241.75,236.58333333333334,162.66666666666666,152.16666666666666,50.40171954738584,4.796068796068796,3.8768577494692145,6.9735576923076925,6.695754716981132,0.5889423076923077,0.6132075471698113,20.333333333333332,20.666666666666668,0.4311377245508982,0.3858695652173913,2.1666666666666665,2.4166666666666665,0.25,64.5,0.5277777777777778,0.25,1.1666666666666679,-6.666666666666668,7.833333333333336,2.206888036186008,3.742609775203876,19.75,-17.833333333333314,-113.16666666666666,-0.25,135.83333333333334,-21.166666666666657,63.637714089590915,0.6312039312039319,-0.6018577494692146,0.9800505551149881,0.4120147065777653,0.03476903251387786,-0.0417789757412399,0.75,-1.25,-0.0009051664113633451,0.004240324892498815,-0.6666666666666665,0.0,0.6666666666666665,-20.25,-0.10416666666666669
2007,2007-12-31,Auburn,Clemson,23,20,3,1,0.6666666666666666,24.333333333333332,16.666666666666668,7.666666666666664,12.27957160441189,17.530925056406275,327.8333333333333,298.3333333333333,188.25,192.41666666666666,154.16666666666666,119.33333333333333,64.0750033991888,3.7298387096774195,3.4757281553398056,7.217252396166134,6.2405405405405405,0.5686900958466453,0.5648648648648649,18.5,16.25,0.36585365853658536,0.37640449438202245,2.0,2.0833333333333335,0.08333333333333348,48.25,0.5267094017094017,0.75,34.166666666666664,18.333333333333332,15.833333333333332,17.78065002050024,21.51461800448216,412.4166666666667,296.4166666666667,274.3333333333333,199.5,158.83333333333334,111.66666666666667,128.3174035764676,4.072649572649572,3.308641975308642,7.800947867298579,6.267015706806283,0.6658767772511849,0.5785340314136126,23.25,16.583333333333332,0.4375,0.3595505617977528,1.0833333333333333,2.0833333333333335,1.0000000000000002,46.25,0.5053418803418803,-0.08333333333333337,-9.833333333333332,-1.6666666666666643,-8.166666666666668,-5.501078416088349,-3.983692948075884,-84.58333333333337,1.9166666666666288,-86.08333333333331,-7.083333333333343,-4.666666666666686,7.666666666666657,-64.2424001772788,-0.3428108629721529,0.1670861800311636,-0.5836954711324447,-0.02647516626574209,-0.09718668140453957,-0.013669166548747724,-4.75,-0.33333333333333215,-0.07164634146341464,0.01685393258426965,0.9166666666666667,0.0,-0.9166666666666667,2.0,0.021367521367521403
2007,2007-12-31,Fresno State,Georgia Tech,40,28,12,1,0.6666666666666666,32.25,26.916666666666668,5.333333333333332,10.575486234254624,16.41137816678823,406.9166666666667,409.8333333333333,211.66666666666666,237.75,204.66666666666666,182.75,76.87115351303272,4.704980842911877,4.995444191343964,8.14102564102564,6.65034965034965,0.6153846153846154,0.578088578088578,21.25,21.166666666666668,0.39634146341463417,0.3942857142857143,1.75,1.25,-0.5,52.416666666666664,0.44925213675213677,0.5833333333333334,26.083333333333332,19.25,6.833333333333332,17.354372429570667,22.03234536821358,385.4166666666667,310.3333333333333,194.83333333333334,233.83333333333334,202.5,100.16666666666667,94.94348398660726,4.783464566929134,2.7953488372093025,7.063444108761329,7.837988826815643,0.48942598187311176,0.547486033519553,19.833333333333332,15.833333333333334,0.3583815028901734,0.3114754098360656,2.0,1.8333333333333333,-0.16666666666666674,59.083333333333336,0.48183760683760685,0.08333333333333326,6.166666666666668,7.666666666666668,-1.5,-6.778886195316042,-5.620967201425351,21.5,99.5,16.833333333333314,3.916666666666657,2.166666666666657,82.58333333333333,-18.07233047357454,-0.07848372401725712,2.2000953541346613,1.0775815322643112,-1.1876391764659928,0.12595863351150366,0.030602544569025003,1.4166666666666679,5.333333333333334,0.03795996052446077,0.08281030444964871,-0.25,-0.5833333333333333,-0.33333333333333326,-6.666666666666671,-0.03258547008547008
2007,2007-12-31,Oklahoma State,Indiana,49,33,16,1,0.5,33.416666666666664,29.25,4.166666666666664,11.94272949868613,24.025869895644238,483.4166666666667,447.3333333333333,242.75,303.75,245.83333333333334,154.66666666666666,110.84178596157459,5.432780847145488,4.061269146608315,8.275568181818182,8.321917808219178,0.5823863636363636,0.6552511415525114,23.416666666666668,22.833333333333332,0.47368421052631576,0.4057142857142857,1.6666666666666667,1.6666666666666667,0.0,63.583333333333336,0.577457264957265,0.5833333333333334,31.583333333333332,26.75,4.833333333333332,13.48708697797694,21.737413634449513,382.1818181818182,414.09090909090907,251.63636363636363,270.8181818181818,150.0,165.36363636363637,93.04925381948871,4.219948849104859,3.8619957537154987,7.28421052631579,7.466165413533835,0.6078947368421053,0.6140350877192983,19.90909090909091,23.272727272727273,0.43125,0.43575418994413406,2.8181818181818183,2.5454545454545454,-0.27272727272727293,49.27272727272727,0.4791666666666667,-0.08333333333333337,1.8333333333333321,2.5,-0.6666666666666679,-1.5443574792908095,2.2884562611947246,101.2348484848485,33.24242424242425,-8.886363636363626,32.93181818181819,95.83333333333334,-10.696969696969717,17.792532142085875,1.2128319980406292,0.19927339289281631,0.9913576555023917,0.8557523946853429,-0.02550837320574162,0.04121605383321314,3.507575757575758,-0.4393939393939412,0.04243421052631574,-0.03003990422984837,-1.1515151515151516,-0.8787878787878787,0.27272727272727293,14.310606060606062,0.09829059829059833
2007,2007-12-31,Florida State,Kentucky,28,35,-7,0,0.5833333333333334,22.916666666666668,21.916666666666668,1.0,6.0371325724195986,15.403659541574115,360.0,350.4166666666667,248.41666666666666,248.58333333333334,121.08333333333333,114.41666666666667,99.99090867764839,3.5181598062953996,3.284688995215311,7.165865384615385,7.205314009661835,0.5625,0.5603864734299517,17.75,18.5,0.31693989071038253,0.3315508021390374,1.8333333333333333,2.0833333333333335,0.2500000000000002,64.0,0.530448717948718,0.5833333333333334,36.666666666666664,29.75,6.916666666666664,14.246743381197579,19.303595206043557,435.3333333333333,389.75,296.75,209.91666666666666,156.5,190.0,90.85286139821036,4.182628062360802,4.470588235294118,7.449790794979079,6.611548556430447,0.6255230125523012,0.5616797900262467,25.5,22.166666666666668,0.4861878453038674,0.48484848484848486,2.25,2.0833333333333335,-0.16666666666666652,53.0,0.5518162393162394,0.0,-13.749999999999996,-7.833333333333332,-5.916666666666664,-8.209610808777981,-3.8999356644694423,-75.33333333333331,-39.333333333333314,-48.33333333333334,38.666666666666686,-35.41666666666667,-75.58333333333333,9.138047279438027,-0.6644682560654025,-1.1858992400788066,-0.2839254103636941,0.5937654532313887,-0.06302301255230125,-0.0012933165962949467,-7.75,-3.666666666666668,-0.16924795459348485,-0.15329768270944744,-0.41666666666666674,0.0,0.41666666666666674,11.0,-0.021367521367521403
2007,2007-12-31,Oregon,USF,56,21,35,1,0.6666666666666666,36.666666666666664,23.833333333333332,12.833333333333332,16.97234827773122,19.60905789463511,462.0833333333333,386.8333333333333,233.66666666666666,270.25,243.25,136.5,142.6823925770631,5.103146853146853,3.6238938053097347,7.321148825065274,7.370454545454545,0.5926892950391645,0.5318181818181819,24.666666666666668,19.583333333333332,0.4175257731958763,0.328125,1.9166666666666667,2.4166666666666665,0.4999999999999998,48.083333333333336,0.5673076923076923,0.75,35.833333333333336,20.666666666666668,15.166666666666668,14.256311733489284,18.398781250809833,421.5833333333333,326.75,245.83333333333334,225.83333333333334,193.08333333333334,112.0,90.94399708645209,4.36346516007533,3.1549295774647885,7.783641160949868,6.103603603603603,0.5963060686015831,0.5112612612612613,21.0,17.5,0.3701657458563536,0.2976190476190476,2.5,3.4166666666666665,0.9166666666666665,72.33333333333333,0.5293803418803419,-0.08333333333333337,0.8333333333333286,3.1666666666666643,-2.3333333333333357,2.7160365442419376,1.2102766438252779,40.5,60.083333333333314,-12.166666666666686,44.41666666666666,50.16666666666666,24.5,51.73839549061101,0.7396816930715238,0.4689642278449462,-0.46249233588459404,1.266850941850942,-0.0036167735624186292,0.0205569205569206,3.666666666666668,2.083333333333332,0.047360027339522714,0.030505952380952384,-0.5833333333333333,-1.0,-0.41666666666666674,-24.249999999999993,0.037927350427350404
2007,2008-01-01,Tennessee,Wisconsin,21,17,4,1,0.6923076923076923,33.38461538461539,28.076923076923077,5.30769230769231,13.51257723714257,23.3822746804234,399.15384615384613,407.53846153846155,257.9230769230769,255.92307692307693,144.6153846153846,162.53846153846155,83.2594800947077,4.372093023255814,4.192460317460317,6.828920570264766,7.139484978540772,0.6272912423625254,0.5944206008583691,21.153846153846153,21.846153846153847,0.3891891891891892,0.40404040404040403,1.4615384615384615,1.8461538461538463,0.3846153846153848,44.23076923076923,0.5714990138067061,0.75,30.5,23.333333333333332,7.166666666666668,12.695740158880781,20.01741665892404,413.9166666666667,350.4166666666667,229.83333333333334,225.91666666666666,201.5,139.75,78.063445447607,4.428571428571429,4.256345177664975,8.565217391304348,7.059895833333333,0.5745341614906833,0.5494791666666666,21.166666666666668,17.916666666666668,0.44886363636363635,0.36904761904761907,1.75,1.5833333333333333,-0.16666666666666674,46.75,0.4583333333333333,-0.05769230769230771,2.884615384615387,4.7435897435897445,-1.8589743589743577,0.8168370782617895,3.3648580214993586,-14.762820512820554,57.12179487179486,28.089743589743563,30.006410256410277,-56.88461538461539,22.788461538461547,5.196034647100703,-0.0564784053156151,-0.06388486020465756,-1.7362968210395815,0.07958914520743932,0.052757080871842166,0.04494143419170249,-0.012820512820514551,3.929487179487179,-0.05967444717444714,0.034992784992784964,-0.28846153846153855,0.262820512820513,0.5512820512820515,-2.5192307692307665,0.11316568047337278
2007,2008-01-01,Virginia,Texas Tech,28,31,-3,0,0.75,24.083333333333332,18.75,5.333333333333332,11.988315017953814,18.06218215616331,329.1666666666667,323.4166666666667,218.91666666666666,232.25,126.16666666666667,113.0,88.20619781700906,3.4176072234762978,3.0,6.5675,7.276762402088773,0.5825,0.5718015665796344,19.0,17.0,0.4,0.3386243386243386,1.5,1.8333333333333333,0.33333333333333326,42.25,0.4871794871794872,0.6666666666666666,41.75,25.75,16.0,16.10829825671454,27.386127875258307,534.8181818181819,361.27272727272725,484.1818181818182,205.9090909090909,60.0,167.0,90.42877659442064,3.2195121951219514,3.7954545454545454,8.453968253968254,6.4714285714285715,0.7174603174603175,0.5485714285714286,27.363636363636363,20.727272727272727,0.45588235294117646,0.4034090909090909,2.0,1.8181818181818181,-0.18181818181818188,72.27272727272727,0.4326923076923077,0.08333333333333337,-17.666666666666668,-7.0,-10.666666666666668,-4.119983238760726,-9.323945719094997,-205.65151515151518,-37.856060606060566,-265.2651515151515,26.340909090909093,66.16666666666667,-54.0,-2.2225787774115844,0.19809502835434634,-0.7954545454545454,-1.8864682539682542,0.8053338306602011,-0.13496031746031745,0.023230138008205836,-8.363636363636363,-3.7272727272727266,-0.05588235294117644,-0.06478475228475228,-0.5,0.015151515151515138,0.5151515151515151,-30.022727272727266,0.054487179487179516
2007,2008-01-01,Arkansas,Missouri,7,38,-31,0,0.6666666666666666,39.833333333333336,25.583333333333332,14.250000000000004,17.108388869118265,24.068557383969953,457.4166666666667,357.8333333333333,167.16666666666666,224.75,296.75,146.66666666666666,140.38353848933954,6.193043478260869,3.8260869565217392,7.164285714285715,5.9144736842105265,0.5714285714285714,0.45614035087719296,21.166666666666668,20.666666666666668,0.4519774011299435,0.324468085106383,1.75,2.25,0.5,54.75,0.4615384615384615,0.8461538461538461,40.0,24.53846153846154,15.46153846153846,9.530652303663866,17.840101758937102,492.6923076923077,380.3076923076923,340.0,277.6923076923077,164.92307692307693,118.84615384615384,100.4907828405045,4.402464065708419,3.6267605633802815,7.992766726943942,6.850094876660341,0.6907775768535263,0.6223908918406073,27.23076923076923,20.615384615384617,0.5343915343915344,0.4375,1.3846153846153846,2.3846153846153846,1.0,43.30769230769231,0.5276134122287969,-0.17948717948717952,-0.1666666666666643,1.044871794871792,-1.2115384615384563,7.5777365654543996,6.228455625032851,-35.275641025640994,-22.474358974359006,-172.83333333333334,-52.94230769230768,131.82692307692307,27.820512820512818,39.89275564883505,1.7905794125524501,0.19932639314145773,-0.8284810126582274,-0.9356211924498146,-0.11934900542495486,-0.1662505409634143,-6.064102564102562,0.0512820512820511,-0.08241413326159092,-0.11303191489361702,0.3653846153846154,-0.13461538461538458,-0.5,11.442307692307693,-0.06607495069033537
2007,2008-01-01,Florida,Michigan,35,41,-6,0,0.75,43.083333333333336,24.166666666666668,18.916666666666668,14.418790349801025,19.388179779224124,461.5,345.0833333333333,269.0833333333333,257.5833333333333,197.66666666666666,99.33333333333333,90.03181255937966,5.213186813186813,3.017721518987342,9.874617737003058,7.23887587822014,0.6788990825688074,0.5901639344262295,23.916666666666668,18.5,0.562962962962963,0.40963855421686746,1.25,1.3333333333333333,0.08333333333333326,63.0,0.5657051282051282,0.6666666666666666,26.083333333333332,20.25,5.833333333333332,12.950663958643085,19.427409565462977,373.5,330.4166666666667,223.33333333333334,194.58333333333334,166.08333333333334,150.75,116.69423916605932,4.0425963488843815,3.824524312896406,6.979166666666667,6.504178272980502,0.5208333333333334,0.5543175487465181,20.833333333333332,17.5,0.41578947368421054,0.3546511627906977,2.0,2.75,0.75,42.916666666666664,0.5902777777777778,0.08333333333333337,17.000000000000004,3.916666666666668,13.083333333333336,1.4681263911579396,-0.03922978623885243,88.0,14.666666666666629,45.74999999999997,62.99999999999997,31.583333333333314,-51.41666666666667,-26.66242660667966,1.1705904643024319,-0.8068027939090641,2.8954510703363914,0.7346976052396386,0.158065749235474,0.035846385679711434,3.0833333333333357,1.0,0.14717348927875246,0.05498739142616976,-0.75,-1.4166666666666667,-0.6666666666666667,20.083333333333336,-0.024572649572649596
2007,2008-01-01,USC,Illinois,49,17,32,1,0.8333333333333334,31.25,15.916666666666666,15.333333333333334,11.242168991629846,13.838899938765056,418.4166666666667,258.8333333333333,243.5,201.91666666666666,185.0,79.16666666666667,76.912533951157,4.6835443037974684,2.4111675126903553,6.924170616113744,5.938725490196078,0.6161137440758294,0.5367647058823529,21.666666666666668,16.333333333333332,0.43478260869565216,0.3118279569892473,2.1666666666666665,2.1666666666666665,0.0,69.33333333333333,0.4492521367521367,0.75,28.75,19.5,9.25,10.821905394321112,11.717314305994122,423.3333333333333,355.4166666666667,163.58333333333334,262.5,266.1666666666667,114.5,110.69723929655511,5.724014336917563,3.279236276849642,6.839721254355401,7.142857142857143,0.5574912891986062,0.5850340136054422,21.5,19.5,0.4431137724550898,0.37967914438502676,1.9166666666666667,2.0833333333333335,0.16666666666666674,47.5,0.5219017094017094,0.08333333333333337,2.5,-3.583333333333334,6.083333333333334,0.4202635973087343,2.121585632770934,-4.916666666666629,-96.58333333333337,79.91666666666666,-60.58333333333334,-81.16666666666669,-35.33333333333333,-33.78470534539811,-1.0404700331200942,-0.8680687641592866,0.0844493617583435,-1.204131652661065,0.058622454877223173,-0.04826930772308924,0.16666666666666785,-3.166666666666668,-0.008331163759437654,-0.06785118739577944,0.24999999999999978,0.08333333333333304,-0.16666666666666674,21.83333333333333,-0.07264957264957272
2007,2008-01-01,Georgia,Hawaii,41,10,31,1,0.8333333333333334,31.916666666666668,21.0,10.916666666666668,12.536915187726303,14.450280483803978,379.0833333333333,324.6666666666667,211.33333333333334,226.0,178.75,119.5,68.1128186217988,4.573560767590618,3.4061757719714962,7.502958579881657,7.290322580645161,0.5473372781065089,0.5887096774193549,19.333333333333332,18.5,0.44970414201183434,0.3395061728395062,1.3333333333333333,1.75,0.41666666666666674,56.833333333333336,0.5090811965811967,1.0,46.166666666666664,24.166666666666668,21.999999999999996,11.060440015358038,20.171987777834165,528.5833333333334,341.9166666666667,460.25,223.75,79.08333333333333,131.66666666666666,51.785323181087676,3.636015325670498,3.4347826086956523,9.113861386138614,6.288056206088993,0.6996699669966997,0.5737704918032787,27.25,20.5,0.475177304964539,0.2864864864864865,2.5,2.5,0.0,61.0,0.32211538461538464,-0.16666666666666663,-14.249999999999996,-3.166666666666668,-11.083333333333329,1.4764751723682643,-5.721707294030187,-149.50000000000006,-17.25,-248.91666666666666,2.25,99.66666666666667,-12.166666666666657,16.327495440711118,0.9375454419201201,-0.028606836724156093,-1.6109028062569575,1.002266374556168,-0.1523326888901908,0.014939185616076212,-7.916666666666668,-2.0,-0.025473162952704687,0.05301968635301968,-1.1666666666666667,-0.75,0.41666666666666674,-4.166666666666664,0.18696581196581202
2007,2008-01-02,Oklahoma,West Virginia,28,48,-20,0,0.8461538461538461,43.38461538461539,18.153846153846153,25.230769230769234,17.090633212076828,21.84854627564439,451.84615384615387,323.46153846153845,265.84615384615387,249.0,192.53846153846155,92.0,121.17813757291796,4.7137476459510355,2.8274231678487,9.391304347826088,6.8872340425531915,0.6766304347826086,0.6063829787234043,22.23076923076923,17.076923076923077,0.5144508670520231,0.32663316582914576,1.4615384615384615,2.1538461538461537,0.6923076923076923,54.0,0.5103550295857988,0.8333333333333334,38.916666666666664,17.25,21.666666666666664,17.845082507429595,18.277324915331732,450.5,291.9166666666667,162.41666666666666,204.66666666666666,292.9166666666667,107.58333333333333,118.31045446774193,5.967741935483871,2.9142212189616252,7.9227642276422765,6.9772727272727275,0.6747967479674797,0.5539772727272727,21.416666666666668,16.333333333333332,0.4906832298136646,0.3701657458563536,2.0,3.0,1.0,48.0,0.5208333333333334,0.012820512820512775,4.4679487179487225,0.9038461538461533,3.564102564102569,-0.7544492953527673,3.5712213603126592,1.346153846153868,31.544871794871767,103.42948717948721,44.33333333333334,-100.37820512820514,-15.583333333333329,2.8676831051760274,-1.2539942895328355,-0.08679805111292538,1.4685401201838113,-0.09003868471953602,0.0018336868151289654,0.05240570599613159,0.8141025641025621,0.7435897435897445,0.023767637238358563,-0.043532580027207834,-0.5384615384615385,-0.8461538461538463,-0.3076923076923077,6.0,-0.010478303747534556
2007,2008-01-03,Virginia Tech,Kansas,21,24,-3,0,0.8461538461538461,29.307692307692307,15.461538461538462,13.846153846153845,13.117320708288815,20.03682507221039,331.6923076923077,293.3076923076923,219.84615384615384,222.69230769230768,132.84615384615384,86.0,106.53902619493057,3.333976833976834,2.7536945812807883,8.21264367816092,6.03125,0.5890804597701149,0.5333333333333333,16.76923076923077,15.846153846153847,0.35714285714285715,0.28502415458937197,1.4615384615384615,2.4615384615384617,1.0000000000000002,55.53846153846154,0.5359960552268245,0.9166666666666666,44.333333333333336,16.0,28.333333333333336,17.665237220615126,22.349835603761193,491.0833333333333,318.25,306.75,237.91666666666666,196.58333333333334,91.41666666666667,86.62506285799459,4.955882352941177,3.0557103064066853,8.423340961098399,5.744466800804829,0.6407322654462243,0.5814889336016097,25.583333333333332,16.333333333333332,0.43529411764705883,0.3128205128205128,1.0833333333333333,2.75,1.6666666666666667,36.5,0.40651709401709407,-0.07051282051282048,-15.025641025641029,-0.5384615384615383,-14.48717948717949,-4.54791651232631,-2.313010531550802,-159.39102564102564,-24.94230769230768,-86.90384615384616,-15.224358974358978,-63.7371794871795,-5.416666666666671,19.91396333693598,-1.6219055189643425,-0.302015725125897,-0.21069728293747936,0.28678319919517126,-0.051651805676109386,-0.048155600268276366,-8.814102564102562,-0.48717948717948545,-0.07815126050420168,-0.02779635823114085,0.3782051282051282,-0.2884615384615383,-0.6666666666666665,19.03846153846154,0.1294789612097304
2007,2008-01-05,Ball State,Rutgers,30,52,-22,0,0.5833333333333334,31.583333333333332,26.333333333333332,5.25,10.858246412359371,17.20531101935467,430.9166666666667,417.3333333333333,291.4166666666667,229.08333333333334,147.25,197.0,85.612720309472,4.062068965517241,4.854209445585216,8.039080459770116,7.809659090909091,0.5701149425287356,0.6363636363636364,21.75,18.916666666666668,0.4734042553191489,0.423841059602649,0.9166666666666666,2.3333333333333335,1.416666666666667,56.166666666666664,0.45085470085470086,0.5833333333333334,31.166666666666668,21.833333333333332,9.333333333333336,14.44005372272387,25.32455988429677,437.1666666666667,316.5,253.91666666666666,178.58333333333334,190.16666666666666,155.91666666666666,99.81239978837876,4.591549295774648,3.8817427385892116,8.65625,6.781645569620253,0.5568181818181818,0.5063291139240507,22.416666666666668,16.75,0.4303030303030303,0.33695652173913043,2.1666666666666665,1.6666666666666667,-0.4999999999999998,59.75,0.5,0.0,0.4166666666666643,4.5,-4.083333333333336,-3.5818073103645,-8.1192488649421,-6.25,100.83333333333331,37.50000000000003,50.5,-42.91666666666666,41.08333333333334,-14.19967947890676,-0.5294803302574067,0.9724667069960042,-0.6171695402298845,1.0280135212888375,0.013296760710553857,0.1300345224395857,-0.6666666666666679,2.166666666666668,0.04310122501611863,0.08688453786351857,-1.25,0.6666666666666667,1.9166666666666667,-3.5833333333333357,-0.04914529914529914
2007,2008-01-06,Tulsa,Bowling Green,63,7,56,1,0.6923076923076923,39.46153846153846,35.38461538461539,4.076923076923073,12.183427162990611,22.18656327022258,542.5384615384615,469.0,390.7692307692308,283.61538461538464,167.92307692307693,195.92307692307693,98.06682703188966,4.173996175908222,4.614130434782608,9.825918762088975,8.032679738562091,0.5938104448742747,0.5925925925925926,26.384615384615383,23.923076923076923,0.48186528497409326,0.3939393939393939,2.3076923076923075,1.6153846153846154,-0.6923076923076921,57.69230769230769,0.46548323471400394,0.6666666666666666,32.083333333333336,29.5,2.5833333333333357,10.422513510607116,20.11990571699097,416.9166666666667,413.0,302.1666666666667,218.58333333333334,130.08333333333334,205.33333333333334,76.41686907213536,4.065104166666667,4.6403013182674195,7.325252525252525,7.8532934131736525,0.6303030303030303,0.6017964071856288,23.833333333333332,20.5,0.42168674698795183,0.4620253164556962,1.9166666666666667,2.3333333333333335,0.41666666666666674,57.833333333333336,0.3872863247863248,0.02564102564102566,7.378205128205124,5.884615384615387,1.4935897435897374,1.7609136523834952,2.066657553231611,125.62179487179486,56.0,88.60256410256409,65.0320512820513,37.83974358974359,-9.410256410256409,21.649957959754303,0.10889200924155507,-0.026170883484811114,2.50066623683645,0.1793863253884389,-0.03649258542875555,-0.009203814593036208,2.551282051282051,3.4230769230769234,0.06017853798614142,-0.0680859225163023,0.39102564102564075,-0.7179487179487181,-1.1089743589743588,-0.1410256410256423,0.07819690992767914
2007,2008-01-07,Ohio State,LSU,24,38,-14,0,0.9166666666666666,32.0,10.666666666666666,21.333333333333336,12.677826025280233,15.721053245616693,397.0,225.25,204.75,167.5,200.58333333333334,77.08333333333333,56.03408053870593,4.602294455066922,2.453580901856764,8.082236842105264,5.303430079155673,0.6447368421052632,0.5197889182058048,20.916666666666668,12.916666666666666,0.4764705882352941,0.2988505747126437,1.75,1.6666666666666667,-0.08333333333333326,40.916666666666664,0.4561965811965812,0.8461538461538461,38.69230769230769,19.615384615384617,19.076923076923077,10.274439282223755,19.284974887467612,448.15384615384613,283.84615384615387,244.15384615384616,200.53846153846155,218.92307692307693,103.07692307692308,81.82282297118793,5.0550621669627,3.087557603686636,7.648192771084338,6.134117647058823,0.5710843373493976,0.46352941176470586,22.53846153846154,16.307692307692307,0.45365853658536587,0.35978835978835977,1.1538461538461537,2.6153846153846154,1.4615384615384617,64.92307692307692,0.5542406311637081,0.07051282051282048,-6.692307692307693,-8.94871794871795,2.256410256410259,2.403386743056478,-3.5639216418509196,-51.15384615384613,-58.59615384615387,-39.40384615384616,-33.03846153846155,-18.33974358974359,-25.99358974358975,-25.788742432482003,-0.45276771189577847,-0.6339767018298721,0.4340440710209261,-0.8306875679031505,0.0736525047558656,0.056259506441098894,-1.6217948717948723,-3.3910256410256405,0.022812051649928222,-0.06093778507571607,0.5961538461538463,-0.9487179487179487,-1.544871794871795,-24.006410256410255,-0.09804404996712696
2008,2008-12-20,Arizona,BYU,31,21,10,1,0.5833333333333334,37.083333333333336,21.333333333333332,15.750000000000004,17.259823728865687,23.335984697847696,401.25,302.0833333333333,251.83333333333334,180.25,164.0,132.33333333333334,103.32484080448772,4.1344537815126055,4.189973614775726,8.015915119363395,5.991689750692521,0.6419098143236074,0.5484764542936288,22.25,14.75,0.4472049689440994,0.3333333333333333,1.5,1.9166666666666667,0.41666666666666674,32.333333333333336,0.42254273504273504,0.8333333333333334,35.333333333333336,21.166666666666668,14.166666666666668,13.607039176526065,24.505410657957796,444.0833333333333,350.9166666666667,318.5,218.75,135.16666666666666,144.41666666666666,78.78792977853828,4.137755102040816,3.89438202247191,8.550335570469798,7.018716577540107,0.6890380313199105,0.6042780748663101,24.416666666666668,20.666666666666668,0.5590062111801242,0.44642857142857145,2.4166666666666665,2.4166666666666665,0.0,67.41666666666667,0.40277777777777773,-0.25,1.75,0.1666666666666643,1.5833333333333357,3.6527845523396216,-1.1694259601101002,-42.833333333333314,-48.83333333333337,-66.66666666666666,-38.5,28.833333333333343,-12.083333333333314,24.536911025949436,-0.0033013205282106384,0.2955915923038157,-0.5344204511064028,-1.0270268268475862,-0.047128216996303096,-0.05580162057268134,-2.166666666666668,-5.916666666666668,-0.11180124223602478,-0.11309523809523814,-0.9166666666666665,-0.4999999999999998,0.41666666666666674,-35.083333333333336,0.019764957264957306
2008,2008-12-20,Fresno State,Colorado State,35,40,-5,0,0.5833333333333334,29.166666666666668,30.333333333333332,-1.1666666666666643,12.847591449785678,17.87244366124125,383.3333333333333,393.5,217.83333333333334,206.33333333333334,176.83333333333334,197.33333333333334,75.53726754310607,4.822727272727272,5.250554323725056,7.489971346704871,6.994350282485875,0.5959885386819485,0.5847457627118644,20.75,19.916666666666668,0.4090909090909091,0.3597560975609756,1.9166666666666667,1.0,-0.9166666666666667,43.166666666666664,0.46848290598290604,0.5,23.916666666666668,29.833333333333332,-5.916666666666664,12.176417844142485,17.427555679718743,377.25,408.0833333333333,262.6666666666667,227.5,129.75,185.25,92.52530366435884,3.7338129496402876,5.157772621809745,7.9395465994962215,7.319034852546917,0.6020151133501259,0.6434316353887399,20.0,21.5,0.43902439024390244,0.4691358024691358,1.6666666666666667,1.8333333333333333,0.16666666666666652,40.083333333333336,0.5208333333333334,0.08333333333333337,5.25,0.5,4.75,0.6711736056431938,0.4448879815225055,6.083333333333314,-14.583333333333314,-44.83333333333334,-21.166666666666657,47.08333333333334,12.083333333333343,-16.988036121252776,1.0889143230869847,0.09278170191531121,-0.4495752527913508,-0.32468457006104146,-0.006026574668177465,-0.05868587267687553,0.75,-1.5833333333333321,-0.029933481152993324,-0.10937970490816018,0.25,-0.8333333333333333,-1.0833333333333333,3.0833333333333286,-0.05235042735042733
2008,2008-12-20,USF,Memphis,41,14,27,1,0.5833333333333334,26.5,20.5,6.0,15.282194035721917,22.266975138491123,397.4166666666667,291.75,255.75,205.66666666666666,159.83333333333334,97.66666666666667,100.22470964908017,4.08955223880597,2.8866995073891624,8.140583554376658,7.19533527696793,0.623342175066313,0.5335276967930029,21.916666666666668,16.416666666666668,0.4658385093167702,0.3699421965317919,2.0833333333333335,1.5833333333333333,-0.5000000000000002,67.66666666666667,0.49412393162393164,0.5,28.25,26.0,2.25,9.430366810565651,16.382501751453095,432.1666666666667,341.9166666666667,233.41666666666666,206.16666666666666,205.58333333333334,146.25,95.6364644543771,4.837254901960784,4.655172413793103,6.967661691542289,7.755485893416928,0.5696517412935324,0.5329153605015674,24.5,15.833333333333334,0.47513812154696133,0.3624161073825503,1.5,1.4166666666666667,-0.08333333333333326,41.166666666666664,0.39797008547008544,0.08333333333333337,-1.75,-5.5,3.75,5.851827225156265,5.884473387038028,-34.75,-50.166666666666686,22.333333333333343,-0.5,-45.75,-48.58333333333333,4.588245194703063,-0.747702663154814,-1.7684729064039408,1.172921862834369,-0.5601506164489978,0.0536904337727806,0.0006123362914355335,-2.583333333333332,0.5833333333333339,-0.009299612230191157,0.007526089149241577,0.5833333333333335,0.16666666666666652,-0.41666666666666696,26.500000000000007,0.0961538461538462
2008,2008-12-20,Navy,Wake Forest,19,29,-10,0,0.6666666666666666,27.833333333333332,21.416666666666668,6.416666666666664,7.432524755587717,17.25982372886569,361.6666666666667,341.8333333333333,66.91666666666667,220.5,298.3333333333333,126.16666666666667,101.62885536315089,5.367316341829086,3.613365155131265,9.337209302325581,8.018181818181818,0.5116279069767442,0.6545454545454545,17.666666666666668,18.416666666666668,0.4727272727272727,0.4666666666666667,1.1666666666666667,2.5,1.3333333333333333,26.5,0.46581196581196577,0.5833333333333334,20.333333333333332,18.25,2.083333333333332,11.396437508221062,13.235340661435293,300.25,300.3333333333333,203.91666666666666,196.5,111.58333333333333,116.08333333333333,57.528056396225246,2.867237687366167,3.397560975609756,6.816155988857939,6.288,0.6211699164345403,0.5253333333333333,16.666666666666668,16.25,0.3567567567567568,0.36416184971098264,1.75,3.0833333333333335,1.3333333333333335,47.583333333333336,0.5438034188034188,0.08333333333333326,7.5,3.166666666666668,4.333333333333332,-3.9639127526333455,4.024483067430397,61.416666666666686,41.5,-137.0,24.0,186.75,10.083333333333343,44.100798966925645,2.5000786544629188,0.2158041795215091,2.5210533134676423,1.7301818181818174,-0.10954200945779613,0.12921212121212122,1.0,2.166666666666668,0.11597051597051594,0.10250481695568403,-0.5833333333333333,-0.5833333333333335,-2.220446049250313e-16,-21.083333333333336,-0.07799145299145299
2008,2008-12-21,Troy,Southern Miss,27,30,-3,0,0.6666666666666666,33.25,20.583333333333332,12.666666666666668,14.422993006748886,26.486131305178404,421.5,319.5833333333333,250.41666666666666,200.25,175.5,139.16666666666666,119.4346531105456,5.099273607748184,3.4791666666666665,6.27348643006263,6.177377892030848,0.6116910229645094,0.5449871465295629,22.5,17.166666666666668,0.3668639053254438,0.37222222222222223,1.8333333333333333,2.5,0.6666666666666667,60.25,0.42361111111111116,0.5,30.666666666666668,23.833333333333332,6.833333333333336,17.253897232131923,20.866821569760987,434.5,369.6666666666667,251.75,235.25,196.33333333333334,145.75,123.47064428438041,4.769230769230769,4.450381679389313,7.141843971631205,7.004962779156328,0.5721040189125296,0.5806451612903226,22.25,20.333333333333332,0.44329896907216493,0.38961038961038963,1.25,2.3333333333333335,1.0833333333333335,73.5,0.4882478632478633,0.16666666666666663,2.583333333333332,-3.25,5.833333333333332,-2.830904225383037,5.619309735417417,-13.0,-50.08333333333337,-1.3333333333333428,-35.0,-20.833333333333343,-6.583333333333343,-4.035991173834816,0.3300428385174152,-0.9712150127226464,-0.8683575415685754,-0.8275848871254796,0.03958700405197979,-0.03565801476075969,0.25,-3.1666666666666643,-0.07643506374672115,-0.017388167388167397,0.5833333333333333,0.16666666666666652,-0.41666666666666674,-13.25,-0.06463675213675213
2008,2008-12-23,TCU,Boise State,17,16,1,1,0.8333333333333334,35.0,10.916666666666666,24.083333333333336,18.070568738848664,23.070872361381387,417.0833333333333,215.08333333333334,213.16666666666666,191.91666666666666,215.66666666666666,48.666666666666664,80.44699930370118,4.3790186125211505,1.7432835820895523,7.635820895522388,6.598853868194842,0.582089552238806,0.4899713467048711,23.083333333333332,12.0,0.5125628140703518,0.2865853658536585,1.0833333333333333,2.8333333333333335,1.7500000000000002,72.83333333333333,0.4727564102564103,1.0,39.416666666666664,12.25,27.166666666666664,12.033727853853353,15.97061695929766,456.75,294.5,301.75,202.58333333333334,162.66666666666666,104.91666666666667,81.74141600748725,4.55011655011655,2.9623529411764706,8.985111662531017,5.886198547215496,0.684863523573201,0.513317191283293,22.5,16.666666666666668,0.4503311258278146,0.3089005235602094,2.0,2.75,0.75,67.83333333333333,0.4337606837606838,-0.16666666666666663,-4.416666666666664,-1.333333333333334,-3.0833333333333286,6.036840884995311,7.100255402083727,-39.666666666666686,-79.41666666666666,-88.58333333333334,-10.666666666666686,53.0,-56.25000000000001,-1.2944167037860694,-0.17109793759539915,-1.2190693590869184,-1.349290767008629,0.712655320979346,-0.10277397133439503,-0.023345844578421926,0.5833333333333321,-4.666666666666668,0.062231688242537164,-0.022315157706550903,-0.9166666666666667,0.08333333333333348,1.0000000000000002,5.0,0.038995726495726524
2008,2008-12-24,Notre Dame,Hawaii,49,21,28,1,0.5,22.666666666666668,22.25,0.41666666666666785,12.78730430994553,17.16475423298533,344.8333333333333,327.5,246.58333333333334,196.5,113.41666666666667,142.66666666666666,111.80895502705687,3.3855721393034828,4.1654501216545015,7.062052505966587,6.238095238095238,0.5894988066825776,0.5291005291005291,18.833333333333332,17.583333333333332,0.34705882352941175,0.33540372670807456,2.5,1.9166666666666667,-0.5833333333333333,49.083333333333336,0.48824786324786323,0.5384615384615384,24.923076923076923,27.307692307692307,-2.3846153846153832,13.738398368936233,22.47049347306545,344.84615384615387,335.46153846153845,268.84615384615387,200.69230769230768,99.3076923076923,149.53846153846155,69.0481066043163,3.2849872773536894,4.2725274725274724,7.836322869955157,7.651026392961877,0.5874439461883408,0.5630498533724341,18.46153846153846,17.384615384615383,0.35502958579881655,0.34104046242774566,3.0,2.3076923076923075,-0.6923076923076925,77.92307692307692,0.5004930966469427,-0.038461538461538436,-2.2564102564102555,-5.057692307692307,2.801282051282051,-0.9510940589907033,-5.305739240080118,-0.012820512820553631,-7.961538461538453,-22.262820512820525,-4.192307692307679,14.108974358974365,-6.87179487179489,42.760848422740565,0.10058486194979332,-0.10707735087297099,-0.7742703639885695,-1.412931154866639,0.0020548604942367543,-0.033949324271905,0.37179487179487225,0.1987179487179489,-0.007970762269404796,-0.005636735719671104,-0.5,-0.39102564102564075,0.10897435897435925,-28.839743589743584,-0.012245233399079514
2008,2008-12-26,Central Michigan,Florida Atlantic,21,24,-3,0,0.6666666666666666,30.25,30.75,-0.5,9.136589775582173,14.222261679238196,427.0833333333333,424.25,309.5833333333333,297.4166666666667,134.25,138.58333333333334,81.97278742843798,3.556291390728477,4.24234693877551,8.443181818181818,8.12984054669704,0.6568181818181819,0.6355353075170843,23.416666666666668,21.666666666666668,0.49162011173184356,0.44047619047619047,0.9166666666666666,1.3333333333333333,0.41666666666666663,57.583333333333336,0.44764957264957267,0.5,25.166666666666668,29.333333333333332,-4.166666666666664,18.939296969448726,21.036044103280243,391.5,402.1666666666667,258.5833333333333,224.83333333333334,141.0,183.0,115.1311505118481,4.4526315789473685,4.41851106639839,7.370546318289787,7.45303867403315,0.5296912114014252,0.6353591160220995,19.916666666666668,20.25,0.41818181818181815,0.4024390243902439,2.3333333333333335,1.5833333333333333,-0.7500000000000002,71.83333333333333,0.47222222222222215,0.16666666666666663,5.083333333333332,1.4166666666666679,3.6666666666666643,-9.802707193866553,-6.8137824240420475,35.583333333333314,22.083333333333314,51.0,72.58333333333334,-6.75,-44.41666666666666,-33.15836308341012,-0.8963401882188915,-0.17616412762288025,1.0726354998920318,0.6768018726638898,0.1271269704167567,0.00017619149498482312,3.5,1.4166666666666679,0.0734382935500254,0.03803716608594654,-1.416666666666667,-0.25,1.166666666666667,-14.249999999999993,-0.024572649572649485
2008,2008-12-27,California,Miami (FL),24,17,7,1,0.6666666666666666,33.333333333333336,20.166666666666668,13.166666666666668,15.796048604481802,24.45713628271951,379.1666666666667,315.4166666666667,210.75,213.0,183.66666666666666,122.5,113.30075289273505,5.441975308641975,3.1749460043196542,6.726063829787234,6.537084398976982,0.5292553191489362,0.5063938618925832,18.25,17.666666666666668,0.30405405405405406,0.30337078651685395,1.5,2.8333333333333335,1.3333333333333335,53.25,0.5058760683760684,0.5833333333333334,27.916666666666668,24.166666666666668,3.75,14.588029546878703,18.096333129318566,327.0833333333333,315.75,211.83333333333334,187.83333333333334,130.08333333333334,146.41666666666666,97.27417515206776,3.9619289340101522,3.794816414686825,6.870270270270271,7.155555555555556,0.572972972972973,0.5142857142857142,17.0,16.833333333333332,0.3352941176470588,0.3742690058479532,1.9166666666666667,1.3333333333333333,-0.5833333333333335,47.916666666666664,0.5165598290598291,0.08333333333333326,5.416666666666668,-4.0,9.416666666666668,1.2080190576030994,6.360803153400944,52.08333333333337,-0.3333333333333144,-1.0833333333333428,25.166666666666657,53.583333333333314,-23.916666666666657,16.026577740667292,1.480046374631823,-0.6198704103671706,-0.14420644048303632,-0.6184711565785737,-0.043717653824036806,-0.00789185239313106,1.25,0.8333333333333357,-0.03124006359300474,-0.07089821933109924,-0.41666666666666674,1.5000000000000002,1.916666666666667,5.333333333333336,-0.010683760683760757
2008,2008-12-27,North Carolina,West Virginia,30,31,-1,0,0.6666666666666666,27.5,20.333333333333332,7.166666666666668,11.797534411130918,16.835208416418325,317.3333333333333,357.9166666666667,209.41666666666666,225.91666666666666,125.08333333333333,140.75,52.01107108252544,3.556872037914692,3.821266968325792,8.547619047619047,6.246543778801843,0.564625850340136,0.6013824884792627,15.833333333333334,20.416666666666668,0.42592592592592593,0.4117647058823529,1.8333333333333333,2.3333333333333335,0.5000000000000002,42.75,0.5181623931623932,0.6666666666666666,24.0,15.916666666666666,8.083333333333334,12.504544628399563,14.04834725532013,352.5,325.5,142.83333333333334,196.41666666666666,217.16666666666666,134.83333333333334,83.56108272069328,5.486315789473684,3.6278026905829597,6.278388278388278,5.86318407960199,0.6446886446886447,0.5572139303482587,18.0,19.583333333333332,0.3924050632911392,0.4180790960451977,1.1666666666666667,2.5,1.3333333333333333,43.75,0.48931623931623935,0.0,3.5,4.416666666666666,-0.9166666666666661,-0.7070102172686443,2.786861161098196,-35.166666666666686,32.416666666666686,66.58333333333331,29.5,-92.08333333333333,5.916666666666657,-31.550011638167838,-1.929443751558992,0.19346427774283237,2.269230769230769,0.38335969919985313,-0.08006279434850871,0.044168558131003954,-2.166666666666666,0.8333333333333357,0.03352086263478671,-0.006314390162844796,0.6666666666666665,-0.16666666666666652,-0.833333333333333,-1.0,0.028846153846153855
2008,2008-12-27,Florida State,Wisconsin,42,13,29,1,0.6666666666666666,32.666666666666664,20.75,11.916666666666664,17.07381479093502,26.161937422464906,368.6666666666667,291.75,200.33333333333334,179.08333333333334,182.83333333333334,126.83333333333333,107.54223976342195,4.930337078651686,3.6941747572815533,6.868571428571428,6.5920245398773005,0.5371428571428571,0.50920245398773,20.166666666666668,16.5,0.44516129032258067,0.2611464968152866,2.3333333333333335,2.0833333333333335,-0.25,70.58333333333333,0.5256410256410257,0.5833333333333334,28.666666666666668,25.25,3.416666666666668,14.840566843703249,21.72747876154372,404.75,322.3333333333333,206.33333333333334,199.25,212.0,133.25,87.39266143519873,4.809073724007561,3.8810679611650487,7.8107255520504735,6.514986376021798,0.5394321766561514,0.5149863760217984,19.916666666666668,17.25,0.39285714285714285,0.38011695906432746,2.5,1.8333333333333333,-0.6666666666666667,49.25,0.5416666666666666,0.08333333333333326,3.9999999999999964,-4.5,8.499999999999996,2.2332479472317726,4.434458660921187,-36.083333333333314,-30.583333333333314,-6.0,-20.166666666666657,-29.166666666666657,-6.416666666666671,20.149578328223214,0.12126335464412463,-0.1868932038834954,-0.9421541234790451,0.07703816385550244,-0.0022893195132942523,-0.005783922034068412,0.25,-0.75,0.05230414746543782,-0.11897046224904084,-0.16666666666666652,0.2500000000000002,0.41666666666666674,21.33333333333333,-0.01602564102564097
2008,2008-12-28,Louisiana Tech,Northern Illinois,17,10,7,1,0.5833333333333334,25.25,24.833333333333332,0.41666666666666785,16.460006627635913,19.204442352242516,352.0,379.6666666666667,168.41666666666666,289.9166666666667,195.0,99.75,103.25343929997067,4.7560975609756095,2.962871287128713,6.3955696202531644,8.109557109557109,0.4620253164556962,0.6107226107226107,18.5,19.916666666666668,0.34285714285714286,0.3728813559322034,1.75,2.1666666666666665,0.4166666666666665,53.583333333333336,0.4198717948717949,0.5,25.333333333333332,18.083333333333332,7.25,14.480917432848296,22.962914765888378,334.75,302.8333333333333,168.83333333333334,171.75,172.75,140.33333333333334,73.16994539488813,4.410638297872341,4.147783251231527,7.476014760147602,6.627009646302251,0.5756457564575646,0.6302250803858521,17.75,16.75,0.43506493506493504,0.40397350993377484,1.25,1.8333333333333333,0.5833333333333333,41.666666666666664,0.45886752136752135,0.08333333333333337,-0.08333333333333215,6.75,-6.833333333333332,1.9790891947876172,-3.758472413645862,17.25,76.83333333333337,-0.4166666666666856,118.16666666666669,22.25,-40.58333333333334,30.083493905082534,0.3454592631032689,-1.1849119641028136,-1.0804451398944375,1.4825474632548579,-0.11362044000186833,-0.01950246966324143,0.75,3.166666666666668,-0.09220779220779218,-0.031092154001571448,0.5,0.33333333333333326,-0.16666666666666674,11.916666666666671,-0.03899572649572647
2008,2008-12-29,Northwestern,Missouri,23,30,-7,0,0.75,24.5,19.333333333333332,5.166666666666668,9.596400840466654,17.187909774729516,357.0,343.0,220.66666666666666,226.91666666666666,147.58333333333334,127.66666666666667,72.63482760919985,3.926829268292683,3.6132075471698113,6.380722891566265,6.36214953271028,0.6072289156626506,0.5841121495327103,20.166666666666668,19.083333333333332,0.4574468085106383,0.33519553072625696,2.3333333333333335,2.0,-0.3333333333333335,43.333333333333336,0.4166666666666667,0.6923076923076923,43.15384615384615,27.53846153846154,15.615384615384613,14.25275501932962,29.898546401507165,497.46153846153845,414.2307692307692,347.53846153846155,300.9230769230769,157.07692307692307,128.92307692307693,86.82224694225879,5.276485788113695,3.5659574468085107,8.671785028790786,7.2444444444444445,0.7236084452975048,0.6425925925925926,25.923076923076923,23.53846153846154,0.54421768707483,0.4523809523809524,1.7692307692307692,1.8461538461538463,0.0769230769230771,38.53846153846154,0.522189349112426,0.05769230769230771,-18.653846153846153,-8.205128205128208,-10.448717948717945,-4.656354178862966,-12.71063662677765,-140.46153846153845,-71.23076923076923,-126.87179487179489,-74.00641025641025,-9.493589743589723,-1.2564102564102626,-14.18741933305894,-1.3496565198210124,0.04725010036130062,-2.2910621372245217,-0.8822949117341645,-0.1163795296348542,-0.058480443059882314,-5.7564102564102555,-4.455128205128208,-0.08677087856419169,-0.11718542165469542,0.5641025641025643,0.15384615384615374,-0.4102564102564106,4.794871794871796,-0.1055226824457593
2008,2008-12-29,Rutgers,NC State,29,23,6,1,0.5833333333333334,29.0,18.5,10.5,18.90165937881453,24.201803088350108,395.1666666666667,323.9166666666667,278.9166666666667,198.41666666666666,128.83333333333334,139.0,121.42175432863102,3.9641025641025642,3.773755656108597,8.877984084880637,8.413427561837455,0.6047745358090185,0.6113074204946997,20.25,15.166666666666666,0.41216216216216217,0.3081761006289308,1.75,1.5833333333333333,-0.16666666666666674,40.833333333333336,0.5219017094017094,0.5,23.5,26.083333333333332,-2.583333333333332,12.544466364243494,18.61796948860933,326.3333333333333,387.0833333333333,216.91666666666666,250.66666666666666,125.5,144.25,88.00654245652147,3.6289156626506025,4.232273838630807,7.373937677053824,7.354523227383863,0.5127478753541076,0.6259168704156479,17.083333333333332,21.333333333333332,0.3674698795180723,0.4025157232704403,1.4166666666666667,2.3333333333333335,0.9166666666666667,45.583333333333336,0.5459401709401709,0.08333333333333337,5.5,-7.583333333333332,13.083333333333332,6.357193014571035,5.583833599740778,68.83333333333337,-63.16666666666663,62.00000000000003,-52.25,3.333333333333343,-5.25,33.41521187210955,0.3351869014519617,-0.45851818252220955,1.504046407826813,1.058904334453592,0.09202666045491092,-0.014609449920948259,3.166666666666668,-6.166666666666666,0.044692282644089865,-0.09433962264150947,0.33333333333333326,-0.7500000000000002,-1.0833333333333335,-4.75,-0.024038461538461453
2008,2008-12-30,Nevada,Maryland,35,42,-7,0,0.5833333333333334,37.833333333333336,31.5,6.333333333333336,11.043989178267832,25.37118384500356,510.5833333333333,395.5833333333333,229.91666666666666,336.75,291.4166666666667,74.5,81.86625271339426,6.244642857142857,2.6449704142011834,7.476964769647696,8.436325678496868,0.5420054200542005,0.5386221294363257,25.25,19.166666666666668,0.4010989010989011,0.38857142857142857,2.0,1.8333333333333333,-0.16666666666666674,59.416666666666664,0.4914529914529915,0.5833333333333334,20.083333333333332,21.416666666666668,-1.3333333333333357,13.787071238422369,18.79232596438012,341.9166666666667,355.0,223.58333333333334,216.41666666666666,134.5,149.41666666666666,78.42130778781693,4.075757575757576,3.949339207048458,7.212365591397849,6.87037037037037,0.5752688172043011,0.6164021164021164,17.833333333333332,19.583333333333332,0.40372670807453415,0.3614457831325301,1.9166666666666667,1.1666666666666667,-0.75,40.5,0.5112179487179488,0.0,17.750000000000004,10.083333333333332,7.666666666666671,-2.7430820601545367,6.578857880623442,168.66666666666663,40.583333333333314,6.333333333333314,120.33333333333334,156.91666666666669,-74.91666666666666,3.4449449255773317,2.168885281385281,-1.3043687928472747,0.26459917824984736,1.5659553081264974,-0.033263397150100626,-0.07777998696579069,7.416666666666668,-0.4166666666666643,-0.002627806975633029,0.02712564543889845,0.08333333333333326,0.6666666666666665,0.5833333333333333,18.916666666666664,-0.019764957264957306
2008,2008-12-30,Oregon,Oklahoma State,42,31,11,1,0.75,41.916666666666664,28.0,13.916666666666664,18.908672052470497,24.11509649136571,478.1666666666667,383.0,208.83333333333334,282.3333333333333,277.8333333333333,119.41666666666667,135.80121390094308,6.1174311926605505,3.075107296137339,7.3274853801169595,7.058333333333334,0.543859649122807,0.58125,23.333333333333332,20.75,0.3905325443786982,0.4028436018957346,2.0,2.5,0.5,63.083333333333336,0.4780982905982906,0.75,41.583333333333336,26.916666666666668,14.666666666666668,14.443987949274531,24.477571675955012,489.25,392.25,240.08333333333334,275.5,256.0,123.75,119.8644120359637,5.636697247706422,3.9705882352941178,10.476363636363637,6.705882352941177,0.6618181818181819,0.6247464503042597,24.75,22.833333333333332,0.4748201438848921,0.39634146341463417,1.5833333333333333,2.0833333333333335,0.5000000000000002,55.416666666666664,0.5085470085470085,0.0,0.3333333333333286,1.0833333333333321,-0.7500000000000036,4.464684103195966,-0.3624751845893037,-11.083333333333314,-9.25,-31.25,6.833333333333314,21.833333333333314,-4.333333333333329,15.936801864979387,0.48073394495412813,-0.8954809391567786,-3.148878256246677,0.35245098039215694,-0.11795853269537482,-0.04349645030425964,-1.4166666666666679,-2.083333333333332,-0.08428759950619386,0.006502138481100428,0.41666666666666674,0.4166666666666665,-2.220446049250313e-16,7.666666666666671,-0.030448717948717896
2008,2008-12-30,Rice,Western Michigan,38,14,24,1,0.75,41.583333333333336,34.916666666666664,6.666666666666671,17.578180345030717,27.681084231699163,472.25,466.75,345.0,290.1666666666667,144.41666666666666,192.91666666666666,80.31542928863782,4.206310679611651,5.237556561085973,8.8272921108742,8.004597701149425,0.6567164179104478,0.5770114942528736,25.833333333333332,24.25,0.49375,0.47058823529411764,1.4166666666666667,2.5,1.0833333333333333,40.666666666666664,0.4252136752136752,0.75,29.833333333333332,23.833333333333332,6.0,11.247895426040888,17.81215111301067,422.6666666666667,390.3333333333333,309.9166666666667,261.3333333333333,121.5,140.91666666666666,97.42907288086163,4.300884955752212,3.8431818181818183,7.558943089430894,7.800995024875622,0.6626016260162602,0.5621890547263682,22.0,19.5,0.42948717948717946,0.40217391304347827,1.75,1.5,-0.25,46.916666666666664,0.4337606837606838,0.0,11.750000000000004,11.083333333333332,0.6666666666666714,6.330284918989829,9.868933118688492,49.583333333333314,76.41666666666669,35.083333333333314,28.83333333333337,22.916666666666657,52.0,-17.11364359222381,-0.09457427614056169,1.3943747429041546,1.2683490214433064,0.20360267627380324,-0.0058852081058123895,0.014822439526505415,3.833333333333332,4.75,0.06426282051282056,0.06841432225063937,-0.33333333333333326,1.0,1.3333333333333333,-6.25,-0.008547008547008572
2008,2008-12-31,Pittsburgh,Oregon State,0,3,-3,0,0.75,29.333333333333332,23.0,6.333333333333332,8.63747999164459,15.113710412213225,356.1666666666667,320.8333333333333,226.33333333333334,208.33333333333334,143.25,127.83333333333333,83.88935714632842,3.778021978021978,3.643705463182898,7.694050991501417,7.0821529745042495,0.5779036827195467,0.5495750708215298,19.083333333333332,16.833333333333332,0.3674698795180723,0.3567251461988304,2.3333333333333335,1.9166666666666667,-0.41666666666666674,35.416666666666664,0.5731837606837606,0.6666666666666666,32.833333333333336,25.0,7.833333333333336,13.279056191361391,24.71228378149154,418.25,323.3333333333333,263.6666666666667,209.58333333333334,164.58333333333334,134.75,67.10253348421354,4.321663019693654,3.8776978417266186,7.812345679012346,7.714723926380368,0.6148148148148148,0.5337423312883436,22.083333333333332,16.333333333333332,0.41566265060240964,0.3125,1.6666666666666667,1.75,0.08333333333333326,57.5,0.5576923076923077,0.08333333333333337,-3.5000000000000036,-2.0,-1.5000000000000036,-4.641576199716802,-9.598573369278315,-62.083333333333314,-2.5,-37.33333333333334,-1.25,-21.333333333333343,-6.916666666666671,16.786823662114884,-0.5436410416716759,-0.23399237854372057,-0.11829468751092875,-0.6325709518761187,-0.036911132095268084,0.015832739533186202,-3.0,0.5,-0.04819277108433734,0.04422514619883039,0.6666666666666667,0.16666666666666674,-0.5,-22.083333333333336,0.015491452991452936
2008,2008-12-31,Minnesota,Kansas,21,42,-21,0,0.5833333333333334,23.416666666666668,23.333333333333332,0.0833333333333357,12.802402710097633,23.30219784145745,322.25,378.4166666666667,230.41666666666666,246.83333333333334,105.83333333333333,146.83333333333334,92.19655386973282,3.190954773869347,4.107226107226107,7.276315789473684,7.8153034300791555,0.6263157894736842,0.5725593667546174,16.166666666666668,18.916666666666668,0.35502958579881655,0.3772455089820359,1.5,2.6666666666666665,1.1666666666666665,54.5,0.46527777777777773,0.5833333333333334,32.666666666666664,29.5,3.1666666666666643,11.039872638703214,23.893069871382956,421.0833333333333,398.5833333333333,314.5833333333333,283.25,124.16666666666667,125.41666666666667,87.10856166388879,3.6699507389162562,4.1689750692520775,8.38888888888889,7.140756302521009,0.66,0.6197478991596639,22.166666666666668,21.166666666666668,0.5,0.42771084337349397,1.75,1.9166666666666667,0.16666666666666674,42.083333333333336,0.5582264957264957,0.0,-9.249999999999996,-6.166666666666668,-3.0833333333333286,1.7625300713944192,-0.5908720299255066,-98.83333333333331,-20.16666666666663,-84.16666666666666,-36.41666666666666,-18.333333333333343,21.41666666666667,5.0879922058440314,-0.47899596504690933,-0.06174896202597058,-1.1125730994152052,0.6745471275581467,-0.03368421052631587,-0.0471885324050465,-6.0,-2.25,-0.14497041420118345,-0.05046533439145806,-0.25,0.7499999999999998,0.9999999999999998,12.416666666666664,-0.09294871794871801
2008,2008-12-31,Georgia Tech,LSU,3,38,-35,0,0.75,26.166666666666668,18.833333333333332,7.333333333333336,12.91111806533306,15.517341228054462,377.3333333333333,312.6666666666667,103.75,204.08333333333334,282.3333333333333,116.91666666666667,108.86716955106625,5.6466666666666665,3.534005037783375,8.892857142857142,6.311855670103093,0.4714285714285714,0.5902061855670103,16.583333333333332,17.083333333333332,0.3835616438356164,0.3785310734463277,2.0,2.6666666666666665,0.6666666666666665,44.166666666666664,0.4764957264957265,0.5833333333333334,30.333333333333332,25.916666666666668,4.416666666666664,9.28667993646945,19.84237125370093,369.5833333333333,317.0833333333333,216.0,221.25,167.0,105.25,79.02181325239867,4.404395604395605,3.350132625994695,7.18005540166205,6.896103896103896,0.5207756232686981,0.548051948051948,19.416666666666668,15.833333333333334,0.38461538461538464,0.31901840490797545,1.6666666666666667,1.5,-0.16666666666666674,47.833333333333336,0.49412393162393164,0.16666666666666663,-4.166666666666664,-7.083333333333336,2.9166666666666714,3.624438128863609,-4.325030025646466,7.75,-4.416666666666629,-112.25,-17.166666666666657,115.33333333333331,11.666666666666671,29.845356298667582,1.2422710622710618,0.18387241178868008,1.7128017411950927,-0.5842482260008035,-0.049347051840126666,0.04215423751506231,-2.8333333333333357,1.2499999999999982,-0.0010537407797682197,0.05951266853835224,0.33333333333333326,1.1666666666666665,0.8333333333333333,-3.6666666666666714,-0.01762820512820512
2008,2008-12-31,Vanderbilt,Boston College,16,14,2,1,0.5,19.416666666666668,20.083333333333332,-0.6666666666666643,10.334921676558853,13.586981291150018,260.9166666666667,318.6666666666667,138.08333333333334,190.08333333333334,138.16666666666666,145.0,74.00793364514537,3.811494252873563,3.8410596026490067,5.54180602006689,6.9969325153374236,0.4916387959866221,0.5460122699386503,15.416666666666666,17.583333333333332,0.33727810650887574,0.3619631901840491,1.75,2.4166666666666665,0.6666666666666665,39.416666666666664,0.5352564102564102,0.6923076923076923,25.53846153846154,18.53846153846154,7.0,8.685384127135508,17.387735140993303,318.46153846153845,273.38461538461536,184.92307692307693,195.15384615384616,143.0,92.15384615384616,93.54821874717463,3.872916666666667,2.8660287081339715,5.834951456310679,6.113253012048193,0.529126213592233,0.563855421686747,18.384615384615383,15.153846153846153,0.3544973544973545,0.3333333333333333,2.5384615384615383,2.8461538461538463,0.30769230769230793,36.92307692307692,0.5295857988165681,-0.1923076923076923,-6.121794871794872,1.544871794871792,-7.666666666666664,1.6495375494233446,-3.800753849843286,-57.54487179487177,45.28205128205133,-46.83974358974359,-5.070512820512818,-4.833333333333343,52.84615384615384,-19.54028510202926,-0.06142241379310365,0.9750308945150352,-0.2931454362437895,0.8836795032892306,-0.03748741760561092,-0.017843151748096697,-2.967948717948717,2.429487179487179,-0.017219247988478736,0.028629856850715785,-0.7884615384615383,-0.42948717948717974,0.3589743589743586,2.4935897435897445,0.005670611439842155
2008,2008-12-31,Air Force,Houston,28,34,-6,0,0.6666666666666666,26.666666666666668,21.25,5.416666666666668,8.876253645985946,18.990228747405542,348.8333333333333,335.3333333333333,81.16666666666667,209.66666666666666,268.9166666666667,139.75,134.1863245527267,4.545070422535211,3.5833333333333335,8.116666666666667,7.356725146198831,0.55,0.5760233918128655,18.25,19.166666666666668,0.4198895027624309,0.42613636363636365,1.25,2.5,1.25,49.25,0.4930555555555556,0.5833333333333334,41.166666666666664,31.166666666666668,9.999999999999996,12.897028081435401,22.631434293517902,575.0833333333334,418.5833333333333,429.0833333333333,258.3333333333333,161.0,169.5,88.94887022976467,5.165775401069519,4.2375,8.923743500866552,7.73067331670823,0.6741767764298093,0.6084788029925187,27.916666666666668,22.0,0.5088757396449705,0.42528735632183906,2.25,1.9166666666666667,-0.33333333333333326,59.25,0.4551282051282051,0.08333333333333326,-14.499999999999996,-9.916666666666668,-4.583333333333329,-4.0207744354494555,-3.64120554611236,-226.25000000000006,-83.25,-347.91666666666663,-48.66666666666666,107.91666666666669,-29.75,45.23745432296202,-0.6207049785343077,-0.6541666666666663,-0.8070768341998846,-0.373948170509399,-0.12417677642980929,-0.032455411179653115,-9.666666666666668,-2.833333333333332,-0.08898623688253954,0.0008490073145245858,-1.0,0.5833333333333333,1.5833333333333333,-10.0,0.03792735042735046
2008,2009-01-01,Virginia Tech,Cincinnati,20,7,13,1,0.6923076923076923,22.23076923076923,17.46153846153846,4.76923076923077,5.974303950445416,8.852060458389015,296.15384615384613,277.0769230769231,144.30769230769232,187.23076923076923,167.92307692307693,107.0,62.60570548260246,3.7,3.2348837209302324,7.0,7.851612903225806,0.5746268656716418,0.532258064516129,16.846153846153847,13.153846153846153,0.37305699481865284,0.32,1.4615384615384615,2.4615384615384617,1.0000000000000002,36.07692307692308,0.5315581854043393,0.8461538461538461,27.307692307692307,20.153846153846153,7.153846153846153,8.994300189421958,17.286054850881744,375.3076923076923,316.0769230769231,271.3076923076923,228.69230769230768,121.23076923076923,104.0,74.58036450186316,3.6313364055299537,3.1737089201877935,8.034168564920273,6.534065934065934,0.6241457858769932,0.5604395604395604,19.846153846153847,17.153846153846153,0.3393939393939394,0.29743589743589743,2.0,1.6923076923076923,-0.3076923076923077,67.15384615384616,0.47781065088757396,-0.15384615384615385,-5.076923076923077,-2.6923076923076934,-2.3846153846153832,-3.0199962389765425,-8.433994392492728,-79.15384615384619,-39.0,-127.0,-41.46153846153845,46.69230769230771,3.0,-11.974659019260699,0.06866359447004644,0.06117480074243886,-1.0341685649202734,1.3175469691598725,-0.049518920205351424,-0.028181495923431443,-3.0,-4.0,0.03366305542471343,0.022564102564102573,-0.5384615384615385,0.7692307692307694,1.307692307692308,-31.07692307692308,0.05374753451676534
2008,2009-01-01,Michigan State,Georgia,12,24,-12,0,0.75,26.166666666666668,21.916666666666668,4.25,11.199296514703166,20.596226485804273,352.4166666666667,357.9166666666667,227.0,225.33333333333334,138.41666666666666,147.58333333333334,79.36275555761009,3.4821802935010484,4.247002398081535,7.566666666666666,6.915601023017903,0.5333333333333333,0.5217391304347826,18.916666666666668,17.5,0.35428571428571426,0.40782122905027934,1.9166666666666667,2.0,0.08333333333333326,45.833333333333336,0.5416666666666666,0.75,32.083333333333336,25.583333333333332,6.5000000000000036,15.096407359087632,19.190433222643183,433.9166666666667,318.3333333333333,289.3333333333333,197.66666666666666,153.91666666666666,129.91666666666666,90.10746950506413,4.699745547073792,3.8493827160493828,9.409214092140921,7.017751479289941,0.6124661246612466,0.5562130177514792,21.166666666666668,17.583333333333332,0.4206896551724138,0.36477987421383645,1.4166666666666667,1.25,-0.16666666666666674,73.75,0.5566239316239316,0.0,-5.916666666666668,-3.6666666666666643,-2.2500000000000036,-3.897110844384466,1.4057932631610903,-81.5,39.58333333333337,-62.333333333333314,27.666666666666686,-15.5,17.666666666666686,-10.744713947454045,-1.2175652535727433,0.39761968203215226,-1.8425474254742547,-0.10215045627203789,-0.07913279132791329,-0.03447388731669665,-2.25,-0.08333333333333215,-0.06640394088669954,0.04304135483644289,0.5,0.75,0.25,-27.916666666666664,-0.014957264957265015
2008,2009-01-01,Clemson,Nebraska,21,26,-5,0,0.5833333333333334,25.5,16.583333333333332,8.916666666666668,13.957728390328485,21.090533565099914,339.3333333333333,294.8333333333333,232.83333333333334,172.5,120.5,127.58333333333333,113.0239985243145,3.5703703703703704,3.752450980392157,7.696969696969697,5.294117647058823,0.6363636363636364,0.5626598465473146,18.416666666666668,16.166666666666668,0.31125827814569534,0.37433155080213903,2.3333333333333335,2.0833333333333335,-0.25,47.333333333333336,0.5026709401709402,0.6666666666666666,36.166666666666664,29.166666666666668,6.9999999999999964,10.115993936995677,22.895017322155887,458.25,361.5,295.5,254.41666666666666,173.5,125.83333333333333,91.50670616259374,4.616407982261641,3.8520408163265305,8.93198992443325,8.772988505747126,0.6952141057934509,0.5890804597701149,23.416666666666668,17.75,0.48125,0.35294117647058826,2.1666666666666665,1.25,-0.9166666666666665,58.666666666666664,0.5534188034188035,-0.08333333333333326,-10.666666666666664,-12.583333333333336,1.9166666666666714,3.8417344533328084,-1.8044837570559729,-118.91666666666669,-66.66666666666669,-62.66666666666666,-81.91666666666666,-53.0,1.75,21.51729236172075,-1.0460376118912702,-0.09958983593437365,-1.2350202274635524,-3.4788708586883024,-0.058850469429814534,-0.026420613222800315,-5.0,-1.5833333333333321,-0.16999172185430467,0.021390374331550777,0.16666666666666696,0.8333333333333335,0.6666666666666665,-11.333333333333329,-0.05074786324786329
2008,2009-01-01,USC,Penn State,38,24,14,1,0.9166666666666666,37.5,7.75,29.75,16.356816760771473,20.662328479186904,453.0833333333333,206.08333333333334,256.1666666666667,140.58333333333334,206.0,83.25,99.39129130803556,5.282051282051282,2.5813953488372094,8.708215297450424,4.889855072463768,0.6402266288951841,0.5159420289855072,23.166666666666668,13.583333333333334,0.45454545454545453,0.2658959537572254,1.9166666666666667,2.3333333333333335,0.41666666666666674,74.0,0.4780982905982906,0.9166666666666666,40.166666666666664,12.416666666666666,27.75,15.343540739485212,16.61940268043787,450.25,263.75,244.41666666666666,180.16666666666666,211.66666666666666,95.91666666666667,103.07995572722794,5.269709543568465,2.9139240506329114,8.476878612716764,5.93956043956044,0.5867052023121387,0.5412087912087912,23.333333333333332,14.916666666666666,0.5279503105590062,0.3081395348837209,1.1666666666666667,1.9166666666666667,0.75,28.0,0.4513888888888889,0.0,-2.6666666666666643,-4.666666666666666,2.0,1.013276021286261,4.042925798749035,2.8333333333333144,-57.66666666666666,11.750000000000028,-39.583333333333314,-5.666666666666657,-12.666666666666671,-3.688664419192378,0.012341738482817277,-0.33252870179570193,0.23133668473366065,-1.0497053670966716,0.05352142658304537,-0.025266762223283945,-0.1666666666666643,-1.3333333333333321,-0.07340485601355168,-0.04224358112649551,0.75,0.41666666666666674,-0.33333333333333326,46.0,0.026709401709401726
2008,2009-01-01,Iowa,South Carolina,31,10,21,1,0.6666666666666666,30.25,13.25,17.0,14.0655930941752,21.66689976564588,373.9166666666667,289.5,197.16666666666666,199.91666666666666,189.33333333333334,98.25,84.69352055642996,4.854700854700854,3.0783289817232378,7.8604651162790695,5.808716707021792,0.5780730897009967,0.5569007263922519,20.583333333333332,16.5,0.3877551020408163,0.33879781420765026,1.9166666666666667,2.25,0.33333333333333326,33.0,0.4930555555555556,0.5833333333333334,21.666666666666668,20.25,1.4166666666666679,9.575853470942928,21.41562018431378,316.8333333333333,288.9166666666667,237.58333333333334,175.25,98.33333333333333,128.66666666666666,65.30186316892754,2.9280397022332507,3.599067599067599,7.092039800995025,6.805825242718447,0.554726368159204,0.56957928802589,18.666666666666668,16.0,0.38461538461538464,0.3515151515151515,2.8333333333333335,2.1666666666666665,-0.666666666666667,45.0,0.514423076923077,0.08333333333333326,8.583333333333332,-7.0,15.583333333333332,4.489739623232273,0.25127958133209916,57.08333333333337,0.5833333333333144,-40.416666666666686,24.666666666666657,91.00000000000001,-30.416666666666657,19.39165738750242,1.9266611524676036,-0.5207386173443611,0.7684253152840448,-0.9971085356966549,0.023346721541792737,-0.012678561633638119,1.9166666666666643,0.5,0.003139717425431676,-0.012717337307501242,-0.9166666666666667,0.08333333333333348,1.0000000000000002,-12.0,-0.021367521367521403
2008,2009-01-02,East Carolina,Kentucky,19,25,-6,0,0.6923076923076923,23.76923076923077,20.76923076923077,3.0,11.41018438467616,15.016657417681207,336.0,334.7692307692308,218.6153846153846,212.46153846153845,128.30769230769232,138.07692307692307,65.116562153316,3.4250513347022586,3.851931330472103,7.420365535248042,6.769607843137255,0.6005221932114883,0.5980392156862745,17.23076923076923,16.615384615384617,0.38219895287958117,0.3487179487179487,2.3846153846153846,2.4615384615384617,0.0769230769230771,55.76923076923077,0.47781065088757396,0.5,22.416666666666668,21.666666666666668,0.75,11.642073646386145,25.470571253900058,298.4166666666667,327.0833333333333,175.41666666666666,197.08333333333334,129.25,142.41666666666666,80.69072080631344,3.810810810810811,3.8318385650224216,5.481770833333333,7.321981424148607,0.5416666666666666,0.5263157894736842,16.25,15.333333333333334,0.3050847457627119,0.35668789808917195,1.75,2.1666666666666665,0.4166666666666665,43.916666666666664,0.4871794871794872,0.1923076923076923,1.3525641025641022,-0.8974358974358978,2.25,-0.23188926170998414,-10.45391383621885,37.583333333333314,7.685897435897459,43.198717948717956,15.37820512820511,-0.9423076923076792,-4.339743589743591,-15.57415865299744,-0.3857594761085523,0.020092765449681416,1.9385947019147087,-0.5523735810113521,0.058855526544821624,0.07172342621259031,0.98076923076923,1.2820512820512828,0.07711420711686928,-0.00796994937122325,0.6346153846153846,0.29487179487179516,-0.3397435897435894,11.852564102564102,-0.009368836291913263
2008,2009-01-02,Texas Tech,Ole Miss,34,47,-13,0,0.9166666666666666,44.583333333333336,26.25,18.333333333333336,12.183881552976855,23.83402202861712,536.1666666666666,371.5833333333333,426.8333333333333,249.66666666666666,118.91666666666667,133.5,107.65081035318298,4.70957095709571,3.8883495145631066,8.480132450331126,7.415841584158416,0.7102649006622517,0.6336633663366337,27.916666666666668,20.083333333333332,0.5454545454545454,0.3897058823529412,1.9166666666666667,2.25,0.33333333333333326,60.083333333333336,0.46581196581196577,0.6666666666666666,30.833333333333332,17.75,13.083333333333332,12.51786602009183,20.99981962404497,393.0,318.27272727272725,220.27272727272728,235.0,180.0909090909091,97.36363636363636,53.201503738146364,4.596287703016241,2.8945945945945946,8.442508710801393,7.385714285714286,0.5435540069686411,0.6028571428571429,18.818181818181817,17.272727272727273,0.4246575342465753,0.3184713375796178,1.9090909090909092,1.7272727272727273,-0.18181818181818188,51.72727272727273,0.5080128205128206,0.25,13.750000000000004,8.5,5.2500000000000036,-0.3339844671149752,2.8342024045721494,143.16666666666663,53.31060606060606,206.56060606060603,14.666666666666657,-61.17424242424242,36.13636363636364,54.44930661503661,0.1132832540794686,0.9937549199685121,0.03762373952973341,0.03012729844413009,0.16671089369361058,0.030806223479490802,9.098484848484851,2.8106060606060588,0.1207970112079701,0.07123454477332336,0.007575757575757569,0.5227272727272727,0.5151515151515151,8.356060606060609,-0.04220085470085483
2008,2009-01-02,Alabama,Utah,17,31,-14,0,0.9230769230769231,31.153846153846153,13.0,18.153846153846153,9.494262775014478,15.049065053163899,367.15384615384613,256.9230769230769,180.30769230769232,191.84615384615384,196.46153846153845,78.84615384615384,84.42535771698587,4.773831775700935,2.79291553133515,7.7105263157894735,5.854460093896714,0.5822368421052632,0.5140845070422535,19.076923076923077,12.76923076923077,0.4235294117647059,0.27167630057803466,1.2307692307692308,1.8461538461538463,0.6153846153846154,34.84615384615385,0.4940828402366864,1.0,37.416666666666664,17.25,20.166666666666664,15.939991635296844,17.465984256852117,405.25,295.9166666666667,249.91666666666666,201.66666666666666,168.41666666666666,104.83333333333333,92.44371752093761,4.254736842105263,3.2931937172774868,8.040214477211796,6.385224274406332,0.675603217158177,0.5461741424802111,21.583333333333332,16.0,0.4523809523809524,0.30303030303030304,1.5,2.5,1.0,60.5,0.4375,-0.07692307692307687,-6.262820512820511,-4.25,-2.012820512820511,-6.445728860282365,-2.4169192036882183,-38.09615384615387,-38.99358974358978,-69.60897435897434,-9.820512820512818,28.044871794871796,-25.98717948717949,-8.01835980395174,0.5190949335956718,-0.5002781859423369,-0.3296881614223226,-0.5307641805096184,-0.09336637505291379,-0.03208963543795762,-2.5064102564102555,-3.23076923076923,-0.028851540616246507,-0.03135400245226838,-0.26923076923076916,-0.6538461538461537,-0.3846153846153846,-25.653846153846153,0.056582840236686416
2008,2009-01-03,Connecticut,Buffalo,38,20,18,1,0.5833333333333334,23.833333333333332,19.75,4.083333333333332,13.543420632330756,21.4241084818581,351.8333333333333,281.4166666666667,153.08333333333334,176.33333333333334,204.58333333333334,116.91666666666667,71.55904533807707,4.842209072978304,3.472772277227723,5.687306501547988,6.510769230769231,0.4953560371517028,0.5138461538461538,19.083333333333332,14.583333333333334,0.3352941176470588,0.3231707317073171,2.0,2.0,0.0,45.166666666666664,0.49412393162393164,0.6153846153846154,31.076923076923077,27.46153846153846,3.6153846153846168,9.087184551714744,12.964942868741982,380.53846153846155,408.3076923076923,253.69230769230768,255.84615384615384,141.07692307692307,158.76923076923077,70.28586318814448,3.9271948608137044,4.617449664429531,7.687645687645688,7.246187363834423,0.6456876456876457,0.6579520697167756,20.846153846153847,21.692307692307693,0.46195652173913043,0.45454545454545453,1.2307692307692308,2.1538461538461537,0.9230769230769229,46.46153846153846,0.5088757396449703,-0.03205128205128205,-7.2435897435897445,-7.71153846153846,0.4679487179487154,4.456236080616012,8.459165613116117,-28.705128205128233,-126.89102564102564,-100.60897435897434,-79.5128205128205,63.50641025641028,-41.8525641025641,1.2731821499325946,0.9150142121645994,-1.1446773872018077,-2.0003391860977002,-0.7354181330651919,-0.1503316085359429,-0.14410591587062171,-1.7628205128205146,-7.1089743589743595,-0.12666240409207163,-0.13137472283813745,0.7692307692307692,-0.15384615384615374,-0.9230769230769229,-1.2948717948717956,-0.014751808021038704
2008,2009-01-05,Texas,Ohio State,24,21,3,1,0.9166666666666666,43.916666666666664,18.583333333333332,25.333333333333332,8.846759379295422,15.796048604481802,476.4166666666667,339.9166666666667,310.6666666666667,296.4166666666667,176.91666666666666,73.58333333333333,73.32549889280527,4.432150313152401,2.7854889589905363,9.583547557840618,7.633047210300429,0.7763496143958869,0.5708154506437768,26.583333333333332,18.166666666666668,0.5705128205128205,0.3508771929824561,1.1666666666666667,1.5,0.33333333333333326,53.583333333333336,0.5860042735042735,0.8333333333333334,28.166666666666668,13.083333333333334,15.083333333333334,14.64633577094119,21.322025885895272,339.6666666666667,279.25,162.16666666666666,175.16666666666666,191.58333333333334,114.91666666666667,88.37557594857543,4.588822355289421,3.6578249336870026,8.041322314049587,5.50261780104712,0.6198347107438017,0.5549738219895288,17.416666666666668,16.583333333333332,0.4339622641509434,0.35294117647058826,1.1666666666666667,2.5833333333333335,1.4166666666666667,41.666666666666664,0.5416666666666666,0.08333333333333326,15.749999999999996,5.499999999999998,10.249999999999998,-5.799576391645768,-5.5259772814134696,136.75,60.666666666666686,148.50000000000003,121.25000000000003,-14.666666666666686,-41.33333333333334,-15.05007705577016,-0.15667204213702046,-0.8723359746964663,1.5422252437910302,2.130429409253309,0.1565149036520852,0.015841628654247986,9.166666666666664,1.5833333333333357,0.13655055636187707,-0.0020639834881321373,0.0,-1.0833333333333335,-1.0833333333333335,11.916666666666671,0.0443376068376069
2008,2009-01-06,Tulsa,Ball State,45,13,32,1,0.7692307692307693,47.38461538461539,29.076923076923077,18.30769230769231,16.342880516902262,25.18724748553196,565.0769230769231,391.15384615384613,317.38461538461536,272.0,254.84615384615384,133.46153846153845,97.59137729880096,5.4311475409836065,3.890134529147982,10.39294710327456,8.37914691943128,0.6423173803526449,0.6066350710900474,27.76923076923077,19.846153846153847,0.5771428571428572,0.38636363636363635,2.3846153846153846,1.8461538461538463,-0.5384615384615383,39.84615384615385,0.34812623274161736,0.9230769230769231,36.61538461538461,18.615384615384617,17.999999999999996,7.932406754767238,13.30413469565007,459.38461538461536,347.9230769230769,273.0,215.15384615384616,192.69230769230768,141.76923076923077,48.40719378621746,5.091463414634147,4.25635103926097,9.438829787234043,6.535046728971962,0.6702127659574468,0.572429906542056,24.153846153846153,16.153846153846153,0.5068493150684932,0.4049079754601227,1.1538461538461537,1.8461538461538463,0.6923076923076925,26.846153846153847,0.3870808678500986,-0.15384615384615385,10.769230769230774,10.46153846153846,0.3076923076923137,8.410473762135023,11.883112789881888,105.69230769230774,43.230769230769226,44.38461538461536,56.84615384615384,62.15384615384616,-8.30769230769232,49.1841835125835,0.3396841263494599,-0.36621651011298795,0.9541173160405165,1.8441001904593177,-0.02789538560480198,0.034205164547991385,3.6153846153846168,3.6923076923076934,0.070293542074364,-0.01854433909648634,1.2307692307692308,0.0,-1.2307692307692308,13.0,-0.03895463510848124
2008,2009-01-08,Oklahoma,Florida,14,24,-10,0,0.9230769230769231,54.0,24.53846153846154,29.46153846153846,10.408329997330663,16.302430210530908,562.0769230769231,359.0769230769231,362.61538461538464,270.0769230769231,205.53846153846155,106.0,78.26819441133324,4.771428571428571,3.2423529411764704,9.903361344537815,7.064386317907445,0.680672268907563,0.5513078470824949,27.692307692307693,19.23076923076923,0.5163043478260869,0.3333333333333333,0.6923076923076923,2.5384615384615383,1.846153846153846,67.23076923076923,0.5606508875739645,0.9230769230769231,45.15384615384615,12.846153846153847,32.30769230769231,13.867504905630728,16.59510276851083,442.38461538461536,279.3076923076923,220.6153846153846,185.6153846153846,229.76923076923077,105.3076923076923,110.8712003945257,5.962075848303393,3.3309002433090025,9.591973244147157,5.814457831325301,0.6454849498327759,0.5204819277108433,21.692307692307693,16.076923076923077,0.4930555555555556,0.31843575418994413,0.9230769230769231,2.6153846153846154,1.6923076923076923,58.30769230769231,0.5483234714003945,0.0,8.846153846153847,11.692307692307693,-2.8461538461538467,-3.4591749083000654,-0.2926725579799232,119.69230769230774,79.76923076923077,142.00000000000003,84.46153846153848,-24.230769230769226,0.6923076923076934,-32.60300598319246,-1.190647276874822,-0.08854730213253204,0.31138810039065845,1.249928486582144,0.035187319074787116,0.030825919371651578,6.0,3.1538461538461533,0.023248792270531338,0.014897579143389184,-0.23076923076923084,-0.0769230769230771,0.15384615384615374,8.92307692307692,0.012327416173570027
2009,2009-12-19,Wyoming,Fresno State,35,28,7,1,0.5,16.916666666666668,27.25,-10.333333333333332,13.701083788142345,21.482903703064714,298.6666666666667,395.5833333333333,191.58333333333334,236.75,128.0,170.5,106.84256330383194,3.4439461883408073,4.381156316916488,6.098143236074271,7.456692913385827,0.5490716180371353,0.6377952755905512,16.75,22.416666666666668,0.3387096774193548,0.40236686390532544,1.0833333333333333,1.6666666666666667,0.5833333333333335,59.416666666666664,0.4930555555555556,0.6666666666666666,34.333333333333336,27.833333333333332,6.5000000000000036,11.284207253207171,23.368588085096395,435.9166666666667,411.6666666666667,210.91666666666666,204.58333333333334,231.58333333333334,212.41666666666666,53.20194516835799,5.438356164383562,6.171912832929782,8.408637873754152,7.372372372372372,0.5980066445182725,0.5525525525525525,21.333333333333332,18.75,0.45454545454545453,0.3904109589041096,1.8333333333333333,1.25,-0.5833333333333333,37.833333333333336,0.4813034188034188,-0.16666666666666663,-17.416666666666668,-0.5833333333333321,-16.833333333333336,2.4168765349351737,-1.8856843820316804,-137.25,-16.08333333333337,-19.333333333333314,32.16666666666666,-103.58333333333334,-41.91666666666666,53.64061813547395,-1.9944099760427543,-1.7907565160132934,-2.3104946376798816,0.08432054101345443,-0.04893502648113712,0.08524272303799862,-4.583333333333332,3.666666666666668,-0.11583577712609971,0.01195590500121585,-0.75,0.41666666666666674,1.1666666666666667,21.58333333333333,0.011752136752136766
2009,2009-12-19,Rutgers,UCF,45,24,21,1,0.6666666666666666,27.5,17.416666666666668,10.083333333333332,10.238075103171584,22.492254559103564,321.8333333333333,312.1666666666667,207.83333333333334,220.33333333333334,138.41666666666666,108.91666666666667,94.45714115487255,3.674778761061947,3.1800486618004866,8.341137123745819,7.532763532763533,0.5050167224080268,0.5641025641025641,16.333333333333332,15.333333333333334,0.3254437869822485,0.3048780487804878,1.0,2.6666666666666665,1.6666666666666665,41.166666666666664,0.4305555555555556,0.6666666666666666,26.333333333333332,20.666666666666668,5.666666666666664,14.76687529779425,22.820777348457675,348.0,348.0833333333333,223.25,289.1666666666667,138.5,82.5,116.42867500592955,3.6933333333333334,2.578125,7.787790697674419,8.126463700234192,0.5959302325581395,0.6252927400468384,19.583333333333332,19.166666666666668,0.38650306748466257,0.41379310344827586,1.5833333333333333,2.1666666666666665,0.5833333333333333,35.666666666666664,0.4759615384615385,0.0,1.1666666666666679,-3.25,4.416666666666668,-4.528800194622667,-0.3285227893541105,-26.166666666666686,-35.91666666666663,-15.416666666666657,-68.83333333333334,-0.08333333333334281,26.41666666666667,-21.971533851057004,-0.018554572271386238,0.6019236618004866,0.5533464260713998,-0.5937001674706588,-0.09091351015011273,-0.06119017594427434,-3.25,-3.833333333333334,-0.06105928050241405,-0.10891505466778806,-0.5833333333333333,0.5,1.0833333333333333,5.5,-0.04540598290598291
2009,2009-12-20,Middle Tennessee,Southern Miss,42,32,10,1,0.75,31.166666666666668,23.0,8.166666666666668,16.23594963671853,20.757619995529062,419.3333333333333,351.5833333333333,250.5,234.41666666666666,181.25,137.91666666666666,119.90096923812762,4.578947368421052,3.476890756302521,7.367647058823529,6.928571428571429,0.5416666666666666,0.5492610837438424,19.0,19.25,0.3316062176165803,0.3385416666666667,1.6666666666666667,2.5833333333333335,0.9166666666666667,56.833333333333336,0.35683760683760685,0.5833333333333334,33.0,24.5,8.5,11.04536101718726,19.327324039955826,418.25,387.6666666666667,244.83333333333334,288.5833333333333,186.25,121.5,102.14439423055614,4.695378151260504,3.438679245283019,8.2296918767507,7.627753303964758,0.6274509803921569,0.6211453744493393,22.25,22.5,0.40384615384615385,0.40229885057471265,1.25,2.1666666666666665,0.9166666666666665,68.75,0.40651709401709396,0.16666666666666663,-1.8333333333333321,-1.5,-0.33333333333333215,5.190588619531271,1.4302959555732357,1.0833333333333144,-36.08333333333337,5.666666666666657,-54.16666666666666,-5.0,16.416666666666657,17.75657500757147,-0.11643078283945218,0.038211511019502264,-0.8620448179271705,-0.6991818753933288,-0.08578431372549022,-0.07188429070549684,-3.25,-3.25,-0.07223993622957353,-0.06375718390804597,0.41666666666666674,0.41666666666666696,2.220446049250313e-16,-11.916666666666664,-0.049679487179487114
2009,2009-12-22,BYU,Oregon State,44,20,24,1,0.8333333333333334,34.75,21.666666666666668,13.083333333333332,15.863766605352298,26.00859415072198,437.0833333333333,331.0833333333333,299.5833333333333,234.16666666666666,148.16666666666666,112.0,107.26471785713,4.0873563218390805,3.40253164556962,9.241645244215938,6.990049751243781,0.6760925449871465,0.5970149253731343,22.75,18.5,0.5548387096774193,0.38953488372093026,1.8333333333333333,1.75,-0.08333333333333326,67.83333333333333,0.46527777777777773,0.6666666666666666,32.416666666666664,23.416666666666668,8.999999999999996,8.207073815073226,14.301938838683885,419.4166666666667,352.9166666666667,294.25,248.08333333333334,144.16666666666666,114.25,71.25556862874691,4.188861985472155,3.8403361344537816,8.192575406032482,7.15625,0.6890951276102089,0.5889423076923077,21.75,19.416666666666668,0.47305389221556887,0.35294117647058826,0.6666666666666666,1.1666666666666667,0.5000000000000001,56.416666666666664,0.5208333333333334,0.16666666666666674,2.3333333333333357,-1.75,4.083333333333336,7.656692790279072,11.706655312038095,17.66666666666663,-21.83333333333337,5.333333333333314,-13.916666666666686,4.0,-2.25,36.00914922838308,-0.10150566363307423,-0.43780448888416146,1.0490698381834562,-0.16620024875621908,-0.013002582623062309,0.008072617680826566,1.0,-0.9166666666666679,0.08178481746185046,0.036593707250342,1.1666666666666665,0.5833333333333333,-0.5833333333333334,11.416666666666664,-0.055555555555555636
2009,2009-12-23,California,Utah,27,37,-10,0,0.6666666666666666,29.25,24.5,4.75,19.41004894378167,28.92348841025546,399.0,378.0,235.83333333333334,275.25,175.58333333333334,117.08333333333333,121.19405926034494,4.756207674943567,3.5037406483790523,7.927170868347339,7.920863309352518,0.5434173669467787,0.6306954436450839,20.5,18.75,0.37423312883435583,0.3699421965317919,1.1666666666666667,1.6666666666666667,0.5,50.75,0.4583333333333333,0.75,29.25,19.666666666666668,9.583333333333332,7.423855895936852,16.317633146849193,389.5833333333333,314.1666666666667,229.5,189.41666666666666,169.41666666666666,141.33333333333334,99.88671613686206,4.517777777777778,3.7605321507760534,7.483695652173913,6.296398891966759,0.595108695652174,0.5013850415512465,18.75,17.75,0.38596491228070173,0.30939226519337015,1.5833333333333333,1.8333333333333333,0.25,69.66666666666667,0.47222222222222227,-0.08333333333333337,0.0,4.833333333333332,-4.833333333333332,11.986193047844818,12.605855263406266,9.416666666666686,63.833333333333314,6.333333333333343,85.83333333333334,6.166666666666686,-24.250000000000014,21.30734312348288,0.23842989716578877,-0.2567915023970011,0.4434752161734261,1.6244644173857585,-0.05169132870539528,0.12931040209383737,1.75,1.0,-0.0117317834463459,0.060549931338421736,-0.4166666666666665,-0.16666666666666652,0.25,-18.91666666666667,-0.01388888888888895
2009,2009-12-24,SMU,Nevada,45,10,35,1,0.5833333333333334,27.916666666666668,29.083333333333332,-1.1666666666666643,7.038315053184163,11.784684462419342,379.9166666666667,404.0,283.5,245.33333333333334,112.75,169.16666666666666,77.49657861460528,3.8220338983050848,4.413043478260869,7.893271461716937,7.251231527093596,0.5893271461716937,0.5615763546798029,19.333333333333332,20.083333333333332,0.29333333333333333,0.42696629213483145,2.1666666666666665,2.25,0.08333333333333348,60.083333333333336,0.44337606837606836,0.6666666666666666,40.583333333333336,27.166666666666668,13.416666666666668,21.54681302455543,27.496969529992455,521.5833333333334,398.9166666666667,167.16666666666666,297.5833333333333,362.25,114.66666666666667,143.75449927082653,7.5863874345549736,3.6595744680851063,7.598484848484849,9.156410256410256,0.5871212121212122,0.5974358974358974,24.416666666666668,19.5,0.5102040816326531,0.3841059602649007,1.75,1.5,-0.25,60.166666666666664,0.46741452991452986,-0.08333333333333326,-12.666666666666668,1.9166666666666643,-14.583333333333332,-14.508497971371266,-15.712285067573113,-141.66666666666669,5.083333333333314,116.33333333333334,-52.24999999999997,-249.5,54.499999999999986,-66.25792065622124,-3.7643535362498888,0.7534690101757628,0.29478661323208843,-1.9051787293166598,0.0022059340504815284,-0.03585954275609449,-5.083333333333336,0.5833333333333321,-0.21687074829931974,0.04286033186993077,0.4166666666666665,0.75,0.3333333333333335,-0.0833333333333286,-0.02403846153846151
2009,2009-12-26,USC,Boston College,24,13,11,1,0.6666666666666666,26.666666666666668,20.416666666666668,6.25,12.629930780299294,23.31649825572208,385.0,342.8333333333333,219.75,228.41666666666666,173.33333333333334,131.0,103.14949433622144,5.08557457212714,3.6901408450704225,7.7105263157894735,6.374418604651162,0.5877192982456141,0.5279069767441861,18.083333333333332,19.583333333333332,0.3448275862068966,0.3804347826086957,1.6666666666666667,1.6666666666666667,0.0,63.416666666666664,0.5277777777777778,0.6666666666666666,25.75,19.416666666666668,6.333333333333332,15.13650013588466,24.358434541926815,324.9166666666667,318.4166666666667,195.16666666666666,224.08333333333334,140.5,104.41666666666667,125.8024846794178,3.81447963800905,2.990453460620525,7.364779874213837,6.542579075425791,0.5125786163522013,0.6082725060827251,16.333333333333332,17.916666666666668,0.3,0.32972972972972975,2.0,1.75,-0.25,42.0,0.46207264957264954,0.0,0.9166666666666679,1.0,-0.08333333333333215,-2.5065693555853663,-1.0419362862047343,60.083333333333314,24.41666666666663,24.583333333333343,4.333333333333314,32.83333333333334,26.58333333333333,-22.652990343196365,1.2710949341180897,0.6996873844498976,0.3457464415756366,-0.16816047077462848,0.07514068189341283,-0.08036552933853902,1.75,1.6666666666666643,0.044827586206896586,0.05070505287896593,-0.33333333333333326,-0.08333333333333326,0.25,21.416666666666664,0.06570512820512825
2009,2009-12-26,Ohio,Marshall,17,21,-4,0,0.6923076923076923,25.384615384615383,21.307692307692307,4.076923076923077,10.21876102681127,11.124009607312901,324.53846153846155,352.7692307692308,221.15384615384616,214.76923076923077,119.6923076923077,149.53846153846155,96.25800000053276,3.6102088167053363,3.826771653543307,7.666666666666667,6.477958236658933,0.5706666666666667,0.5290023201856149,16.076923076923077,20.0,0.329608938547486,0.373134328358209,1.6923076923076923,2.769230769230769,1.0769230769230769,55.23076923076923,0.4176528599605523,0.5,21.833333333333332,24.916666666666668,-3.0833333333333357,8.440522746988142,19.05713101241219,355.25,392.5,229.75,256.75,138.75,145.08333333333334,87.19270715959094,3.9176470588235293,4.569553805774278,7.124031007751938,7.424096385542168,0.5710594315245479,0.5855421686746988,19.083333333333332,19.916666666666668,0.41714285714285715,0.39759036144578314,1.75,1.3333333333333333,-0.41666666666666674,67.91666666666667,0.4813034188034188,0.1923076923076923,3.551282051282051,-3.6089743589743613,7.160256410256412,1.7782382798231282,-7.933121405099287,-30.711538461538453,-39.730769230769226,-8.59615384615384,-41.980769230769226,-19.057692307692307,4.455128205128204,9.065292840941822,-0.30743824211819293,-0.7427821522309714,0.5426356589147288,-0.9461381488832359,-0.0003927648578812004,-0.05653984848908389,-3.0064102564102555,0.08333333333333215,-0.08753391859537113,-0.02445603308757416,-0.05769230769230771,1.435897435897436,1.4935897435897436,-12.685897435897438,-0.06365055884286652
2009,2009-12-26,North Carolina,Pittsburgh,17,19,-2,0,0.6666666666666666,24.333333333333332,16.916666666666668,7.416666666666664,12.397458195007948,15.512214151396567,311.4166666666667,267.75,185.16666666666666,195.16666666666666,137.16666666666666,92.83333333333333,93.18940471703397,3.674107142857143,2.764267990074442,6.632835820895522,6.295698924731183,0.6,0.5779569892473119,17.5,15.416666666666666,0.36416184971098264,0.28651685393258425,2.0833333333333335,2.3333333333333335,0.25,54.75,0.48931623931623935,0.75,33.166666666666664,20.0,13.166666666666664,10.43449988637634,14.357977404617795,399.9166666666667,323.9166666666667,222.16666666666666,241.91666666666666,184.58333333333334,108.41666666666667,61.28837696917053,5.0,3.2853535353535355,8.490445859872612,7.6798941798941796,0.643312101910828,0.5687830687830688,19.416666666666668,18.333333333333332,0.43312101910828027,0.3712574850299401,1.0833333333333333,1.8333333333333333,0.75,52.5,0.5229700854700855,-0.08333333333333337,-8.833333333333332,-3.083333333333332,-5.75,1.9629583086316078,1.1542367467787713,-88.5,-56.166666666666686,-37.0,-46.75,-47.416666666666686,-15.583333333333343,31.901027747863438,-1.3258928571428572,-0.5210855452790937,-1.8576100389770893,-1.3841952551629966,-0.043312101910828016,0.009173920464243035,-1.9166666666666679,-2.916666666666666,-0.06895916939729763,-0.08474063109735586,1.0000000000000002,0.5000000000000002,-0.5,2.25,-0.033653846153846145
2009,2009-12-27,Clemson,Kentucky,21,13,8,1,0.6153846153846154,31.923076923076923,21.0,10.923076923076923,11.220973951055068,17.85339154736684,365.53846153846155,317.15384615384613,207.53846153846155,184.0,169.6153846153846,150.30769230769232,72.58628817324407,4.762419006479481,3.4645390070921986,7.175531914893617,7.140298507462687,0.5638297872340425,0.5074626865671642,17.76923076923077,17.53846153846154,0.3867403314917127,0.39086294416243655,1.8461538461538463,2.230769230769231,0.3846153846153846,42.61538461538461,0.5532544378698225,0.5833333333333334,27.166666666666668,22.833333333333332,4.333333333333336,9.456439204279928,20.21850337655779,336.0833333333333,362.9166666666667,149.33333333333334,187.75,193.25,183.16666666666666,84.17995694650334,4.555992141453831,4.617647058823529,5.973333333333334,6.996894409937888,0.55,0.4813664596273292,19.083333333333332,18.333333333333332,0.3898305084745763,0.39664804469273746,1.5833333333333333,1.8333333333333333,0.25,40.583333333333336,0.4797008547008547,0.03205128205128205,4.7564102564102555,-1.8333333333333321,6.589743589743588,1.7645347467751407,-2.365111829190951,29.455128205128233,-45.762820512820554,58.205128205128204,-3.75,-23.634615384615387,-32.858974358974336,-11.593668773259267,0.20642686502565066,-1.1531080517313304,1.2021985815602836,0.14340409752479832,0.01382978723404249,0.026096226939834988,-1.314102564102562,-0.794871794871792,-0.0030901769828635683,-0.005785100530300902,0.262820512820513,0.3974358974358976,0.13461538461538458,2.0320512820512775,0.07355358316896782
2009,2009-12-28,Georgia,Texas A&M,44,20,24,1,0.5833333333333334,27.666666666666668,26.416666666666668,1.25,12.463279397226612,18.53313985074501,361.8333333333333,328.4166666666667,213.25,217.16666666666666,157.08333333333334,127.58333333333333,96.65386540107798,4.631449631449631,3.4250559284116333,8.047169811320755,7.920972644376899,0.550314465408805,0.574468085106383,17.416666666666668,17.75,0.3881578947368421,0.3619631901840491,2.25,0.8333333333333334,-1.4166666666666665,68.75,0.5571581196581197,0.5,33.916666666666664,32.666666666666664,1.25,13.898713696750589,31.92640685303397,465.3333333333333,431.3333333333333,292.6666666666667,284.0,190.41666666666666,168.58333333333334,118.93874155389506,4.471624266144814,4.546067415730337,7.804444444444444,8.09501187648456,0.6066666666666667,0.6223277909738717,26.0,22.333333333333332,0.5026737967914439,0.3668639053254438,1.8333333333333333,1.6666666666666667,-0.16666666666666652,69.66666666666667,0.5,0.08333333333333337,-6.2499999999999964,-6.2499999999999964,0.0,-1.4354342995239762,-13.393267002288962,-103.5,-102.91666666666663,-79.41666666666669,-66.83333333333334,-33.333333333333314,-41.000000000000014,-22.284876152817077,0.15982536530481717,-1.1210114873187038,0.24272536687631074,-0.1740392321076616,-0.05635220125786167,-0.04785970586748867,-8.583333333333332,-4.583333333333332,-0.11451590205460177,-0.004900715141394674,0.41666666666666674,-0.8333333333333334,-1.25,-0.9166666666666714,0.05715811965811968
2009,2009-12-29,Temple,UCLA,21,30,-9,0,0.75,30.25,21.666666666666668,8.583333333333332,13.484839972758634,18.97586186009303,337.75,335.6666666666667,156.91666666666666,243.91666666666666,192.33333333333334,108.83333333333333,72.5836508012401,4.534381139489194,3.2167487684729066,7.326848249027237,7.5244215938303345,0.4669260700389105,0.6169665809768637,19.083333333333332,18.25,0.36538461538461536,0.3515151515151515,1.75,2.1666666666666665,0.4166666666666665,45.583333333333336,0.44871794871794873,0.5,21.333333333333332,21.25,0.08333333333333215,9.920899274977165,17.25982372886569,339.3333333333333,338.3333333333333,236.75,209.91666666666666,116.41666666666667,144.41666666666666,110.66931358645436,3.55470737913486,4.058548009367682,7.014814814814815,7.3226744186046515,0.562962962962963,0.5872093023255814,17.75,17.583333333333332,0.3411764705882353,0.3333333333333333,1.9166666666666667,2.3333333333333335,0.41666666666666674,55.916666666666664,0.5347222222222222,0.25,8.916666666666668,0.41666666666666785,8.5,3.5639406977814687,1.7160381312273394,-1.5833333333333144,-2.6666666666666288,-79.83333333333334,34.0,75.91666666666667,-35.58333333333333,-38.08566278521427,0.9796737603543342,-0.8417992408947752,0.312033434212422,0.20174717522568297,-0.09603689292405249,0.029757278651282304,1.3333333333333321,0.6666666666666679,0.02420814479638006,0.018181818181818188,-0.16666666666666674,-0.16666666666666696,-2.220446049250313e-16,-10.333333333333329,-0.08600427350427348
2009,2009-12-29,Wisconsin,Miami (FL),20,14,6,1,0.75,32.75,22.416666666666668,10.333333333333332,12.046312147858213,18.322035086118838,415.8333333333333,310.4166666666667,221.33333333333334,238.33333333333334,206.66666666666666,90.5,82.1438132825964,4.601113172541744,2.9037433155080214,8.45859872611465,8.056338028169014,0.6337579617834395,0.5605633802816902,21.416666666666668,16.0,0.4759036144578313,0.3619631901840491,1.75,2.1666666666666665,0.4166666666666665,46.333333333333336,0.5176282051282052,0.75,31.666666666666668,22.333333333333332,9.333333333333336,11.95699364262175,17.34323726378322,412.5,321.25,287.25,219.58333333333334,144.41666666666666,118.33333333333333,85.07910757321416,3.9386363636363635,3.471882640586797,8.930051813471502,7.443502824858757,0.5958549222797928,0.5338983050847458,21.75,17.25,0.46107784431137727,0.35714285714285715,1.6666666666666667,1.5,-0.16666666666666674,56.916666666666664,0.5245726495726496,0.0,1.0833333333333321,0.0833333333333357,0.9999999999999964,0.0893185052364629,0.9787978223356184,3.3333333333333144,-10.833333333333314,-65.91666666666666,18.75,62.25,-27.83333333333333,-2.9352942906177617,0.6624768089053807,-0.5681393250787754,-0.47145308735685276,0.6128352033102571,0.03790303950364671,0.026665075196944388,-0.33333333333333215,-1.25,0.014825770146454031,0.004820333041191949,0.08333333333333326,0.6666666666666665,0.5833333333333333,-10.583333333333329,-0.00694444444444442
2009,2009-12-30,Idaho,Bowling Green,43,42,1,1,0.5833333333333334,31.833333333333332,35.5,-3.666666666666668,8.871131252380932,16.439051804846418,451.0,424.5,302.5833333333333,275.4166666666667,160.41666666666666,155.58333333333334,57.144155829398215,4.616306954436451,4.632754342431761,9.866847826086957,8.40966921119593,0.6114130434782609,0.6564885496183206,22.333333333333332,22.0,0.4827586206896552,0.525974025974026,1.9166666666666667,1.0833333333333333,-0.8333333333333335,57.5,0.453525641025641,0.5833333333333334,27.333333333333332,26.166666666666668,1.1666666666666643,10.798428617445255,16.32529177427318,391.4166666666667,393.75,324.4166666666667,211.25,81.25,192.75,81.63272331088504,2.9017857142857144,5.341801385681293,7.104014598540146,7.022160664819944,0.6332116788321168,0.5872576177285319,21.25,18.75,0.4473684210526316,0.35802469135802467,1.1666666666666667,1.5833333333333333,0.4166666666666665,48.0,0.5170940170940171,0.0,4.5,9.333333333333332,-4.833333333333332,-1.927297365064323,0.11376003057323913,59.583333333333314,30.75,-21.83333333333337,64.16666666666669,79.16666666666666,-37.16666666666666,-24.488567481486825,1.7145212401507361,-0.7090470432495319,2.7628332275468113,1.3875085463759849,-0.021798635353855955,0.06923093188978868,1.0833333333333321,3.25,0.03539019963702361,0.1679493346160013,0.75,-0.5,-1.25,9.5,-0.06356837606837612
2009,2009-12-30,Nebraska,Arizona,33,0,33,1,0.6923076923076923,24.53846153846154,11.23076923076923,13.30769230769231,15.338488542526957,20.323978512193484,317.15384615384613,284.53846153846155,185.23076923076923,211.3846153846154,141.23076923076923,95.46153846153847,118.2263691355459,3.956896551724138,2.7887640449438202,7.103244837758112,5.9869281045751634,0.5811209439528023,0.4880174291938998,15.923076923076923,17.0,0.37158469945355194,0.3317307692307692,1.7692307692307692,2.076923076923077,0.30769230769230793,64.53846153846153,0.532051282051282,0.6666666666666666,29.666666666666668,23.166666666666668,6.5,11.130084810044703,13.767550782381539,407.5,315.8333333333333,246.41666666666666,220.25,167.41666666666666,111.91666666666667,107.0229372186593,4.9,3.761904761904762,6.527593818984547,6.674242424242424,0.6423841059602649,0.5707070707070707,21.416666666666668,16.916666666666668,0.4327485380116959,0.33540372670807456,1.5833333333333333,1.5833333333333333,0.0,43.25,0.5427350427350427,0.02564102564102566,-5.128205128205128,-11.935897435897438,6.80769230769231,4.208403732482253,6.556427729811945,-90.34615384615387,-31.294871794871767,-61.18589743589743,-8.865384615384613,-26.18589743589743,-16.455128205128204,11.2034319168866,-0.9431034482758625,-0.9731407169609416,0.5756510187735646,-0.6873143196672604,-0.06126316200746251,-0.08268964151317093,-5.4935897435897445,0.08333333333333215,-0.061163838558143946,-0.0036729574773053386,0.1858974358974359,0.49358974358974383,0.30769230769230793,21.288461538461533,-0.010683760683760646
2009,2009-12-31,Air Force,Houston,47,20,27,1,0.5833333333333334,28.25,15.333333333333334,12.916666666666666,17.792363019514347,23.929663346541002,355.9166666666667,284.75,88.5,161.83333333333334,273.5833333333333,136.08333333333334,108.30802734737065,4.4185733512786,3.6696629213483147,7.640287769784172,6.7665505226480835,0.48201438848920863,0.5749128919860628,19.5,14.333333333333334,0.43478260869565216,0.30303030303030304,0.9166666666666666,2.3333333333333335,1.416666666666667,44.0,0.4813034188034188,0.7692307692307693,43.92307692307692,28.76923076923077,15.15384615384615,12.419484278487163,22.99219488524368,581.2307692307693,442.6923076923077,460.46153846153845,244.92307692307693,131.23076923076923,213.07692307692307,109.2818632757771,4.454308093994778,5.045537340619308,8.478753541076488,7.690821256038648,0.7096317280453258,0.6231884057971014,31.23076923076923,24.076923076923077,0.5193370165745856,0.41954022988505746,1.5384615384615385,2.1538461538461537,0.6153846153846152,40.46153846153846,0.4378698224852071,-0.1858974358974359,-15.67307692307692,-13.435897435897436,-2.2371794871794837,5.3728787410271845,0.9374684612973212,-225.3141025641026,-157.94230769230768,-371.96153846153845,-83.08974358974359,142.3525641025641,-76.99358974358972,-0.9738359284064444,-0.03573474271617805,-1.3758744192709935,-0.8384657712923156,-0.9242707333905642,-0.22761733955611718,-0.04827551381103867,-11.73076923076923,-9.743589743589743,-0.08455440787893348,-0.11650992685475442,-0.6217948717948719,0.17948717948717974,0.8012820512820518,3.53846153846154,0.0434335963182117
2009,2009-12-31,Iowa State,Minnesota,14,13,1,1,0.5,21.083333333333332,22.583333333333332,-1.5,11.516457262491269,18.593742838042928,359.4166666666667,414.3333333333333,189.66666666666666,252.16666666666666,177.33333333333334,169.33333333333334,83.75229531002103,4.508474576271187,4.388768898488121,6.429378531073446,7.583959899749374,0.5677966101694916,0.6240601503759399,19.166666666666668,22.166666666666668,0.4124293785310734,0.391304347826087,2.0,2.5,0.5,49.333333333333336,0.4813034188034188,0.5,21.583333333333332,24.583333333333332,-3.0,13.839721051664258,13.77745193488919,295.8333333333333,364.25,218.83333333333334,230.33333333333334,97.58333333333333,146.66666666666666,91.81882688042235,2.942211055276382,3.7526652452025586,7.502857142857143,7.370666666666667,0.5114285714285715,0.5706666666666667,15.5,19.166666666666668,0.3532934131736527,0.44505494505494503,2.25,2.0,-0.25,55.75,0.5555555555555556,0.0,-0.5,-2.0,1.5,-2.323263789172989,4.816290903153739,63.58333333333337,50.083333333333314,-29.166666666666686,21.833333333333314,79.75000000000001,22.666666666666686,-8.066531570401324,1.5662635209948048,0.6361036532855624,-1.0734786117836963,0.2132932330827071,0.05636803874092011,0.053393483709273215,3.666666666666668,3.0,0.05913596535742072,-0.053750597228858055,-0.25,0.5,0.75,-6.416666666666664,-0.07425213675213677
2009,2009-12-31,Missouri,Navy,13,35,-22,0,0.6666666666666666,30.333333333333332,24.583333333333332,5.75,12.808614525412422,21.273649941140373,417.1666666666667,358.0,298.4166666666667,281.3333333333333,132.16666666666666,96.41666666666667,119.32829682955517,3.7942583732057416,2.9217171717171717,8.213302752293577,7.323210412147505,0.5940366972477065,0.6420824295010846,20.916666666666668,19.583333333333332,0.367816091954023,0.41935483870967744,1.3333333333333333,1.75,0.41666666666666674,59.666666666666664,0.4951923076923077,0.6923076923076923,27.46153846153846,19.923076923076923,7.5384615384615365,13.950002297582754,15.81463132996037,343.84615384615387,333.61538461538464,79.84615384615384,216.69230769230768,272.46153846153845,126.53846153846153,97.98201038442905,4.703851261620186,4.02200488997555,10.8125,7.223076923076923,0.5104166666666666,0.5974358974358974,18.384615384615383,18.153846153846153,0.4585635359116022,0.33962264150943394,0.9230769230769231,1.5384615384615385,0.6153846153846154,31.153846153846153,0.4457593688362919,-0.02564102564102566,2.8717948717948723,4.660256410256409,-1.7884615384615365,-1.141387772170333,5.459018611180003,73.32051282051282,24.38461538461536,218.57051282051285,64.64102564102564,-140.2948717948718,-30.12179487179486,21.346286445126125,-0.9095928884144446,-1.1002877182583783,-2.5991972477064227,0.10013348907058184,0.08362003058103984,0.044646532065187206,2.5320512820512846,1.4294871794871788,-0.09074744395757922,0.0797321972002435,0.41025641025641013,0.21153846153846145,-0.19871794871794868,28.51282051282051,0.049432938856015796
2009,2009-12-31,Stanford,Oklahoma,27,31,-4,0,0.6666666666666666,36.166666666666664,26.166666666666668,9.999999999999996,11.12600012528666,14.838524798032255,441.4166666666667,396.5,221.08333333333334,266.6666666666667,224.33333333333334,144.5,71.08184569831307,5.416498993963783,4.492227979274611,9.023809523809524,7.920792079207921,0.564625850340136,0.6336633663366337,21.833333333333332,20.75,0.47586206896551725,0.42038216560509556,1.25,1.25,0.0,50.666666666666664,0.4930555555555556,0.5833333333333334,31.083333333333332,13.5,17.583333333333332,20.16954650111415,27.49035643584304,419.4166666666667,273.5,288.5,205.5,140.91666666666666,88.58333333333333,128.9760078699159,3.7829977628635345,2.704834605597964,7.397435897435898,5.942168674698795,0.5769230769230769,0.5421686746987951,23.0,15.583333333333334,0.3901098901098901,0.3128205128205128,2.0,2.3333333333333335,0.3333333333333335,79.91666666666667,0.5715811965811967,0.08333333333333326,5.083333333333332,12.666666666666668,-7.583333333333336,-9.043546375827491,-12.651831637810785,22.0,123.0,-67.41666666666666,61.166666666666686,83.41666666666669,55.91666666666667,-57.894162171602815,1.6335012311002486,1.7873933736766472,1.626373626373626,1.9786234045091255,-0.012297226582940857,0.09149469163783852,-1.1666666666666679,5.166666666666666,0.08575217885562714,0.10756165278458274,-0.75,-1.0833333333333335,-0.3333333333333335,-29.250000000000007,-0.07852564102564108
2009,2009-12-31,Tennessee,Virginia Tech,14,37,-23,0,0.5833333333333334,30.583333333333332,21.0,9.583333333333332,16.92474430226258,21.236582216600304,395.5833333333333,308.8333333333333,232.83333333333334,177.91666666666666,170.0,142.91666666666666,133.7592534323808,4.584269662921348,4.172749391727494,7.450666666666667,5.678191489361702,0.5813333333333334,0.5585106382978723,21.5,17.583333333333332,0.4,0.3411764705882353,1.5833333333333333,1.9166666666666667,0.3333333333333335,40.666666666666664,0.5373931623931624,0.75,31.416666666666668,15.75,15.666666666666668,12.398374771303574,17.248627525549722,388.25,300.0833333333333,196.33333333333334,179.5,206.41666666666666,138.66666666666666,121.83231770086144,4.718095238095238,3.807780320366133,10.155172413793103,6.316715542521994,0.5474137931034483,0.4662756598240469,17.666666666666668,15.0,0.4177215189873418,0.34946236559139787,1.1666666666666667,1.8333333333333333,0.6666666666666665,50.333333333333336,0.5886752136752137,-0.16666666666666663,-0.8333333333333357,5.25,-6.083333333333336,4.526369530959007,3.9879546910505823,7.333333333333314,8.75,36.5,-1.5833333333333428,-36.41666666666666,4.25,11.926935731519364,-0.1338255751738897,0.3649690713613607,-2.7045057471264364,-0.6385240531602916,0.03391954022988508,0.09223497847382539,3.833333333333332,2.583333333333332,-0.017721518987341756,-0.008285895003162569,0.4166666666666665,0.08333333333333348,-0.33333333333333304,-9.666666666666671,-0.05128205128205132
2009,2010-01-01,Florida,Cincinnati,51,24,27,1,0.9230769230769231,34.69230769230769,11.538461538461538,23.153846153846153,16.95771513394722,22.912318934895243,442.38461538461536,253.07692307692307,227.92307692307693,168.84615384615384,225.23076923076923,101.61538461538461,122.83426399118616,5.619961612284069,3.10093896713615,9.033536585365853,6.253561253561253,0.6646341463414634,0.5156695156695157,22.0,14.538461538461538,0.4909090909090909,0.3016759776536313,1.2307692307692308,1.7692307692307692,0.5384615384615383,49.61538461538461,0.5192307692307693,1.0,39.833333333333336,20.75,19.083333333333336,12.925192689496201,18.480743458743177,464.25,350.9166666666667,326.5,227.58333333333334,143.91666666666666,142.25,102.93521793297515,5.109467455621302,3.548856548856549,9.175644028103045,7.111979166666667,0.6651053864168618,0.6145833333333334,20.833333333333332,19.916666666666668,0.421875,0.38341968911917096,0.8333333333333334,1.5833333333333333,0.7499999999999999,45.75,0.47222222222222215,-0.07692307692307687,-5.141025641025642,-9.211538461538462,4.070512820512818,4.03252244445102,4.431575476152066,-21.86538461538464,-97.83974358974362,-98.57692307692307,-58.7371794871795,81.31410256410257,-40.63461538461539,19.899046058211013,0.5104941566627668,-0.44791758172039886,-0.142107442737192,-0.8584179131054137,-0.0004712400753983381,-0.09891381766381768,1.1666666666666679,-5.3782051282051295,0.0690340909090909,-0.08174371146553966,0.39743589743589747,0.1858974358974359,-0.21153846153846156,3.865384615384613,0.04700854700854712
2009,2010-01-01,Auburn,Northwestern,38,35,3,1,0.5833333333333334,32.916666666666664,26.916666666666668,5.9999999999999964,16.351026286018275,18.290583767213516,432.3333333333333,353.5,232.91666666666666,206.91666666666666,213.83333333333334,161.66666666666666,134.55335767124527,5.021526418786693,4.254385964912281,8.444108761329305,6.63903743315508,0.5981873111782477,0.5508021390374331,20.666666666666668,19.5,0.40853658536585363,0.33727810650887574,1.5,1.5833333333333333,0.08333333333333326,58.916666666666664,0.5347222222222222,0.6666666666666666,25.166666666666668,23.333333333333332,1.8333333333333357,9.907144651791208,13.292741240879163,386.0,344.25,282.8333333333333,233.91666666666666,119.91666666666667,123.5,76.35562728562853,3.087982832618026,3.6957605985037407,7.492273730684326,7.607046070460704,0.6512141280353201,0.5907859078590786,22.416666666666668,18.083333333333332,0.4797979797979798,0.3464052287581699,1.75,2.1666666666666665,0.4166666666666665,46.583333333333336,0.40277777777777773,-0.08333333333333326,7.7499999999999964,3.5833333333333357,4.166666666666661,6.443881634227067,4.997842526334352,46.333333333333314,9.25,-49.91666666666666,-27.0,93.91666666666667,38.16666666666666,58.19773038561674,1.9335435861686672,0.5586253664085401,0.951835030644979,-0.9680086373056245,-0.053026816857072334,-0.03998376882164545,-1.75,1.4166666666666679,-0.07126139443212615,-0.009127122249294184,-0.25,-0.5833333333333333,-0.33333333333333326,12.333333333333329,0.13194444444444448
2009,2010-01-01,Oregon,Ohio State,17,26,-9,0,0.8333333333333334,37.666666666666664,23.583333333333332,14.083333333333332,11.873066030714096,18.007363813594466,424.6666666666667,329.4166666666667,198.33333333333334,218.33333333333334,236.08333333333334,126.66666666666667,130.63991686612434,5.511673151750973,3.408071748878924,7.484276729559748,6.267942583732057,0.5911949685534591,0.5526315789473685,20.916666666666668,17.75,0.3630573248407643,0.3631578947368421,1.75,2.0,0.25,63.0,0.5694444444444444,0.8333333333333334,29.25,12.166666666666666,17.083333333333336,8.802117513829995,16.571927705574506,364.8333333333333,262.5,179.83333333333334,194.83333333333334,198.91666666666666,83.41666666666667,112.18882891506327,4.662109375,2.6551724137931036,7.762589928057554,5.889168765743073,0.5431654676258992,0.5465994962216625,18.666666666666668,14.75,0.4069767441860465,0.3163841807909605,1.4166666666666667,2.75,1.3333333333333333,42.0,0.5283119658119658,0.0,8.416666666666664,11.416666666666666,-3.0000000000000036,3.0709485168841013,1.4354361080199602,59.83333333333337,66.91666666666669,18.5,23.5,37.166666666666686,43.25,18.45108795106107,0.8495637767509727,0.7528993350858202,-0.27831319849780556,0.3787738179889839,0.048029500927559865,0.0060320827257059895,2.25,3.0,-0.04391941934528221,0.046773713945881645,0.33333333333333326,-0.75,-1.0833333333333333,21.0,0.0411324786324786
2009,2010-01-01,LSU,Penn State,17,19,-2,0,0.75,25.5,16.0,9.5,10.004544421956908,15.04236441762821,309.6666666666667,326.5833333333333,199.91666666666666,204.5,129.58333333333334,134.16666666666666,74.85420172008727,3.792682926829268,3.5462555066079293,7.689102564102564,6.440944881889764,0.592948717948718,0.5354330708661418,18.083333333333332,19.25,0.3918918918918919,0.3675675675675676,0.9166666666666666,1.5,0.5833333333333334,47.416666666666664,0.5352564102564102,0.8333333333333334,29.666666666666668,11.833333333333334,17.833333333333336,12.536008740883807,17.403413110042173,412.5,277.0833333333333,246.58333333333334,200.08333333333334,173.58333333333334,93.91666666666667,105.67230651233257,4.878220140515222,2.9272727272727272,8.17403314917127,6.36870026525199,0.6160220994475138,0.5411140583554377,21.0,15.25,0.49693251533742333,0.32222222222222224,1.4166666666666667,1.6666666666666667,0.25,32.583333333333336,0.47222222222222227,-0.08333333333333337,-4.166666666666668,4.166666666666666,-8.333333333333336,-2.531464318926899,-2.361048692413963,-102.83333333333331,49.5,-46.666666666666686,4.416666666666657,-44.0,40.249999999999986,-30.818104792245293,-1.0855372136859542,0.6189827793352021,-0.4849305850687067,0.07224461663777415,-0.023073381498795897,-0.005680987489295908,-2.916666666666668,4.0,-0.10504062344553144,0.045345345345345345,-0.5000000000000001,-0.16666666666666674,0.33333333333333337,14.833333333333329,0.06303418803418798
2009,2010-01-01,Florida State,West Virginia,33,21,12,1,0.5,29.833333333333332,30.75,-0.9166666666666679,14.465214282630738,13.937903411745667,421.9166666666667,443.5,291.25,249.91666666666666,143.16666666666666,203.25,85.20825646436482,4.569148936170213,5.336980306345733,8.462469733656174,9.256172839506172,0.6755447941888619,0.6049382716049383,21.5,21.083333333333332,0.4589041095890411,0.44666666666666666,2.1666666666666665,2.1666666666666665,0.0,61.833333333333336,0.5737179487179488,0.75,26.583333333333332,20.75,5.833333333333332,6.761634193720995,10.38209414269967,381.5833333333333,330.0,211.83333333333334,226.75,183.5,118.41666666666667,78.11816030665963,4.67515923566879,3.5883838383838382,7.75,6.819548872180451,0.6432926829268293,0.518796992481203,18.75,16.333333333333332,0.42592592592592593,0.30939226519337015,2.0,1.9166666666666667,-0.08333333333333326,45.416666666666664,0.5229700854700855,-0.25,3.25,10.0,-6.75,7.703580088909743,3.555809269045998,40.33333333333337,113.5,79.41666666666666,23.166666666666657,-40.33333333333334,84.83333333333333,7.09009615770519,-0.10601029949857743,1.748596467961895,0.7124697336561745,2.4366239673257217,0.032252111262032646,0.08614127912373526,2.75,4.75,0.03297818366311517,0.1372744014732965,0.16666666666666652,0.24999999999999978,0.08333333333333326,16.41666666666667,0.05074786324786329
2009,2010-01-02,Northern Illinois,USF,3,27,-24,0,0.5833333333333334,30.75,21.166666666666668,9.583333333333332,8.739929269528652,18.908672052470497,354.0833333333333,323.25,161.66666666666666,223.83333333333334,202.41666666666666,118.33333333333333,87.76669313721708,4.858,3.736842105263158,7.82258064516129,7.609065155807365,0.6290322580645161,0.5977337110481586,18.416666666666668,17.333333333333332,0.44785276073619634,0.41875,1.1666666666666667,1.8333333333333333,0.6666666666666665,45.5,0.38514957264957267,0.5833333333333334,26.416666666666668,21.166666666666668,5.25,15.802521854745116,26.471682983898095,362.25,328.75,210.41666666666666,203.16666666666666,169.41666666666666,137.75,121.92331792789045,4.344017094017094,3.9545454545454546,9.181818181818182,6.753462603878116,0.56,0.5623268698060941,17.333333333333332,17.833333333333332,0.4140127388535032,0.4012345679012346,1.8333333333333333,1.75,-0.08333333333333326,60.083333333333336,0.47222222222222215,0.0,4.333333333333332,0.0,4.333333333333332,-7.062592585216464,-7.563010931427598,-8.166666666666686,-5.5,-48.75,20.666666666666686,33.0,-19.41666666666667,-34.156624790673376,0.513982905982906,-0.21770334928229662,-1.3592375366568916,0.8556025519292492,0.06903225806451607,0.0354068412420645,1.0833333333333357,-0.5,0.03384002188269314,0.017515432098765438,-0.6666666666666665,0.08333333333333326,0.7499999999999998,-14.583333333333336,-0.08707264957264949
2009,2010-01-02,Connecticut,South Carolina,20,7,13,1,0.5833333333333334,32.083333333333336,25.0,7.083333333333336,13.514021898709055,13.918322347527988,398.4166666666667,382.9166666666667,236.91666666666666,260.5833333333333,172.75,138.16666666666666,90.47496723939554,4.31875,3.837962962962963,8.053824362606232,8.520435967302452,0.5807365439093485,0.667574931880109,19.75,17.833333333333332,0.4,0.4,1.75,1.9166666666666667,0.16666666666666674,32.166666666666664,0.5507478632478632,0.5833333333333334,21.75,20.416666666666668,1.3333333333333321,12.351849327861064,14.537308324904348,359.25,304.6666666666667,253.33333333333334,182.5,125.0,137.0,80.50536402230374,3.667481662591687,3.8143851508120648,7.562189054726368,6.697247706422019,0.5671641791044776,0.5596330275229358,18.916666666666668,15.666666666666666,0.3872832369942196,0.36627906976744184,1.5833333333333333,1.3333333333333333,-0.25,54.5,0.5448717948717948,0.0,10.333333333333336,4.583333333333332,5.7500000000000036,1.162172570847991,-0.6189859773763597,39.166666666666686,78.25,-16.416666666666686,78.08333333333331,47.75,1.1666666666666572,9.969603217091802,0.6512683374083128,0.023577812150898048,0.4916353078798634,1.8231882608804337,0.013572364804870896,0.10794190435717321,0.8333333333333321,2.166666666666666,0.012716763005780396,0.03372093023255818,0.16666666666666674,0.5833333333333335,0.41666666666666674,-22.333333333333336,0.005876068376068355
2009,2010-01-02,Ole Miss,Oklahoma State,21,7,14,1,0.6666666666666666,30.25,18.583333333333332,11.666666666666668,15.232292252734888,21.449023429065623,405.5833333333333,319.3333333333333,230.5,198.0,182.83333333333334,140.33333333333334,104.52703724468381,4.843267108167771,3.8099547511312215,7.971181556195965,6.527472527472527,0.547550432276657,0.5054945054945055,20.5,16.833333333333332,0.4050632911392405,0.30726256983240224,2.1666666666666665,1.4166666666666667,-0.7499999999999998,40.166666666666664,0.4375,0.75,30.166666666666668,21.75,8.416666666666668,13.907704426836316,22.232074836037043,376.25,329.9166666666667,189.5,257.1666666666667,191.75,87.66666666666667,119.37878980181301,4.366223908918406,2.882191780821918,7.480263157894737,6.510548523206751,0.5986842105263158,0.569620253164557,20.0,19.333333333333332,0.3855421686746988,0.32558139534883723,1.9166666666666667,2.0833333333333335,0.16666666666666674,63.333333333333336,0.5016025641025641,-0.08333333333333337,0.08333333333333215,-3.166666666666668,3.25,1.324587825898572,-0.7830514069714205,29.333333333333314,-10.583333333333371,41.0,-59.166666666666686,-8.916666666666657,52.66666666666667,-14.851752557129203,0.47704319924936467,0.9277629703093035,0.4909183983012282,0.01692400426577656,-0.05113377824965881,-0.06412574767005152,0.5,-2.5,0.019521122464541685,-0.01831882551643499,0.24999999999999978,-0.6666666666666667,-0.9166666666666665,-23.16666666666667,-0.0641025641025641
2009,2010-01-02,Texas Tech,Michigan State,41,31,10,1,0.6666666666666666,36.666666666666664,21.75,14.916666666666664,14.618377806616222,22.22389513905056,461.75,348.75,405.75,245.41666666666666,81.08333333333333,125.0,125.2873968848496,3.3784722222222223,3.3259423503325944,7.917073170731707,6.754587155963303,0.6666666666666666,0.6077981651376146,25.333333333333332,20.416666666666668,0.40384615384615385,0.3978494623655914,2.3333333333333335,1.8333333333333333,-0.5000000000000002,83.66666666666667,0.4829059829059829,0.5,29.583333333333332,25.083333333333332,4.5,10.925019936185956,18.6766748062438,407.0833333333333,364.3333333333333,276.9166666666667,269.3333333333333,135.91666666666666,112.75,87.44604397032839,4.214470284237726,3.3656716417910446,8.455470737913487,7.569086651053865,0.5979643765903307,0.5971896955503513,20.416666666666668,19.416666666666668,0.36363636363636365,0.42702702702702705,1.5,1.0,-0.5,55.416666666666664,0.5357905982905983,0.16666666666666663,7.083333333333332,-3.333333333333332,10.416666666666664,3.6933578704302654,3.5472203328067593,54.666666666666686,-15.583333333333314,128.83333333333331,-23.916666666666657,-54.83333333333333,12.25,37.84135291452121,-0.8359980620155039,-0.03972929145845017,-0.5383975671817796,-0.814499495090562,0.06870229007633588,0.010608469587263358,4.916666666666664,1.0,0.04020979020979021,-0.029177564661435673,0.8333333333333335,0.8333333333333333,-2.220446049250313e-16,28.250000000000007,-0.05288461538461536
2009,2010-01-02,East Carolina,Arkansas,17,20,-3,0,0.6923076923076923,27.76923076923077,22.076923076923077,5.692307692307693,12.83325008298006,15.776483635380727,367.61538461538464,385.61538461538464,222.69230769230768,277.15384615384613,149.6153846153846,123.3076923076923,94.33145327473268,4.10337552742616,3.7365967365967365,6.909307875894988,7.220440881763527,0.5918854415274463,0.6232464929859719,19.46153846153846,21.076923076923077,0.4368421052631579,0.41798941798941797,1.5384615384615385,2.5384615384615383,0.9999999999999998,61.23076923076923,0.495069033530572,0.5833333333333334,37.333333333333336,25.75,11.583333333333336,16.51629131457419,22.30555712794188,439.3333333333333,401.8333333333333,317.3333333333333,266.75,136.0,150.08333333333334,113.59364045365898,4.352,4.038116591928251,9.449131513647643,8.628032345013477,0.575682382133995,0.5983827493261455,20.416666666666668,20.166666666666668,0.3624161073825503,0.36024844720496896,1.1666666666666667,2.25,1.0833333333333333,56.166666666666664,0.563034188034188,0.10897435897435892,-9.564102564102566,-3.6730769230769234,-5.891025641025642,-3.68304123159413,-6.529073492561155,-71.71794871794867,-16.217948717948673,-94.64102564102564,10.403846153846132,13.615384615384613,-26.775641025641036,-19.262187178926297,-0.24862447257384002,-0.3015198553315144,-2.5398236377526553,-1.4075914632499495,0.016203059393451236,0.024863743659826354,-0.955128205128208,0.9102564102564088,0.07442599788060761,0.05774097078444901,0.3717948717948718,0.2884615384615383,-0.08333333333333348,5.064102564102569,-0.06796515450361601
2009,2010-01-04,TCU,Boise State,10,17,-7,0,1.0,40.666666666666664,12.416666666666666,28.25,13.633737120789293,13.896533249830203,469.0833333333333,233.25,218.0,169.33333333333334,256.5,80.5,72.59533961166744,5.35304347826087,2.610810810810811,9.27659574468085,5.66016713091922,0.6276595744680851,0.4596100278551532,24.416666666666668,10.833333333333334,0.4383561643835616,0.2654320987654321,1.6666666666666667,2.0,0.33333333333333326,52.166666666666664,0.43322649572649574,1.0,44.15384615384615,17.692307692307693,26.46153846153846,11.553110359308397,14.517893468724404,460.46153846153845,299.61538461538464,269.0,183.69230769230768,194.46153846153845,126.84615384615384,65.22348169258187,5.310924369747899,3.926190476190476,8.366028708133971,6.045569620253165,0.645933014354067,0.5468354430379747,22.692307692307693,15.923076923076923,0.38461538461538464,0.32222222222222224,1.0,2.4615384615384617,1.4615384615384617,53.0,0.41222879684418146,0.0,-3.487179487179489,-5.275641025641027,1.78846153846154,2.0806267614808966,-0.6213602188942016,8.621794871794862,-66.36538461538464,-51.0,-14.358974358974336,62.03846153846155,-46.34615384615384,7.371857919085571,0.04211910851297063,-1.3153796653796652,0.9105670365468796,-0.38540248933394494,-0.018273439885981957,-0.08722541518282151,1.7243589743589745,-5.089743589743589,0.05374077976817698,-0.05679012345679013,0.6666666666666667,-0.4615384615384617,-1.1282051282051284,-0.8333333333333357,0.020997698882314286
2009,2010-01-05,Georgia Tech,Iowa,14,24,-10,0,0.8461538461538461,35.30769230769231,24.846153846153847,10.46153846153846,11.426465007345998,14.558018321045534,442.6923076923077,357.0,140.76923076923077,218.69230769230768,307.15384615384613,150.07692307692307,95.05821428242855,5.316910785619174,4.964376590330788,11.50943396226415,7.7046070460704605,0.4779874213836478,0.6178861788617886,21.384615384615383,16.923076923076923,0.5347593582887701,0.4125,1.3076923076923077,1.8461538461538463,0.5384615384615385,44.30769230769231,0.472879684418146,0.8333333333333334,23.083333333333332,15.5,7.583333333333332,9.414286371190748,10.439943689619415,330.75,286.6666666666667,239.75,178.75,109.41666666666667,122.0,83.10685892271468,3.1714975845410627,3.4857142857142858,7.925619834710743,5.735294117647059,0.5399449035812672,0.5026737967914439,17.583333333333332,15.5,0.38235294117647056,0.3582887700534759,2.1666666666666665,2.4166666666666665,0.25,35.166666666666664,0.5277777777777778,0.012820512820512775,12.224358974358974,9.346153846153847,2.8782051282051277,2.01217863615525,4.1180746314261185,111.94230769230768,70.33333333333331,-98.98076923076923,39.94230769230768,197.73717948717945,28.076923076923066,11.951355359713872,2.1454132010781115,1.4786623046165026,3.5838141275534072,1.9693129284234017,-0.06195748219761943,0.11521238207034479,3.801282051282051,1.4230769230769234,0.15240641711229952,0.05421122994652405,-0.8589743589743588,-0.5705128205128203,0.28846153846153855,9.141025641025642,-0.054898093359631805
2009,2010-01-06,Troy,Central Michigan,41,44,-3,0,0.75,33.083333333333336,28.583333333333332,4.5000000000000036,14.23477389630014,25.332336503514092,478.5,417.9166666666667,340.5,293.8333333333333,147.5,140.16666666666666,148.20348419410635,4.37037037037037,4.173697270471464,8.65677966101695,7.818181818181818,0.6377118644067796,0.6208425720620843,23.333333333333332,21.25,0.40853658536585363,0.3850574712643678,2.1666666666666665,1.6666666666666667,-0.4999999999999998,68.75,0.4519230769230769,0.8461538461538461,33.15384615384615,17.23076923076923,15.923076923076923,16.707514047308944,20.66583952025475,416.9230769230769,326.6923076923077,250.92307692307693,218.6153846153846,172.15384615384616,119.3076923076923,102.35189424925294,4.586065573770492,3.5986078886310904,7.711583924349882,6.898058252427185,0.6997635933806147,0.5849514563106796,23.846153846153847,18.076923076923077,0.5088757396449705,0.3567567567567568,1.0769230769230769,1.4615384615384615,0.3846153846153846,51.76923076923077,0.4122287968441815,-0.09615384615384615,-0.0705128205128176,11.352564102564102,-11.42307692307692,-2.4727401510088036,4.666496983259343,61.576923076923094,91.224358974359,89.57692307692307,75.2179487179487,-24.65384615384616,20.85897435897435,45.851589944853416,-0.21569520340012183,0.5750893818403733,0.9451957366670678,0.9201235657546336,-0.06205172897383504,0.03589111575140469,-0.5128205128205146,3.1730769230769234,-0.10033915427911683,0.028300714507611013,1.0897435897435896,0.2051282051282053,-0.8846153846153844,16.980769230769234,0.039694280078895416
2009,2010-01-07,Alabama,Texas,37,21,16,1,1.0,31.692307692307693,11.0,20.692307692307693,11.055802514099518,13.756117520244194,413.7692307692308,241.92307692307693,204.0,183.07692307692307,215.84615384615384,78.15384615384616,85.90028506564443,5.101818181818182,2.7759562841530054,7.940119760479042,5.847665847665848,0.6167664670658682,0.4742014742014742,21.0,13.307692307692308,0.4065934065934066,0.288135593220339,0.7692307692307693,2.0,1.2307692307692308,43.07692307692308,0.5261341222879684,1.0,40.69230769230769,15.153846153846153,25.53846153846154,14.591005307977786,15.804089052179842,432.38461538461536,251.07692307692307,293.0,212.3846153846154,152.69230769230768,62.15384615384615,143.9760040548068,4.092783505154639,1.9852579852579852,7.64859437751004,6.162946428571429,0.6927710843373494,0.5558035714285714,24.384615384615383,15.461538461538462,0.4583333333333333,0.2698412698412698,1.6923076923076923,2.6923076923076925,1.0000000000000002,55.76923076923077,0.5276134122287968,0.0,-9.0,-4.153846153846153,-4.846153846153847,-3.535202793878268,-2.047971531935648,-18.615384615384585,-9.153846153846132,-89.0,-29.30769230769232,63.15384615384616,16.000000000000007,-58.07571898916237,1.0090346766635427,0.7906982988950202,0.29152538296900143,-0.315280580905581,-0.07600461727148111,-0.08160209722709721,-3.3846153846153832,-2.1538461538461533,-0.05173992673992672,0.018294323379069166,-0.923076923076923,-0.6923076923076925,0.23076923076923062,-12.692307692307686,-0.0014792899408283544
2010,2010-12-18,UTEP,BYU,24,52,-28,0,0.5,26.166666666666668,25.416666666666668,0.75,11.621557815568707,21.33339251885729,371.0,404.1666666666667,230.08333333333334,230.83333333333334,149.5,181.16666666666666,86.06973916540005,4.6,4.90744920993228,6.919799498746867,6.822660098522167,0.5363408521303258,0.6108374384236454,20.75,22.166666666666668,0.4879518072289157,0.48520710059171596,1.5,1.1666666666666667,-0.33333333333333326,51.333333333333336,0.3573717948717949,0.5,24.0,21.416666666666668,2.583333333333332,16.039723416341296,25.45390962409341,354.1666666666667,339.0,204.91666666666666,198.16666666666666,163.83333333333334,151.16666666666666,121.22168522874513,4.200854700854701,4.122727272727273,6.2729591836734695,6.7749287749287745,0.5535714285714286,0.5441595441595442,21.25,18.0,0.453551912568306,0.41379310344827586,1.5833333333333333,1.6666666666666667,0.08333333333333348,42.333333333333336,0.5293803418803419,0.0,2.166666666666668,4.0,-1.8333333333333321,-4.418165600772589,-4.120517105236118,16.833333333333314,65.16666666666669,25.166666666666686,32.666666666666686,-14.333333333333343,30.0,-35.15194606334508,0.3991452991452986,0.7847219372050072,0.6468403150733977,0.047731323593392716,-0.01723057644110282,0.0666778942641012,-0.5,4.166666666666668,0.034399894660609664,0.0714139971434401,-0.08333333333333326,-0.5,-0.41666666666666674,9.0,-0.172008547008547
2010,2010-12-18,Fresno State,Northern Illinois,17,40,-23,0,0.6666666666666666,30.0,29.166666666666668,0.8333333333333321,11.159993483217386,21.5230672591623,371.3333333333333,355.9166666666667,230.41666666666666,221.83333333333334,157.0,154.75,98.8040607679787,4.104575163398692,4.400473933649289,8.48159509202454,7.605714285714286,0.6134969325153374,0.5771428571428572,18.75,17.833333333333332,0.3496932515337423,0.39759036144578314,1.9166666666666667,1.0833333333333333,-0.8333333333333335,49.916666666666664,0.4358974358974359,0.7692307692307693,37.84615384615385,19.076923076923077,18.76923076923077,18.698690479309658,23.09095727102512,445.9230769230769,332.61538461538464,187.46153846153845,213.76923076923077,264.7692307692308,130.53846153846155,100.99130452540749,6.224231464737794,4.002358490566038,8.06953642384106,6.778048780487805,0.6324503311258278,0.573170731707317,21.53846153846154,17.307692307692307,0.5121951219512195,0.36666666666666664,1.0769230769230769,1.8461538461538463,0.7692307692307694,40.15384615384615,0.3609467455621302,-0.10256410256410264,-7.846153846153847,10.089743589743591,-17.935897435897438,-7.538696996092272,-1.5678900118628185,-74.58974358974359,23.301282051282044,42.955128205128204,8.06410256410257,-107.76923076923077,24.211538461538453,-2.1872437574287886,-2.119656301339101,0.39811544308325164,0.41205866818348014,0.8276655052264807,-0.01895339861049039,0.0039721254355401525,-2.78846153846154,0.5256410256410255,-0.1625018704174772,0.030923694779116495,0.8397435897435899,-0.762820512820513,-1.6025641025641029,9.762820512820511,0.07495069033530571
2010,2010-12-18,Troy,Ohio,48,21,27,1,0.5833333333333334,32.916666666666664,31.0,1.9166666666666643,8.414903805784476,21.373128129981488,441.0833333333333,418.3333333333333,303.5833333333333,267.6666666666667,151.33333333333334,170.75,98.54160019858097,4.165137614678899,4.483588621444201,7.511340206185567,7.930864197530864,0.6329896907216495,0.5753086419753086,22.75,20.25,0.41304347826086957,0.3333333333333333,2.5,2.3333333333333335,-0.16666666666666652,75.83333333333333,0.39797008547008544,0.6666666666666666,28.0,21.75,6.25,13.232192149863495,19.684442403260316,327.25,332.6666666666667,168.5,232.16666666666666,168.83333333333334,115.0,106.03183484218313,4.347639484978541,3.2470588235294118,8.088,7.632876712328767,0.58,0.589041095890411,17.25,17.583333333333332,0.3458646616541353,0.38922155688622756,2.5,2.0833333333333335,-0.4166666666666665,47.583333333333336,0.38408119658119655,-0.08333333333333326,4.916666666666664,9.25,-4.333333333333336,-4.817288344079019,1.6886857267211717,113.83333333333331,85.66666666666663,135.08333333333331,35.50000000000003,-17.5,55.75,-7.4902346436021645,-0.1825018702996415,1.2365297979147893,-0.5766597938144322,0.29798748520209717,0.052989690721649496,-0.01373245391510236,5.5,2.666666666666668,0.06717881660673425,-0.055888223552894245,0.0,0.25,0.25,28.249999999999993,0.013888888888888895
2010,2010-12-21,Louisville,Southern Miss,31,28,3,1,0.5,26.0,18.666666666666668,7.333333333333332,13.777451934889188,20.60155922313266,375.8333333333333,304.6666666666667,204.75,184.66666666666666,180.5,142.16666666666666,128.24113177443454,4.889390519187359,3.9582366589327145,7.422960725075528,7.171521035598706,0.595166163141994,0.540453074433657,19.0,16.333333333333332,0.39263803680981596,0.34375,1.25,1.5,0.25,64.58333333333333,0.4305555555555556,0.6666666666666666,37.583333333333336,29.416666666666668,8.166666666666668,14.061283617426142,15.85636283717809,458.1666666666667,362.1666666666667,263.8333333333333,261.4166666666667,203.41666666666666,113.33333333333333,95.49853243359135,4.703275529865126,3.617021276595745,7.244851258581236,7.881909547738694,0.6247139588100686,0.5728643216080402,24.333333333333332,20.083333333333332,0.5025125628140703,0.33116883116883117,1.4166666666666667,2.0833333333333335,0.6666666666666667,71.66666666666667,0.4134615384615385,-0.16666666666666663,-11.583333333333336,-10.75,-0.8333333333333357,-0.28383168253695423,4.745196385954571,-82.33333333333337,-57.5,-59.083333333333314,-76.75000000000003,-22.916666666666657,28.83333333333333,32.742599340843185,0.18611498932223292,0.3412153823369697,0.17810946649429216,-0.7103885121399882,-0.02954779566807464,-0.03241124717438326,-5.333333333333332,-3.75,-0.10987452600425435,0.012581168831168832,-0.16666666666666674,-0.5833333333333335,-0.41666666666666674,-7.083333333333343,0.01709401709401709
2010,2010-12-22,Boise State,Utah,26,3,23,1,0.9166666666666666,46.666666666666664,13.583333333333334,33.08333333333333,8.998316340832712,19.35063228158113,519.5,259.25,324.1666666666667,179.33333333333334,200.08333333333334,103.5,100.16486409914407,5.359375,2.875,10.130208333333334,6.2017291066282425,0.703125,0.5187319884726225,25.25,15.416666666666666,0.49635036496350365,0.29545454545454547,1.25,2.0,0.75,56.833333333333336,0.49946581196581197,0.8333333333333334,35.583333333333336,19.833333333333332,15.750000000000004,20.956484495836662,29.729461971097106,404.75,319.6666666666667,252.83333333333334,230.83333333333334,156.75,104.16666666666667,131.28603401456198,4.714285714285714,3.0193236714975846,8.11229946524064,8.147058823529411,0.6363636363636364,0.6,19.583333333333332,16.333333333333332,0.4444444444444444,0.3597560975609756,1.9166666666666667,1.75,-0.16666666666666674,48.5,0.4358974358974359,0.08333333333333326,11.083333333333329,-6.249999999999998,17.333333333333325,-11.95816815500395,-10.378829689515975,114.75,-60.416666666666686,71.33333333333334,-51.5,43.33333333333334,-0.6666666666666714,-31.12116991541791,0.6450892857142856,-0.14432367149758463,2.017908868092693,-1.9453297169011687,0.06676136363636365,-0.0812680115273775,5.666666666666668,-0.9166666666666661,0.051905920519059234,-0.06430155210643013,-0.6666666666666667,0.25,0.9166666666666667,8.333333333333336,0.06356837606837606
2010,2010-12-23,San Diego State,Navy,35,14,21,1,0.6666666666666666,35.0,22.75,12.25,9.917844340562942,17.602298403643456,448.5,351.4166666666667,303.75,226.66666666666666,151.5,141.58333333333334,111.0131032397036,4.567839195979899,3.6148936170212767,9.044665012406949,6.601941747572815,0.5607940446650124,0.5169902912621359,19.75,20.083333333333332,0.44785276073619634,0.34554973821989526,1.75,1.25,-0.5,54.5,0.42254273504273504,0.75,31.0,22.333333333333332,8.666666666666668,17.57580982228389,13.213858656957877,406.6666666666667,376.8333333333333,123.25,230.41666666666666,288.9166666666667,156.41666666666666,109.1157294996575,5.408736349453978,4.375291375291376,10.415492957746478,6.895261845386534,0.5352112676056338,0.6783042394014963,20.25,20.333333333333332,0.5286624203821656,0.40993788819875776,1.25,1.9166666666666667,0.6666666666666667,27.5,0.41292735042735046,-0.08333333333333337,4.0,0.41666666666666785,3.583333333333332,-7.657965481720948,4.388439746685579,41.833333333333314,-25.41666666666663,180.5,-3.75,-137.41666666666669,-14.833333333333314,1.897373740046092,-0.8408971534740788,-0.7603977582700989,-1.3708279453395296,-0.2933200978137185,0.025582777059378614,-0.1613139481393604,-0.5,-0.25,-0.08080965964596926,-0.0643881499788625,0.5,-0.6666666666666667,-1.1666666666666667,27.0,0.009615384615384581
2010,2010-12-24,Tulsa,Hawaii,62,35,27,1,0.75,39.666666666666664,29.916666666666668,9.749999999999996,14.034589305344738,21.38021600367116,503.5,442.5833333333333,295.3333333333333,318.8333333333333,219.33333333333334,136.91666666666666,89.33237222459016,5.201581027667984,4.026960784313726,8.109839816933638,8.483370288248336,0.6018306636155606,0.6119733924611973,26.166666666666668,22.083333333333332,0.49411764705882355,0.4294478527607362,1.4166666666666667,2.5833333333333335,1.1666666666666667,41.583333333333336,0.41292735042735046,0.7692307692307693,39.92307692307692,22.692307692307693,17.230769230769226,17.356370292880644,27.02207075137484,496.84615384615387,344.2307692307692,403.84615384615387,226.23076923076923,109.07692307692308,131.84615384615384,144.51519306163289,5.0462633451957295,3.4766734279918863,9.341637010676157,7.121065375302663,0.6476868327402135,0.5932203389830508,23.46153846153846,19.153846153846153,0.38405797101449274,0.3817204301075269,1.5384615384615385,2.769230769230769,1.2307692307692306,57.23076923076923,0.43441814595660755,-0.019230769230769273,-0.2564102564102555,7.2243589743589745,-7.48076923076923,-3.321780987535906,-5.6418547477036824,6.653846153846132,98.35256410256409,-108.51282051282055,92.60256410256409,110.25641025641026,5.070512820512818,-55.182820837042726,0.15531768247225486,0.5502873563218396,-1.2317971937425192,1.3623049129456728,-0.04585616912465296,0.018753053478146486,2.705128205128208,2.929487179487179,0.11005967604433081,0.04772742265320934,-0.1217948717948718,-0.18589743589743568,-0.06410256410256387,-15.647435897435898,-0.02149079552925709
2010,2010-12-26,Toledo,FIU,32,34,-2,0,0.6666666666666666,27.583333333333332,28.083333333333332,-0.5,12.280496979381823,25.010906711781853,359.5,369.5,215.5,253.5,156.0,130.58333333333334,103.14552825983296,4.1415929203539825,3.907730673316708,7.650887573964497,7.157647058823529,0.6301775147928994,0.6329411764705882,17.25,19.916666666666668,0.4057142857142857,0.391304347826087,1.5833333333333333,2.75,1.1666666666666667,64.75,0.4460470085470085,0.5,28.333333333333332,26.916666666666668,1.4166666666666643,12.27957160441189,15.293839124023606,402.3333333333333,363.3333333333333,225.08333333333334,222.33333333333334,189.16666666666666,157.41666666666666,111.26081833677883,4.680412371134021,4.372685185185185,7.587078651685394,7.411111111111111,0.6123595505617978,0.5444444444444444,19.583333333333332,18.5,0.38823529411764707,0.35714285714285715,1.6666666666666667,1.75,0.08333333333333326,72.66666666666667,0.4305555555555556,0.16666666666666663,-0.75,1.1666666666666643,-1.9166666666666643,0.0009253749699329461,9.717067587758248,-42.833333333333314,6.166666666666686,-9.583333333333343,31.166666666666657,-33.16666666666666,-26.833333333333314,-8.115290076945868,-0.5388194507800383,-0.464954511868477,0.06380892227910362,-0.2534640522875824,0.017817964231101602,0.08849673202614383,-2.333333333333332,1.4166666666666679,0.017478991596638627,0.03416149068322982,-0.08333333333333348,1.0,1.0833333333333335,-7.916666666666671,0.015491452991452936
2010,2010-12-27,Georgia Tech,Air Force,7,14,-7,0,0.5,27.583333333333332,26.166666666666668,1.4166666666666643,9.792931897624692,17.18592623648957,414.5,378.6666666666667,93.5,218.5,327.0,169.66666666666666,62.46671841141416,5.637931034482759,4.627272727272727,7.285714285714286,7.666666666666667,0.38311688311688313,0.6140350877192983,20.583333333333332,19.583333333333332,0.4,0.3961038961038961,1.9166666666666667,1.75,-0.16666666666666674,53.416666666666664,0.43856837606837606,0.6666666666666666,32.25,22.25,10.0,16.619402680437872,19.0930734703833,437.4166666666667,351.75,121.58333333333333,165.25,317.9166666666667,195.08333333333334,88.30572753310804,5.457796852646638,4.758130081300813,10.062068965517241,6.45928338762215,0.5310344827586206,0.5570032573289903,22.416666666666668,18.666666666666668,0.5238095238095238,0.4745762711864407,1.4166666666666667,1.5,0.08333333333333326,43.416666666666664,0.4861111111111111,-0.16666666666666663,-4.666666666666668,3.916666666666668,-8.583333333333336,-6.82647078281318,-1.9071472338937276,-22.916666666666686,26.916666666666686,-28.08333333333333,53.25,9.083333333333314,-25.416666666666686,-25.839009121693877,0.18013418183612107,-0.13085735402808574,-2.7763546798029557,1.2073832790445174,-0.1479175996417375,0.057031830390308014,-1.8333333333333357,0.9166666666666643,-0.12380952380952381,-0.07847237508254457,0.5,0.25,-0.25,10.0,-0.04754273504273504
2010,2010-12-28,Iowa,Missouri,27,24,3,1,0.5833333333333334,29.083333333333332,16.416666666666668,12.666666666666664,9.365879401833924,17.567187043065847,379.4166666666667,317.0833333333333,249.16666666666666,226.83333333333334,142.0,103.5,92.64345959678215,4.135922330097087,3.2857142857142856,8.898809523809524,6.450236966824645,0.6398809523809523,0.6090047393364929,20.166666666666668,18.083333333333332,0.4557823129251701,0.3872832369942196,0.75,1.8333333333333333,1.0833333333333333,38.916666666666664,0.5416666666666666,0.8333333333333334,30.333333333333332,15.166666666666666,15.166666666666666,12.182948839433024,17.19319809128193,401.0833333333333,350.6666666666667,248.66666666666666,224.66666666666666,162.91666666666666,146.91666666666666,56.32125116981451,4.7682926829268295,3.9440715883668904,6.891454965357967,6.419047619047619,0.625866050808314,0.5666666666666667,21.166666666666668,19.083333333333332,0.3668639053254438,0.390625,1.3333333333333333,2.25,0.9166666666666667,58.25,0.5395299145299145,-0.25,-1.25,1.2500000000000018,-2.5000000000000018,-2.8170694375991,0.3739889517839181,-21.66666666666663,-33.58333333333337,0.5,2.1666666666666856,-20.916666666666657,-43.41666666666666,36.32220842696764,-0.6323703528297422,-0.6583573026526048,2.0073545584515564,0.03118934777702531,0.014014901572638294,0.042338072669826254,-1.0,-1.0,0.0889184075997263,-0.0033417630057803738,-0.5833333333333333,-0.41666666666666674,0.16666666666666652,-19.333333333333336,0.002136752136752129
2010,2010-12-28,NC State,West Virginia,23,7,16,1,0.6666666666666666,32.583333333333336,22.5,10.083333333333336,9.709024230845833,16.822378673731734,406.6666666666667,340.5,299.0833333333333,249.41666666666666,125.0,113.0,98.88959255225757,3.5294117647058822,3.323529411764706,7.178,8.155313351498638,0.582,0.6103542234332425,23.583333333333332,15.833333333333334,0.43617021276595747,0.32142857142857145,1.75,2.0,0.25,36.166666666666664,0.5186965811965812,0.75,26.666666666666668,12.75,13.916666666666668,11.420343358421515,14.993685539606535,376.5833333333333,251.33333333333334,231.08333333333334,186.5,162.16666666666666,85.08333333333333,102.31987128904171,3.8842315369261478,2.729946524064171,8.084548104956268,6.431034482758621,0.6501457725947521,0.5747126436781609,19.916666666666668,13.083333333333334,0.44623655913978494,0.2469879518072289,1.9166666666666667,1.9166666666666667,0.0,41.583333333333336,0.4711538461538462,-0.08333333333333337,5.916666666666668,9.75,-3.833333333333332,-1.711319127575683,1.8286931341251993,30.08333333333337,89.16666666666666,67.99999999999997,62.91666666666666,-37.16666666666666,27.91666666666667,-3.430278736784146,-0.3548197722202655,0.5935828877005349,-0.9065481049562676,1.7242788687400168,-0.06814577259475219,0.03564157975508164,3.6666666666666643,2.75,-0.010066346373827473,0.07444061962134255,-0.16666666666666674,0.08333333333333326,0.25,-5.416666666666671,0.04754273504273504
2010,2010-12-29,Maryland,East Carolina,51,20,31,1,0.6666666666666666,30.666666666666668,22.333333333333332,8.333333333333336,18.277324915331732,24.5035557098198,342.4166666666667,353.0833333333333,230.83333333333334,237.25,124.91666666666667,132.16666666666666,86.29174439953772,3.7949367088607593,3.4553376906318083,7.547683923705722,6.51487414187643,0.5613079019073569,0.528604118993135,17.416666666666668,20.083333333333332,0.35,0.398989898989899,1.0,2.0833333333333335,1.0833333333333335,66.0,0.48824786324786323,0.5,38.166666666666664,43.416666666666664,-5.25,10.390846787904103,20.622692708408728,445.5,478.8333333333333,329.0,266.25,126.16666666666667,220.83333333333334,72.39726263032072,4.492581602373887,5.145631067961165,6.926315789473684,8.342036553524805,0.6473684210526316,0.597911227154047,24.0,23.916666666666668,0.4382716049382716,0.5172413793103449,2.1666666666666665,1.5833333333333333,-0.5833333333333333,63.25,0.5614316239316239,0.16666666666666663,-7.4999999999999964,-21.083333333333332,13.583333333333336,7.88647812742763,3.880863001411072,-103.08333333333331,-125.75,-98.16666666666666,-29.0,-1.25,-88.66666666666669,13.894481769216995,-0.6976448935131279,-1.6902933773293571,0.6213681342320374,-1.8271624116483745,-0.08606051914527468,-0.06930710816091201,-6.583333333333332,-3.8333333333333357,-0.08827160493827163,-0.11825148032044586,-1.1666666666666665,0.5000000000000002,1.6666666666666667,2.75,-0.0731837606837607
2010,2010-12-29,Baylor,Illinois,14,38,-24,0,0.5833333333333334,32.583333333333336,29.833333333333332,2.7500000000000036,11.163726433354944,25.867230937300505,478.5,427.25,287.3333333333333,278.5833333333333,200.5,160.25,124.77507035388993,5.480637813211845,4.198689956331878,8.05607476635514,7.5292792792792795,0.6588785046728972,0.6554054054054054,23.833333333333332,24.083333333333332,0.4117647058823529,0.4318181818181818,1.5,1.6666666666666667,0.16666666666666674,77.75,0.514957264957265,0.5,32.083333333333336,24.25,7.833333333333336,16.83858303978927,18.74631276876182,385.75,344.1666666666667,154.33333333333334,223.91666666666666,242.33333333333334,131.33333333333334,104.53109585190428,5.110720562390158,3.891358024691358,7.095785440613027,7.262162162162162,0.5632183908045977,0.5702702702702702,20.25,17.416666666666668,0.4049079754601227,0.3742690058479532,1.5833333333333333,2.0833333333333335,0.5000000000000002,55.166666666666664,0.5710470085470085,0.08333333333333337,0.5,5.583333333333332,-5.083333333333332,-5.674856606434327,7.120918168538687,92.75,83.08333333333331,132.99999999999997,54.66666666666666,-41.83333333333334,28.916666666666657,20.243974501985647,0.369917250821687,0.3073319316405194,0.9602893257421128,0.2671171171171176,0.09566011386829953,0.08513513513513515,3.583333333333332,6.666666666666664,0.006856730422230228,0.05754917597022863,-0.08333333333333326,-0.41666666666666674,-0.3333333333333335,22.583333333333336,-0.0560897435897435
2010,2010-12-29,Arizona,Oklahoma State,10,36,-26,0,0.5833333333333334,29.75,21.583333333333332,8.166666666666668,11.73282109763423,21.615791085278936,445.1666666666667,343.25,326.1666666666667,225.0,135.16666666666666,136.66666666666666,84.27965713065406,4.085642317380352,3.5574837310195226,8.257383966244726,7.258064516129032,0.6856540084388185,0.5591397849462365,23.583333333333332,18.666666666666668,0.4913294797687861,0.4207650273224044,1.5,1.5,0.0,51.416666666666664,0.5096153846153846,0.8333333333333334,44.916666666666664,27.75,17.166666666666664,12.76684864179192,17.91308984733756,537.5833333333334,412.8333333333333,364.5833333333333,288.5,182.91666666666666,137.33333333333334,112.5832688468514,5.104651162790698,3.5748373101952278,8.910386965376782,6.657692307692308,0.6761710794297352,0.6230769230769231,26.583333333333332,22.083333333333332,0.44171779141104295,0.43577981651376146,1.8333333333333333,2.5,0.6666666666666667,63.25,0.5443376068376068,-0.25,-15.166666666666664,-6.166666666666668,-8.999999999999996,-1.0340275441576896,3.702701237941376,-92.41666666666669,-69.58333333333331,-38.41666666666663,-63.5,-47.75,-0.6666666666666856,-28.303611716197338,-1.0190088454103456,-0.017353579175705125,-0.6530029991320561,0.600372208436724,0.009482929009083318,-0.06393713813068658,-3.0,-3.4166666666666643,0.049611688357743156,-0.01501478919135707,-0.33333333333333326,-1.0,-0.6666666666666667,-11.833333333333336,-0.03472222222222221
2010,2010-12-30,SMU,Army,14,16,-2,0,0.5384615384615384,26.615384615384617,26.384615384615383,0.2307692307692335,10.579370346248258,14.520983932191866,414.6923076923077,362.38461538461536,286.2307692307692,236.07692307692307,140.92307692307693,140.6153846153846,65.66757776278008,4.8465608465608465,3.656,7.719917012448133,7.25531914893617,0.58298755186722,0.5981087470449172,20.692307692307693,20.76923076923077,0.4327485380116959,0.4421052631578947,1.8461538461538463,1.1538461538461537,-0.6923076923076925,51.61538461538461,0.527120315581854,0.5,27.5,25.166666666666668,2.333333333333332,11.381803659589922,16.675149356470726,338.0833333333333,332.0,86.83333333333333,204.25,256.0,141.5,58.69405782736804,4.530973451327434,4.245,7.9541984732824424,8.365187713310581,0.5343511450381679,0.5597269624573379,18.583333333333332,17.25,0.4696132596685083,0.40601503759398494,1.1666666666666667,2.25,1.0833333333333333,44.333333333333336,0.4321581196581197,0.038461538461538436,-0.8846153846153832,1.2179487179487154,-2.1025641025640986,-0.8024333133416643,-2.15416542427886,76.60897435897436,30.38461538461536,199.3974358974359,31.826923076923066,-115.07692307692307,-0.8846153846153868,6.9735199354120425,0.31558739523341295,-0.589,-0.23428146083430956,-1.1098685643744108,0.048636406829052015,0.03838178458757935,2.1089743589743613,3.51923076923077,-0.03686472165681243,0.036090225563909784,0.6794871794871795,-1.0961538461538463,-1.7756410256410258,7.2820512820512775,0.09496219592373434
2010,2010-12-30,Syracuse,Kansas State,36,34,2,1,0.5833333333333334,21.0,18.083333333333332,2.916666666666668,11.669696576253308,20.969494437627652,308.25,295.0,197.08333333333334,172.41666666666666,130.25,137.41666666666666,68.99028258319494,3.859259259259259,3.648230088495575,6.915204678362573,6.032069970845481,0.5614035087719298,0.5539358600583091,16.75,16.5,0.36875,0.387434554973822,1.75,1.4166666666666667,-0.33333333333333326,60.5,0.40972222222222227,0.5833333333333334,33.583333333333336,28.5,5.083333333333336,14.650214601799794,21.98949473698472,378.75,441.3333333333333,188.33333333333334,221.66666666666666,206.0,229.08333333333334,77.67429082100111,4.772200772200772,5.924568965517241,8.432835820895523,7.037037037037037,0.6380597014925373,0.5502645502645502,19.25,21.583333333333332,0.4691358024691358,0.43859649122807015,1.5,1.8333333333333333,0.33333333333333326,36.166666666666664,0.48931623931623935,0.0,-12.583333333333336,-10.416666666666668,-2.166666666666668,-2.980518025546486,-1.0200002993570685,-70.5,-146.33333333333331,8.75,-49.25,-75.75,-91.66666666666669,-8.684008237806168,-0.9129415129415133,-2.276338877021666,-1.5176311425329496,-1.004967066191556,-0.07665619272060753,0.003671309793758848,-2.5,-5.083333333333332,-0.10038580246913575,-0.05116193625424814,0.25,-0.4166666666666665,-0.6666666666666665,24.333333333333336,-0.07959401709401709
2010,2010-12-30,Washington,Nebraska,19,7,12,1,0.5,22.083333333333332,31.166666666666668,-9.083333333333336,11.727654445279278,21.5552496593936,364.5833333333333,401.1666666666667,212.25,213.5,164.33333333333334,198.75,133.06694031975263,4.596736596736597,4.877300613496932,7.1344537815126055,7.579881656804734,0.5574229691876751,0.6094674556213018,18.25,20.916666666666668,0.3136094674556213,0.41566265060240964,1.4166666666666667,1.4166666666666667,0.0,56.333333333333336,0.5667735042735043,0.7692307692307693,32.69230769230769,17.23076923076923,15.461538461538463,16.413331042096114,15.645102453139472,414.2307692307692,304.2307692307692,166.6153846153846,178.53846153846155,259.61538461538464,144.30769230769232,117.63159570324763,5.691399662731872,3.7670682730923697,8.298850574712644,6.256064690026954,0.5862068965517241,0.49595687331536387,18.46153846153846,16.53846153846154,0.42134831460674155,0.2916666666666667,1.6923076923076923,1.7692307692307692,0.07692307692307687,68.53846153846153,0.4980276134122288,-0.2692307692307693,-10.608974358974361,13.935897435897438,-24.5448717948718,-4.685676596816837,5.910147206254127,-49.64743589743591,96.93589743589746,45.63461538461539,34.96153846153845,-95.2820512820513,54.44230769230768,15.435344616505006,-1.0946630659952747,1.1102323404045626,-1.164396793200038,1.3238169667777795,-0.028783927364049,0.11351058230593791,-0.2115384615384599,4.378205128205128,-0.10773884715112025,0.12399598393574296,-0.27564102564102555,-0.3525641025641024,-0.07692307692307687,-12.205128205128197,0.06874589086127547
2010,2010-12-30,Tennessee,North Carolina,27,30,-3,0,0.5,27.0,24.666666666666668,2.333333333333332,15.544657076833946,28.269268033529187,365.8333333333333,381.9166666666667,271.0,241.75,116.08333333333333,152.66666666666666,99.32301146290625,3.6754617414248023,4.116853932584269,8.695187165775401,7.2706766917293235,0.5641711229946524,0.5739348370927319,17.583333333333332,19.5,0.36416184971098264,0.3977272727272727,1.75,2.1666666666666665,0.4166666666666665,41.5,0.4813034188034188,0.5833333333333334,24.916666666666668,22.916666666666668,2.0,11.049132695978148,15.643761463512309,390.0833333333333,338.5,286.1666666666667,220.66666666666666,123.58333333333333,133.83333333333334,86.50324043676402,3.608272506082725,3.9075425790754257,8.91948051948052,6.860103626943006,0.6753246753246753,0.6010362694300518,18.75,17.833333333333332,0.39520958083832336,0.3941176470588235,1.75,1.75,0.0,56.416666666666664,0.5032051282051282,-0.08333333333333337,2.083333333333332,1.75,0.33333333333333215,4.495524380855798,12.625506570016878,-24.25,43.416666666666686,-15.166666666666686,21.083333333333343,-7.5,18.833333333333314,12.819771026142234,0.06718923534207732,0.20931135350884356,-0.22429335370511794,0.41057306478631794,-0.11115355233002289,-0.027101432337319986,-1.1666666666666679,1.6666666666666679,-0.031047731127340716,0.00360962566844919,0.0,0.4166666666666665,0.4166666666666665,-14.916666666666664,-0.02190170940170938
2010,2010-12-31,Florida State,South Carolina,26,17,9,1,0.6923076923076923,31.76923076923077,19.846153846153847,11.923076923076923,11.292725137257218,21.46493861495042,386.9230769230769,349.0769230769231,230.07692307692307,241.3846153846154,167.84615384615384,127.92307692307692,64.03314446240783,4.795604395604395,3.3528225806451615,7.954787234042553,7.115646258503402,0.6329787234042553,0.5827664399092971,19.692307692307693,19.846153846153847,0.4853801169590643,0.40865384615384615,1.6923076923076923,1.6923076923076923,0.0,58.30769230769231,0.5340236686390533,0.6923076923076923,32.0,22.923076923076923,9.076923076923077,13.880441875771343,22.00553543414906,391.15384615384613,357.9230769230769,247.07692307692307,273.15384615384613,155.53846153846155,104.3076923076923,64.07917778530735,4.126530612244898,3.213270142180095,9.09915014164306,8.08883826879271,0.6543909348441926,0.6309794988610479,20.53846153846154,18.53846153846154,0.49101796407185627,0.40217391304347827,1.6153846153846154,1.9230769230769231,0.3076923076923077,40.38461538461539,0.5833333333333334,0.0,-0.23076923076922995,-3.0769230769230766,2.8461538461538467,-2.587716738514125,-0.5405968191986403,-4.230769230769226,-8.846153846153811,-17.0,-31.769230769230745,12.307692307692292,23.615384615384613,-0.046033322899518225,0.6690737833594973,0.1395524384650666,-1.1443629076005069,-0.9731920102893081,-0.021412211439937323,-0.048213058951750765,-0.8461538461538467,1.3076923076923066,-0.005637847112791972,0.006479933110367875,0.07692307692307687,-0.23076923076923084,-0.3076923076923077,17.92307692307692,-0.04930966469428011
2010,2010-12-31,Clemson,USF,26,31,-5,0,0.5,23.833333333333332,17.75,6.083333333333332,13.979422106233233,17.49523744718354,337.8333333333333,323.75,201.08333333333334,207.16666666666666,146.41666666666666,131.66666666666666,77.94150876060066,4.086046511627907,3.534675615212528,6.557065217391305,7.022598870056497,0.5597826086956522,0.5225988700564972,18.0,17.0,0.4,0.36649214659685864,1.75,1.5,-0.25,56.0,0.5389957264957265,0.5833333333333334,23.5,19.5,4.0,14.74942217666355,18.3154182440518,311.9166666666667,319.75,175.5,207.25,149.41666666666666,131.91666666666666,92.46666065849536,3.9844444444444442,3.5733634311512414,7.138983050847457,6.851239669421488,0.559322033898305,0.5895316804407713,16.333333333333332,17.25,0.28378378378378377,0.3611111111111111,1.6666666666666667,1.5,-0.16666666666666674,46.583333333333336,0.4513888888888889,-0.08333333333333337,0.33333333333333215,-1.75,2.083333333333332,-0.7700000704303172,-0.8201807968682573,25.91666666666663,4.0,25.583333333333343,-0.08333333333334281,-3.0,-0.25,-14.525151897894702,0.10160206718346254,-0.0386878159387134,-0.5819178334561528,0.17135920063500976,0.00046057479734717965,-0.06693281038427412,1.6666666666666679,-0.25,0.11621621621621625,0.005381035485747532,0.08333333333333326,0.0,-0.08333333333333326,9.416666666666664,0.08760683760683757
2010,2010-12-31,UCF,Georgia,10,6,4,1,0.7692307692307693,33.76923076923077,18.0,15.769230769230766,13.833256101112795,16.92706829387892,384.2307692307692,318.0769230769231,200.84615384615384,221.07692307692307,192.46153846153845,110.38461538461539,70.35404968935553,4.374125874125874,3.424821002386635,9.81578947368421,6.576659038901602,0.6578947368421053,0.5423340961098398,21.076923076923077,17.307692307692307,0.5209580838323353,0.45077720207253885,1.2307692307692308,1.6923076923076923,0.46153846153846145,41.23076923076923,0.4260355029585799,0.5,34.25,23.083333333333332,11.166666666666668,15.404397247067298,24.44598250441288,393.75,335.8333333333333,260.5,199.83333333333334,147.66666666666666,149.16666666666666,75.35265574133885,4.1891252955082745,3.7214137214137213,9.738317757009346,8.35540069686411,0.6137071651090342,0.5505226480836237,18.833333333333332,17.916666666666668,0.4228187919463087,0.42592592592592593,1.1666666666666667,2.0,0.8333333333333333,42.5,0.5090811965811965,0.2692307692307693,-0.4807692307692335,-5.083333333333332,4.602564102564099,-1.5711411459545026,-7.518914210533957,-9.519230769230774,-17.75641025641022,-59.65384615384616,21.243589743589723,44.794871794871796,-38.78205128205127,-4.998606051983316,0.18500057861759966,-0.2965927190270863,0.07747171667486441,-1.7787416579625086,0.044187571733071085,-0.008188551973783875,2.2435897435897445,-0.6089743589743613,0.0981392918860266,0.02485127614661292,0.0641025641025641,-0.3076923076923077,-0.3717948717948718,-1.2692307692307665,-0.08304569362261666
2010,2010-12-31,Miami (FL),Notre Dame,17,33,-16,0,0.5833333333333334,27.083333333333332,19.666666666666668,7.416666666666664,8.382431122004613,20.89566433207587,422.5833333333333,317.1666666666667,241.91666666666666,167.16666666666666,190.41666666666666,170.83333333333334,56.41318081527553,4.872068230277185,4.116465863453815,7.20347394540943,6.709030100334449,0.5310173697270472,0.49498327759197325,22.333333333333332,16.333333333333332,0.39655172413793105,0.33707865168539325,2.6666666666666665,2.3333333333333335,-0.33333333333333304,66.91666666666667,0.5379273504273504,0.5833333333333334,25.75,20.5,5.25,7.759158811014597,16.017745840728708,378.25,353.1666666666667,266.75,219.75,120.83333333333333,146.75,81.04446030084071,3.9617486338797816,4.002272727272727,7.081858407079646,6.5925,0.5973451327433629,0.62,19.75,17.916666666666668,0.375,0.3507853403141361,2.0,1.75,-0.25,42.583333333333336,0.655448717948718,0.0,1.3333333333333321,-0.8333333333333321,2.1666666666666643,0.623272310990016,4.877918491347163,44.333333333333314,-36.0,-24.833333333333343,-52.58333333333334,69.58333333333333,24.083333333333343,-24.63127948556518,0.9103195963974038,0.11419313618108795,0.12161553832978367,0.11653010033444833,-0.06632776301631571,-0.12501672240802675,2.583333333333332,-1.5833333333333357,0.02155172413793105,-0.013706688628742858,0.6666666666666665,0.5833333333333335,-0.08333333333333304,24.333333333333336,-0.11752136752136755
2010,2011-01-01,Michigan State,Alabama,7,49,-42,0,0.9166666666666666,31.333333333333332,20.083333333333332,11.25,9.354953314429288,16.717573769158992,406.6666666666667,337.75,250.16666666666666,226.41666666666666,168.83333333333334,121.91666666666667,94.09891636254937,4.8701923076923075,3.5945945945945947,8.726744186046512,6.809523809523809,0.6686046511627907,0.5614035087719298,20.0,18.583333333333332,0.375,0.3772455089820359,1.5,2.0,0.5,59.083333333333336,0.4791666666666667,0.75,34.583333333333336,14.083333333333334,20.5,15.370919019861873,22.02684312791595,435.5833333333333,296.0,274.25,183.66666666666666,175.25,123.33333333333333,109.95904885111742,4.971631205673759,3.6363636363636362,9.70796460176991,6.520710059171598,0.6902654867256637,0.5266272189349113,21.833333333333332,14.916666666666666,0.43478260869565216,0.345679012345679,1.1666666666666667,2.0833333333333335,0.9166666666666667,38.75,0.5293803418803419,0.16666666666666663,-3.2500000000000036,5.999999999999998,-9.25,-6.015965705432585,-5.309269358756957,-28.91666666666663,41.75,-24.083333333333343,42.75,-6.416666666666657,-1.4166666666666572,-15.860132488568041,-0.10143889798145178,-0.041769041769041504,-0.9812204157233992,0.2888137503522117,-0.021660835562873015,0.034776289837018526,-1.8333333333333321,3.666666666666666,-0.05978260869565216,0.03156649663635691,0.33333333333333326,-0.08333333333333348,-0.41666666666666674,20.333333333333336,-0.0502136752136752
2010,2011-01-01,Oklahoma,Connecticut,48,20,28,1,0.8461538461538461,36.38461538461539,21.923076923076923,14.461538461538463,11.722758929666554,19.805787809860803,478.0769230769231,363.9230769230769,351.6923076923077,232.84615384615384,141.30769230769232,151.76923076923077,105.22314506043934,3.352189781021898,4.2613390928725705,7.842195540308748,6.6236323851203505,0.6518010291595198,0.5514223194748359,26.46153846153846,17.615384615384617,0.44155844155844154,0.3394495412844037,1.2307692307692308,2.3076923076923075,1.0769230769230766,45.30769230769231,0.5867850098619329,0.6666666666666666,26.916666666666668,19.833333333333332,7.083333333333336,17.047838217169588,23.059048049945535,325.0,353.6666666666667,150.41666666666666,222.25,179.91666666666666,147.25,75.53806987208503,4.693478260869565,3.9441964285714284,5.676100628930818,6.751898734177215,0.5314465408805031,0.5746835443037974,15.916666666666666,18.083333333333332,0.3142857142857143,0.3968253968253968,1.4166666666666667,2.5,1.0833333333333333,41.416666666666664,0.4375,0.17948717948717952,9.467948717948719,2.089743589743591,7.378205128205128,-5.3250792875030335,-3.2532602400847317,153.0769230769231,10.25641025641022,201.27564102564102,10.59615384615384,-38.608974358974336,4.519230769230774,29.685075188354304,-1.341288479847667,0.31714266430114213,2.1660949113779306,-0.1282663490568643,0.12035448827901662,-0.023261224828961535,10.544871794871794,-0.4679487179487154,0.12727272727272726,-0.057375855540993115,-0.1858974358974359,-0.1923076923076925,-0.0064102564102566095,3.8910256410256423,0.14928500986193294
2010,2011-01-01,Penn State,Florida,24,37,-13,0,0.5833333333333334,24.583333333333332,22.583333333333332,2.0,14.418790349801023,19.38134060472504,374.0833333333333,352.5,240.91666666666666,194.75,142.83333333333334,164.58333333333334,90.93799919159041,4.160194174757281,4.5091324200913245,7.528645833333333,7.212962962962963,0.5703125,0.6172839506172839,19.416666666666668,18.083333333333332,0.4327485380116959,0.3219178082191781,1.3333333333333333,1.25,-0.08333333333333326,31.083333333333332,0.548611111111111,0.5833333333333334,29.25,21.083333333333332,8.166666666666668,17.200026427041006,24.22558127019428,356.8333333333333,302.9166666666667,202.91666666666666,182.58333333333334,165.58333333333334,129.91666666666666,113.3176014036601,4.328976034858388,3.5033707865168537,6.878531073446328,6.619335347432024,0.6101694915254238,0.552870090634441,19.166666666666668,17.75,0.3821656050955414,0.38823529411764707,2.0833333333333335,2.0,-0.08333333333333348,59.166666666666664,0.548076923076923,0.0,-4.666666666666668,1.5,-6.166666666666668,-2.781236077239983,-4.84424066546924,17.25,49.583333333333314,38.0,12.166666666666657,-22.75,34.666666666666686,-22.3796022120697,-0.16878186010110685,1.0057616335744708,0.6501147598870052,0.5936276155309388,-0.03985699152542377,0.06441385998284288,0.25,0.33333333333333215,0.050582932916154455,-0.06631748589846898,-0.7500000000000002,-0.75,2.220446049250313e-16,-28.083333333333332,0.0005341880341880323
2010,2011-01-01,Michigan,Mississippi State,14,52,-38,0,0.5833333333333334,34.333333333333336,33.833333333333336,0.5,17.520550703950402,19.856301953604735,500.9166666666667,447.9166666666667,255.5,272.25,251.08333333333334,187.66666666666666,115.12559018372725,5.674199623352166,4.540322580645161,8.912790697674419,8.463730569948186,0.627906976744186,0.6295336787564767,23.5,20.0,0.46296296296296297,0.41818181818181815,2.25,1.5,-0.75,46.416666666666664,0.548611111111111,0.6666666666666666,27.083333333333332,20.333333333333332,6.75,15.281946171475633,19.23124824578241,394.3333333333333,358.0833333333333,188.16666666666666,248.5,215.75,121.66666666666667,128.15000679837766,4.614973262032086,3.5609756097560976,8.520754716981132,7.362962962962963,0.5660377358490566,0.5703703703703704,20.166666666666668,19.583333333333332,0.45251396648044695,0.35428571428571426,1.6666666666666667,2.1666666666666665,0.4999999999999998,44.666666666666664,0.513888888888889,-0.08333333333333326,7.2500000000000036,13.500000000000004,-6.25,2.2386045324747688,0.6250537078223246,106.58333333333337,89.83333333333337,67.33333333333334,23.75,35.33333333333334,65.99999999999999,-13.024416614650406,1.0592263613200803,0.9793469708890634,0.3920359806932865,1.1007676069852232,0.06186924089512946,0.059163308386106284,3.333333333333332,0.41666666666666785,0.010448996482516015,0.0638961038961039,0.5833333333333333,-0.6666666666666665,-1.2499999999999998,1.75,0.0347222222222221
2010,2011-01-01,Texas Tech,Northwestern,45,38,7,1,0.5833333333333334,32.083333333333336,30.333333333333332,1.7500000000000036,16.334338249852856,22.935185355098554,452.5833333333333,463.0833333333333,330.5,320.5833333333333,137.83333333333334,157.0,134.9952580536431,4.053921568627451,4.104575163398692,7.06951871657754,7.851020408163265,0.6470588235294118,0.6183673469387755,24.083333333333332,23.583333333333332,0.4358974358974359,0.35638297872340424,2.0833333333333335,1.8333333333333333,-0.2500000000000002,61.833333333333336,0.5112179487179488,0.5833333333333334,25.416666666666668,27.666666666666668,-2.25,5.599648257351581,19.90488747656076,392.4166666666667,415.6666666666667,260.5,241.41666666666666,149.83333333333334,185.16666666666666,56.22755444431029,3.546351084812623,5.073059360730594,8.805633802816901,7.065853658536585,0.7014084507042253,0.5902439024390244,21.666666666666668,21.416666666666668,0.4772727272727273,0.3614457831325301,1.8333333333333333,1.6666666666666667,-0.16666666666666652,57.0,0.4375,0.0,6.666666666666668,2.6666666666666643,4.0000000000000036,10.734689992501274,3.0302978785377945,60.16666666666663,47.41666666666663,70.0,79.16666666666666,-12.0,-28.166666666666657,78.76770360933281,0.5075704838148276,-0.9684841973319012,-1.7361150862393613,0.7851667496266801,-0.05434962717481351,0.028123444499751127,2.4166666666666643,2.1666666666666643,-0.04137529137529139,-0.005062804409125876,0.2500000000000002,0.16666666666666652,-0.0833333333333337,4.833333333333336,0.07371794871794879
2010,2011-01-01,TCU,Wisconsin,21,19,2,1,1.0,43.333333333333336,11.416666666666666,31.91666666666667,11.850073519782164,15.62316655909849,491.5,215.41666666666666,235.66666666666666,137.75,261.1666666666667,89.16666666666667,70.15631896635605,5.45993031358885,3.101449275362319,9.181818181818182,5.473509933774834,0.6590909090909091,0.48013245033112584,25.666666666666668,11.333333333333334,0.5302013422818792,0.2185430463576159,1.0833333333333333,1.8333333333333333,0.75,43.5,0.4118589743589744,0.9166666666666666,43.333333333333336,20.5,22.833333333333336,20.45986462824377,24.150412506672097,450.1666666666667,323.5,209.5,203.66666666666666,247.33333333333334,131.66666666666666,115.72446377128527,5.516728624535316,3.9798488664987404,9.858823529411765,7.104651162790698,0.7450980392156863,0.563953488372093,24.25,16.833333333333332,0.5076923076923077,0.39285714285714285,0.75,1.9166666666666667,1.1666666666666667,29.833333333333332,0.4428418803418803,0.08333333333333337,0.0,-9.083333333333334,9.083333333333336,-8.609791108461607,-8.527245947573608,41.333333333333314,-108.08333333333334,26.166666666666657,-65.91666666666666,13.833333333333343,-42.499999999999986,-45.56814480492922,-0.05679831094646648,-0.8783995911364215,-0.6770053475935836,-1.6311412290158636,-0.08600713012477723,-0.08382103804096719,1.4166666666666679,-5.499999999999998,0.02250903458957154,-0.17431409649952695,0.33333333333333326,-0.08333333333333348,-0.41666666666666674,13.666666666666668,-0.03098290598290593
2010,2011-01-03,Virginia Tech,Stanford,12,40,-28,0,0.8461538461538461,35.53846153846154,19.076923076923077,16.461538461538463,11.44272246608723,12.600366295042011,411.0769230769231,348.2307692307692,213.76923076923077,215.84615384615384,208.92307692307693,148.92307692307693,77.6224425649154,5.067164179104478,4.460829493087558,8.964516129032258,6.911330049261084,0.5935483870967742,0.5073891625615764,21.076923076923077,17.307692307692307,0.45180722891566266,0.34946236559139787,0.9230769230769231,2.3076923076923075,1.3846153846153844,44.15384615384615,0.5468441814595661,0.9166666666666666,40.333333333333336,17.833333333333332,22.500000000000004,12.272166092669242,19.787507537470567,467.3333333333333,326.5833333333333,260.25,213.91666666666666,211.0,126.25,53.593305778263236,5.023809523809524,4.07258064516129,8.77247191011236,6.565217391304348,0.6966292134831461,0.5754475703324808,24.75,18.75,0.577639751552795,0.3660130718954248,1.25,2.4166666666666665,1.1666666666666665,44.333333333333336,0.4471153846153846,-0.07051282051282048,-4.794871794871796,1.2435897435897445,-6.03846153846154,-0.8294436265820107,-7.187141242428556,-56.25641025641022,21.647435897435912,-46.480769230769226,1.9294871794871824,-2.076923076923066,22.673076923076934,24.029136786652167,0.04335465529495419,0.3882488479262678,0.1920442189198983,0.34611265795673596,-0.10308082638637195,-0.06805840777090444,-3.6730769230769234,-1.4423076923076934,-0.12583252263713235,-0.01655070630402694,-0.32692307692307687,-0.10897435897435903,0.21794871794871784,-0.1794871794871824,0.09972879684418157
2010,2011-01-04,Arkansas,Ohio State,26,31,-5,0,0.8333333333333334,37.333333333333336,22.75,14.583333333333336,10.671400464736946,18.20818164419168,489.25,339.75,349.1666666666667,200.83333333333334,150.83333333333334,157.41666666666666,54.24209200846281,4.641025641025641,3.960167714884696,10.023923444976077,7.650793650793651,0.6626794258373205,0.5492063492063493,22.333333333333332,18.0,0.4228187919463087,0.31952662721893493,1.9166666666666667,2.0833333333333335,0.16666666666666674,65.25,0.5507478632478633,0.9166666666666666,39.416666666666664,13.333333333333334,26.08333333333333,15.126486904123047,19.662878423028197,448.8333333333333,250.25,240.25,168.25,219.66666666666666,94.0,98.32398517455475,5.250996015936255,3.0241286863270775,8.898148148148149,5.9733727810650885,0.6604938271604939,0.5414201183431953,22.416666666666668,13.75,0.45806451612903226,0.3006535947712418,1.25,2.4166666666666665,1.1666666666666665,47.083333333333336,0.5,-0.08333333333333326,-2.0833333333333286,9.416666666666666,-11.499999999999993,-4.4550864393861005,-1.4546967788365173,40.416666666666686,89.5,108.91666666666669,32.58333333333334,-68.83333333333331,63.41666666666666,-44.08189316609194,-0.6099703749106133,0.9360390285576186,1.1257752968279284,1.6774208697285626,0.002185598676826661,0.007786230863153998,-0.0833333333333357,4.25,-0.03524572418272354,0.018873032447693117,0.6666666666666667,-0.33333333333333304,-0.9999999999999998,18.166666666666664,0.05074786324786329
2010,2011-01-06,Miami (OH),Middle Tennessee,35,21,14,1,0.6923076923076923,20.53846153846154,23.384615384615383,-2.846153846153843,8.130348338328691,20.82805061227988,347.0769230769231,335.7692307692308,268.0,231.0,96.76923076923077,121.38461538461539,70.51650106944417,3.1608040201005023,3.793269230769231,7.476394849785407,7.60253164556962,0.6437768240343348,0.5645569620253165,18.76923076923077,17.0,0.35195530726256985,0.3668639053254438,1.6923076923076923,2.3076923076923075,0.6153846153846152,44.84615384615385,0.41173570019723865,0.5,26.916666666666668,27.5,-0.5833333333333321,12.816596721249814,20.834666624002733,372.0833333333333,384.1666666666667,204.5,207.58333333333334,178.5,193.41666666666666,120.39062054475637,4.344827586206897,4.22,6.912676056338028,7.036723163841808,0.5859154929577465,0.5706214689265536,18.916666666666668,19.75,0.3817204301075269,0.3769633507853403,2.75,1.4166666666666667,-1.3333333333333333,55.666666666666664,0.3055555555555555,0.1923076923076923,-6.378205128205128,-4.115384615384617,-2.262820512820511,-4.686248382921123,-0.0066160117228513116,-25.00641025641022,-48.39743589743591,63.5,23.416666666666657,-81.73076923076923,-72.03205128205127,-49.8741194753122,-1.1840235661063945,-0.4267307692307689,0.5637187934473795,0.565808481727812,0.05786133107658831,-0.0060645069012371655,-0.1474358974358978,-2.75,-0.029765122844957026,-0.01009944545989655,-1.0576923076923077,0.8910256410256407,1.9487179487179485,-10.820512820512818,0.10618014464168313
2010,2011-01-07,Texas A&M,LSU,24,41,-17,0,0.75,31.833333333333332,20.333333333333332,11.5,14.559179131039528,18.123314968695585,447.5833333333333,357.5,303.0,259.6666666666667,165.83333333333334,117.0,103.79039921735038,4.061224489795919,3.295774647887324,7.590814196242171,6.346232179226069,0.6012526096033403,0.6069246435845214,23.833333333333332,19.916666666666668,0.421875,0.34134615384615385,2.1666666666666665,2.0,-0.16666666666666652,64.33333333333333,0.5721153846153847,0.8333333333333334,28.75,17.75,11.0,10.287901102309892,16.39290312077982,334.5833333333333,301.6666666666667,169.0,186.5,179.16666666666666,135.83333333333334,83.38351519371564,4.451345755693581,3.6302895322939865,7.191489361702128,7.266233766233766,0.5780141843971631,0.5616883116883117,17.0,15.666666666666666,0.3609467455621302,0.3473053892215569,1.8333333333333333,2.3333333333333335,0.5000000000000002,48.166666666666664,0.548611111111111,-0.08333333333333337,3.083333333333332,2.583333333333332,0.5,4.271278028729636,1.7304118479157644,113.0,55.833333333333314,134.0,73.16666666666669,-13.333333333333314,-18.833333333333343,20.406884023634746,-0.3901212658976627,-0.33451488440666255,0.3993248345400433,-0.9200015870076967,0.023238425206177138,0.04523633189620968,6.833333333333332,4.250000000000002,0.06092825443786981,-0.005959235375403049,0.33333333333333326,-0.3333333333333335,-0.6666666666666667,16.166666666666664,0.023504273504273643
2010,2011-01-08,Kentucky,Pittsburgh,10,27,-17,0,0.5,33.0,28.5,4.5,14.97877285907081,21.42428528562855,437.25,353.9166666666667,283.5833333333333,197.25,163.08333333333334,170.08333333333334,78.84636960570855,4.65952380952381,4.485714285714286,8.063981042654028,7.89,0.6563981042654028,0.5433333333333333,22.416666666666668,18.0,0.4457831325301205,0.38311688311688313,1.5833333333333333,1.25,-0.33333333333333326,44.75,0.4326923076923077,0.5833333333333334,26.25,19.75,6.5,13.645678636643378,19.509904244674384,367.75,304.25,224.5,199.91666666666666,157.75,121.33333333333333,90.45151890779543,4.464622641509434,3.542579075425791,7.900293255131965,6.701117318435754,0.6480938416422287,0.5670391061452514,18.25,18.416666666666668,0.4171779141104294,0.40625,1.75,1.75,0.0,56.833333333333336,0.5208333333333334,-0.08333333333333337,6.75,8.75,-2.0,1.333094222427432,1.914381040954165,69.5,49.666666666666686,59.083333333333314,-2.666666666666657,5.333333333333343,48.750000000000014,-11.605149302086886,0.19490116801437551,0.9431352102884949,0.16368778752206303,1.1888826815642455,0.008304262623174075,-0.023705772811918102,4.166666666666668,-0.41666666666666785,0.028605218419691048,-0.023133116883116867,-0.16666666666666674,-0.5,-0.33333333333333326,-12.083333333333336,-0.08814102564102566
2010,2011-01-09,Boston College,Nevada,13,20,-7,0,0.5833333333333334,18.916666666666668,19.5,-0.5833333333333321,8.826183498631508,14.12578772273882,308.5833333333333,310.0,190.16666666666666,240.41666666666666,133.25,80.16666666666667,47.97434604856933,3.642369020501139,2.657458563535912,7.198738170347003,6.048218029350105,0.5236593059936908,0.6373165618448637,15.25,18.083333333333332,0.3333333333333333,0.40425531914893614,1.9166666666666667,2.5,0.5833333333333333,50.833333333333336,0.4823717948717949,0.9230769230769231,42.61538461538461,22.076923076923077,20.538461538461537,12.393132920684083,16.855342301554252,535.5384615384615,377.3076923076923,234.07692307692307,268.61538461538464,305.9230769230769,124.61538461538461,131.1103958404363,6.322734499205088,4.01985111662531,8.897660818713451,7.691629955947136,0.6461988304093568,0.5704845814977973,27.153846153846153,19.692307692307693,0.5621301775147929,0.3815028901734104,1.2307692307692308,1.6923076923076923,0.46153846153846145,46.61538461538461,0.3944773175542406,-0.33974358974358976,-23.698717948717945,-2.5769230769230766,-21.12179487179487,-3.5669494220525753,-2.7295545788154314,-226.95512820512823,-67.30769230769232,-43.91025641025641,-28.198717948717984,-172.6730769230769,-44.44871794871794,-83.13604979186697,-2.6803654787039486,-1.3623925530893986,-1.6989226483664481,-1.6434119265970315,-0.12253952441566596,0.06683198034706639,-11.903846153846153,-1.6089743589743613,-0.22879684418145957,0.022752428975525762,0.6858974358974359,0.8076923076923077,0.1217948717948718,4.2179487179487225,0.08789447731755429
2010,2011-01-10,Oregon,Auburn,19,22,-3,0,1.0,49.333333333333336,18.416666666666668,30.916666666666668,15.005049655083287,22.022543546157973,537.1666666666666,331.5833333333333,238.08333333333334,229.41666666666666,303.5,117.58333333333333,116.1979763032459,6.090301003344481,3.327830188679245,8.070621468926554,6.063876651982379,0.6214689265536724,0.5352422907488987,26.75,18.916666666666668,0.4588235294117647,0.33505154639175255,1.8333333333333333,2.9166666666666665,1.0833333333333333,63.416666666666664,0.41933760683760685,1.0,42.69230769230769,24.46153846153846,18.230769230769234,15.52623916356123,15.99559234161006,497.6923076923077,362.15384615384613,221.23076923076923,265.61538461538464,287.15384615384613,111.6923076923077,93.28038791316624,6.200996677740863,3.4903846153846154,11.019157088122606,7.284810126582278,0.6666666666666666,0.6265822784810127,24.23076923076923,21.307692307692307,0.5310344827586206,0.378698224852071,1.1538461538461537,1.5384615384615385,0.3846153846153848,53.30769230769231,0.5424063116370809,0.0,6.641025641025642,-6.044871794871792,12.685897435897434,-0.5211895084779439,6.026951204547913,39.47435897435895,-30.570512820512818,16.852564102564116,-36.198717948717984,16.346153846153868,5.891025641025635,22.917588390079658,-0.11069567439638206,-0.16255442670537024,-2.9485356191960523,-1.2209334745998994,-0.04519774011299427,-0.09133998773211394,2.51923076923077,-2.3910256410256387,-0.07221095334685596,-0.043646678460318444,0.6794871794871795,1.378205128205128,0.6987179487179485,10.108974358974358,-0.12306870479947402
