season,team,games,games_stats,win_pct,ppg,papg,margin_avg,pts_std,margin_std,ypg,ypg_allowed,pass_ypg,pass_ypg_allowed,rush_ypg,rush_ypg_allowed,yards_std,ypc,ypc_allowed,ypa,ypa_allowed,comp_pct,comp_pct_allowed,first_downs_pg,first_downs_allowed_pg,third_pct,third_pct_allowed,giveaways_pg,takeaways_pg,to_margin_pg,pen_yds_pg,sos
2004,Air Force,11,11,0.45454545454545453,29.636363636363637,31.09090909090909,-1.4545454545454533,9.276558923143076,20.829611788814674,425.45454545454544,422.09090909090907,156.45454545454547,227.8181818181818,277.3636363636364,200.0,83.67241317945077,4.708333333333333,4.943820224719101,9.105820105820106,8.409395973154362,0.5978835978835979,0.5637583892617449,23.727272727272727,20.727272727272727,0.46987951807228917,0.40458015267175573,1.4545454545454546,1.5454545454545454,0.09090909090909083,0.0,0.4958677685950413
2004,Akron,11,11,0.5454545454545454,24.636363636363637,31.545454545454547,-6.90909090909091,11.935432353063101,23.33432898308647,336.8181818181818,425.90909090909093,263.90909090909093,253.8181818181818,97.27272727272727,188.9090909090909,115.25954900295088,2.8232189973614776,5.031476997578692,8.247159090909092,7.485254691689008,0.6335227272727273,0.6487935656836461,18.636363636363637,22.09090909090909,0.32894736842105265,0.4339622641509434,1.4545454545454546,2.272727272727273,0.8181818181818183,0.0,0.42424242424242425
2004,Alabama,11,11,0.5454545454545454,25.363636363636363,15.363636363636363,10.0,17.077896400158465,23.528705871764387,332.3636363636364,235.9090909090909,142.0909090909091,129.9090909090909,200.0,119.36363636363636,97.89205557885964,4.573804573804574,3.186893203883495,6.946666666666666,6.240174672489083,0.5511111111111111,0.4366812227074236,16.454545454545453,13.0,0.32,0.27692307692307694,1.8181818181818181,2.272727272727273,0.4545454545454548,0.0,0.47314049586776863
2004,Appalachian State,1,1,0.0,7.0,53.0,-46.0,,,230.0,537.0,176.0,282.0,30.0,266.0,,0.9375,5.215686274509804,5.67741935483871,8.8125,0.5161290322580645,0.5625,15.0,25.0,,0.2777777777777778,5.0,1.0,-4.0,81.0,0.5454545454545454
2004,Arizona,11,11,0.2727272727272727,14.909090909090908,25.0,-10.090909090909092,9.428197552602994,18.662553659424777,288.90909090909093,379.3636363636364,185.9090909090909,264.1818181818182,118.36363636363636,123.9090909090909,56.72998245276398,3.373056994818653,3.292270531400966,6.55448717948718,7.770053475935829,0.5256410256410257,0.5802139037433155,15.636363636363637,20.0,0.2857142857142857,0.40425531914893614,2.272727272727273,2.6363636363636362,0.3636363636363633,0.0,0.5950413223140495
2004,Arizona State,11,11,0.7272727272727273,30.09090909090909,24.636363636363637,5.454545454545453,15.273863594091349,22.57593247847644,427.0,360.0,332.8181818181818,253.72727272727272,114.45454545454545,128.0909090909091,122.30699080592244,3.187341772151899,3.6035805626598467,8.0109409190372,7.138107416879795,0.5776805251641138,0.5421994884910486,21.636363636363637,18.727272727272727,0.39344262295081966,0.30120481927710846,2.272727272727273,2.4545454545454546,0.18181818181818166,0.0,0.5991735537190083
2004,Arkansas,11,11,0.45454545454545453,29.818181818181817,24.545454545454547,5.27272727272727,14.952044554629857,24.07526078401191,397.90909090909093,397.1818181818182,220.8181818181818,228.0,187.36363636363637,180.27272727272728,102.3039144367942,4.413276231263383,4.558620689655172,8.493006993006993,8.738675958188153,0.5664335664335665,0.5993031358885017,19.636363636363637,19.0,0.4339622641509434,0.363013698630137,1.8181818181818181,1.6363636363636365,-0.18181818181818166,0.0,0.6198347107438017
2004,Arkansas State,11,11,0.2727272727272727,19.545454545454547,33.18181818181818,-13.636363636363633,9.781243646527127,18.391697731708877,358.1818181818182,422.3636363636364,221.0,234.36363636363637,151.8181818181818,196.63636363636363,100.84326272172889,4.175,4.563291139240507,7.108187134502924,8.536423841059603,0.5175438596491229,0.6026490066225165,18.09090909090909,21.636363636363637,0.3464052287581699,0.41025641025641024,2.6363636363636362,2.090909090909091,-0.5454545454545454,0.0,0.49380165289256195
2004,Army,11,11,0.18181818181818182,23.636363636363637,35.27272727272727,-11.636363636363637,13.025150496425962,16.481946045735786,381.6363636363636,490.09090909090907,215.36363636363637,255.0909090909091,175.9090909090909,249.36363636363637,83.3141917409906,5.052219321148825,5.07962962962963,6.749287749287749,8.796238244514107,0.5185185185185185,0.6614420062695925,18.09090909090909,26.727272727272727,0.3333333333333333,0.4489795918367347,1.5454545454545454,1.7272727272727273,0.18181818181818188,0.0,0.5206611570247933
2004,Auburn,12,12,1.0,33.416666666666664,11.166666666666666,22.25,11.090194959621957,12.211209455399427,430.8333333333333,269.5,251.5,178.91666666666666,189.41666666666666,106.5,96.07083876289444,4.456862745098039,3.268542199488491,10.335616438356164,6.525835866261398,0.684931506849315,0.5440729483282675,21.5,14.0,0.43661971830985913,0.28187919463087246,1.75,2.3333333333333335,0.5833333333333335,0.0,0.49242424242424243
2004,BYU,11,11,0.45454545454545453,24.272727272727273,26.818181818181817,-2.545454545454543,12.264509032903918,20.776735240954658,384.0,377.3636363636364,301.90909090909093,250.27272727272728,104.45454545454545,148.0909090909091,101.25611092669914,3.007853403141361,3.693877551020408,7.8325471698113205,7.563186813186813,0.5518867924528302,0.5439560439560439,19.454545454545453,19.272727272727273,0.32386363636363635,0.3615819209039548,2.8181818181818183,1.8181818181818181,-1.0000000000000002,0.0,0.5867768595041323
2004,Ball State,11,11,0.18181818181818182,20.454545454545453,36.81818181818182,-16.363636363636367,13.117649456847339,24.50009276420286,323.27272727272725,458.0,236.54545454545453,270.54545454545456,114.27272727272727,197.36363636363637,119.61362038588325,3.036231884057971,4.835189309576838,7.350282485875706,9.045592705167174,0.5734463276836158,0.6595744680851063,18.545454545454547,22.454545454545453,0.35,0.44594594594594594,0.6363636363636364,1.2727272727272727,0.6363636363636364,0.0,0.48966942148760334
2004,Baylor,11,11,0.2727272727272727,20.363636363636363,36.90909090909091,-16.545454545454543,10.88368253187061,20.714070755714033,311.8181818181818,421.09090909090907,233.36363636363637,224.8181818181818,98.9090909090909,205.8181818181818,93.03743137234409,2.9726775956284155,4.6204081632653065,6.49873417721519,8.586805555555555,0.5949367088607594,0.5902777777777778,17.545454545454547,21.363636363636363,0.35260115606936415,0.46308724832214765,2.6363636363636362,0.9090909090909091,-1.727272727272727,0.0,0.5950413223140495
2004,Boise State,11,11,1.0,49.72727272727273,24.0,25.727272727272727,12.923551439839661,21.859052628560594,511.6363636363636,339.09090909090907,286.0,271.90909090909093,242.72727272727272,83.45454545454545,80.47145174193481,4.78494623655914,2.8421052631578947,9.709876543209877,7.458852867830424,0.6358024691358025,0.5211970074812967,27.09090909090909,16.363636363636363,0.41333333333333333,0.37423312883435583,2.0,2.4545454545454546,0.4545454545454546,0.0,0.45385674931129477
2004,Boston College,11,11,0.7272727272727273,23.545454545454547,16.272727272727273,7.272727272727273,7.188374452734587,14.241424852105979,377.09090909090907,330.0,257.72727272727275,207.72727272727272,132.0909090909091,131.0,82.53054530954529,3.6054590570719602,3.531862745098039,7.250639386189258,6.436619718309859,0.5907928388746803,0.5859154929577465,19.90909090909091,17.363636363636363,0.3522727272727273,0.3625,2.0,2.0,0.0,0.0,0.42148760330578516
2004,Bowling Green,11,11,0.7272727272727273,43.63636363636363,22.454545454545453,21.18181818181818,14.657917500605105,25.18260582949343,501.6363636363636,389.90909090909093,342.90909090909093,265.6363636363636,166.0,136.27272727272728,107.83994874560422,4.694087403598972,3.65609756097561,8.813084112149532,6.827102803738318,0.6705607476635514,0.544392523364486,25.818181818181817,22.454545454545453,0.4794520547945205,0.4025157232704403,0.7272727272727273,2.1818181818181817,1.4545454545454544,0.0,0.4152892561983471
2004,Buffalo,11,9,0.18181818181818182,17.90909090909091,31.90909090909091,-14.0,15.559270840592406,22.89978165834775,259.3333333333333,413.1111111111111,126.0,248.55555555555554,140.66666666666666,183.55555555555554,117.77096416349829,3.627507163323782,4.27979274611399,5.93717277486911,7.794425087108014,0.4397905759162304,0.6132404181184669,12.333333333333334,20.666666666666668,0.23484848484848486,0.36496350364963503,1.4444444444444444,1.8888888888888888,0.4444444444444444,0.0,0.4455922865013774
2004,California,11,11,0.9090909090909091,37.27272727272727,13.363636363636363,23.90909090909091,11.52467708086356,16.410085590602787,494.72727272727275,295.8181818181818,244.72727272727272,234.45454545454547,260.0,83.0,67.27568789554054,6.085106382978723,2.6311239193083575,9.314878892733564,7.065753424657534,0.6747404844290658,0.4986301369863014,24.0,15.454545454545455,0.44776119402985076,0.3413173652694611,1.7272727272727273,1.9090909090909092,0.18181818181818188,0.0,0.4958677685950413
2004,Central Michigan,11,11,0.36363636363636365,23.636363636363637,34.36363636363637,-10.72727272727273,17.1829725441946,16.811251643413758,395.54545454545456,431.72727272727275,243.0909090909091,266.8181818181818,169.9090909090909,170.54545454545453,82.97151756640785,4.171875,3.9494736842105262,7.1306666666666665,8.130193905817174,0.5573333333333333,0.6038781163434903,20.181818181818183,22.181818181818183,0.3446327683615819,0.3961038961038961,1.7272727272727273,1.1818181818181819,-0.5454545454545454,0.0,0.37878787878787884
2004,Chattanooga,1,1,0.0,21.0,52.0,-31.0,,,338.0,496.0,265.0,336.0,73.0,160.0,,1.6590909090909092,4.571428571428571,6.973684210526316,12.0,0.5526315789473685,0.42857142857142855,20.0,17.0,,0.25,2.0,1.0,-1.0,40.0,0.7272727272727273
2004,Cincinnati,11,11,0.5454545454545454,28.363636363636363,27.818181818181817,0.5454545454545467,17.396969433051993,28.664834331855594,406.1818181818182,360.1818181818182,229.0,213.8181818181818,184.8181818181818,160.8181818181818,132.2360148989814,4.235416666666667,4.655263157894737,7.474777448071217,7.84,0.5756676557863502,0.5033333333333333,20.636363636363637,16.272727272727273,0.36363636363636365,0.31724137931034485,2.0,1.7272727272727273,-0.2727272727272727,0.0,0.5316804407713499
2004,Citadel,2,2,0.0,6.5,30.5,-24.0,4.949747468305833,8.48528137423857,225.0,495.0,100.0,288.0,120.0,212.5,79.19595949289332,3.5294117647058822,4.56989247311828,5.2631578947368425,10.105263157894736,0.42105263157894735,0.7017543859649122,11.0,25.5,,0.5555555555555556,2.0,2.5,0.5,46.0,0.5909090909090909
2004,Clemson,11,10,0.5454545454545454,21.454545454545453,20.818181818181817,0.6363636363636367,10.434209470425984,16.40288223010046,302.8,336.6,210.9,214.6,107.6,147.1,98.80260905237046,3.1098265895953756,3.4369158878504673,6.429878048780488,6.562691131498471,0.5060975609756098,0.4984709480122324,16.9,19.2,0.3223684210526316,0.3668639053254438,2.2,1.5,-0.7000000000000002,0.0,0.5123966942148761
2004,Colorado,12,11,0.5833333333333334,22.583333333333332,25.333333333333332,-2.75,13.833150783753519,19.27846183981209,322.09090909090907,431.54545454545456,212.0,275.8181818181818,118.72727272727273,173.0909090909091,163.1885134103835,3.568306010928962,4.033898305084746,6.477777777777778,8.069148936170214,0.5805555555555556,0.5797872340425532,16.90909090909091,21.727272727272727,0.33544303797468356,0.4293193717277487,2.4545454545454546,2.090909090909091,-0.36363636363636376,0.0,0.5681818181818182
2004,Colorado State,11,11,0.36363636363636365,23.727272727272727,29.545454545454547,-5.81818181818182,12.272659932475184,26.19472535385008,372.90909090909093,415.6363636363636,278.72727272727275,200.27272727272728,111.63636363636364,221.72727272727272,81.43642249688348,3.13265306122449,5.1673728813559325,8.76,6.716463414634147,0.5971428571428572,0.5670731707317073,20.0,22.545454545454547,0.3924050632911392,0.40559440559440557,2.727272727272727,1.3636363636363635,-1.3636363636363635,0.0,0.5241046831955923
2004,Connecticut,11,11,0.6363636363636364,29.454545454545453,22.727272727272727,6.727272727272727,14.292401032462225,21.5039108493823,432.6363636363636,331.6363636363636,295.3636363636364,201.1818181818182,147.45454545454547,142.8181818181818,107.01894479695895,4.158974358974359,3.8694581280788176,7.680851063829787,7.115755627009646,0.6430260047281324,0.5016077170418006,22.636363636363637,16.545454545454547,0.34591194968553457,0.3381294964028777,2.1818181818181817,1.5454545454545454,-0.6363636363636362,0.0,0.396694214876033
2004,Delaware,1,1,0.0,20.0,34.0,-14.0,,,314.0,441.0,230.0,105.0,59.0,346.0,,3.2777777777777777,5.766666666666667,4.6,9.545454545454545,0.6,0.7272727272727273,18.0,22.0,,0.5714285714285714,1.0,1.0,0.0,15.0,0.8181818181818182
2004,Duke,11,10,0.18181818181818182,16.636363636363637,29.272727272727273,-12.636363636363637,6.297185518511063,15.114712880321129,269.7,444.1,191.8,214.2,103.4,235.0,86.61671637481737,2.9798270893371757,5.097613882863341,6.777385159010601,8.568,0.5653710247349824,0.6,14.4,21.5,0.2733812949640288,0.4426229508196721,2.7,2.4,-0.30000000000000027,0.0,0.5633608815426997
2004,East Carolina,11,11,0.18181818181818182,21.0,39.90909090909091,-18.909090909090907,9.674709297958259,19.98726867510689,308.3636363636364,456.8181818181818,240.45454545454547,233.0,92.81818181818181,233.27272727272728,119.24283854997141,2.7669376693766936,4.915708812260537,6.924083769633508,9.388278388278389,0.5418848167539267,0.6007326007326007,17.181818181818183,21.272727272727273,0.3411764705882353,0.3888888888888889,2.5454545454545454,2.1818181818181817,-0.36363636363636376,0.0,0.5041322314049587
2004,Eastern Illinois,1,1,1.0,31.0,28.0,3.0,,,431.0,461.0,235.0,291.0,196.0,182.0,,4.666666666666667,3.7142857142857144,10.217391304347826,10.392857142857142,0.6086956521739131,0.6071428571428571,20.0,22.0,,0.375,1.0,1.0,0.0,29.0,0.36363636363636365
2004,Eastern Kentucky,1,1,0.0,7.0,19.0,-12.0,,,460.0,366.0,276.0,166.0,184.0,210.0,,4.6,5.526315789473684,8.625,7.904761904761905,0.6875,0.7142857142857143,19.0,19.0,,0.5384615384615384,1.0,0.0,-1.0,55.0,0.18181818181818182
2004,Eastern Michigan,11,10,0.36363636363636365,29.818181818181817,41.63636363636363,-11.818181818181817,14.246530678155871,19.13540269666767,436.8,476.7,285.3,301.2,157.6,188.6,98.17195797850492,4.247978436657682,4.386046511627907,6.573732718894009,8.807017543859649,0.5138248847926268,0.672514619883041,23.0,25.8,0.42011834319526625,0.384,2.2,1.4,-0.8000000000000003,0.0,0.48760330578512395
2004,Eastern Washington,1,1,0.0,20.0,42.0,-22.0,,,413.0,498.0,276.0,162.0,120.0,353.0,,3.0,6.788461538461538,7.2631578947368425,10.125,0.5526315789473685,0.6875,25.0,26.0,,0.6,2.0,1.0,-1.0,10.0,0.45454545454545453
2004,FIU,3,3,0.0,28.333333333333332,42.333333333333336,-14.000000000000004,7.3711147958319945,9.539392014169456,367.6666666666667,494.3333333333333,232.66666666666666,355.6666666666667,147.0,149.66666666666666,121.32738080636759,5.188235294117647,4.008928571428571,6.345454545454546,8.891666666666667,0.5636363636363636,0.7,18.666666666666668,26.0,0.3783783783783784,0.43478260869565216,3.3333333333333335,1.0,-2.3333333333333335,0.0,0.42424242424242425
2004,Florida,11,11,0.6363636363636364,33.81818181818182,20.545454545454547,13.272727272727273,12.536492187355934,17.315258641388574,428.8181818181818,351.8181818181818,281.09090909090907,219.27272727272728,156.9090909090909,145.1818181818182,78.0433446000595,4.602666666666667,3.7313084112149535,8.402173913043478,6.501347708894879,0.6086956521739131,0.555256064690027,21.09090909090909,20.272727272727273,0.4391891891891892,0.38857142857142857,1.7272727272727273,2.090909090909091,0.36363636363636354,0.0,0.506198347107438
2004,Florida A&M,4,4,0.0,9.75,47.75,-38.0,8.139410298049853,17.795130420052185,323.0,492.75,212.25,221.5,80.75,273.5,84.4630096551147,2.584,5.49748743718593,4.564516129032258,9.425531914893616,0.6075268817204301,0.6702127659574468,19.0,25.75,,0.5,2.5,1.5,-1.0,52.0,0.4356060606060606
2004,Florida Atlantic,6,6,0.5,18.0,22.833333333333332,-4.833333333333332,11.523888232710346,15.038838607640773,379.3333333333333,345.3333333333333,280.1666666666667,246.16666666666666,118.5,112.0,87.02796485421608,3.01271186440678,3.4461538461538463,8.664948453608247,7.033333333333333,0.5927835051546392,0.5904761904761905,18.5,17.166666666666668,0.3333333333333333,0.20930232558139536,2.1666666666666665,0.8333333333333334,-1.333333333333333,0.0,0.5366161616161617
2004,Florida State,11,11,0.7272727272727273,24.727272727272727,13.727272727272727,11.0,11.082336478296526,14.08545348932721,364.72727272727275,270.6363636363636,233.54545454545453,224.0909090909091,149.36363636363637,69.0,124.04603251139545,3.930622009569378,2.045822102425876,6.9245283018867925,7.042857142857143,0.5363881401617251,0.5457142857142857,19.09090909090909,14.545454545454545,0.2147239263803681,0.24404761904761904,1.9090909090909092,2.4545454545454546,0.5454545454545454,0.0,0.5289256198347108
2004,Fresno State,11,11,0.7272727272727273,40.45454545454545,19.272727272727273,21.18181818181818,18.0075741640213,23.060000788456975,399.72727272727275,331.72727272727275,180.0,188.0909090909091,228.0,155.8181818181818,135.005993132965,5.358974358974359,3.8088888888888888,7.615384615384615,6.2507552870090635,0.5846153846153846,0.5045317220543807,20.09090909090909,18.181818181818183,0.4714285714285714,0.35443037974683544,2.0,2.727272727272727,0.7272727272727271,0.0,0.40082644628099173
2004,Furman,1,1,0.0,38.0,41.0,-3.0,,,423.0,479.0,275.0,413.0,141.0,99.0,,3.710526315789474,2.2,10.576923076923077,11.472222222222221,0.5384615384615384,0.8333333333333334,20.0,28.0,,0.5333333333333333,2.0,0.0,-2.0,43.0,0.7272727272727273
2004,Georgia,11,11,0.8181818181818182,28.272727272727273,16.09090909090909,12.181818181818183,17.297924205469908,17.662492359903126,399.45454545454544,294.27272727272725,259.90909090909093,201.0909090909091,153.27272727272728,111.18181818181819,114.49747913064604,3.9577464788732395,3.16839378238342,8.878881987577639,7.39799331103679,0.5652173913043478,0.5618729096989966,19.454545454545453,16.0,0.39072847682119205,0.25190839694656486,1.5454545454545454,1.4545454545454546,-0.09090909090909083,0.0,0.5144628099173554
2004,Georgia Southern,1,1,0.0,28.0,48.0,-20.0,,,348.0,422.0,46.0,236.0,294.0,191.0,,4.666666666666667,6.161290322580645,3.066666666666667,10.727272727272727,0.4,0.5,24.0,20.0,,0.375,2.0,0.0,-2.0,10.0,0.8181818181818182
2004,Georgia Tech,11,11,0.5454545454545454,19.363636363636363,19.363636363636363,0.0,8.617107719794703,17.504285189632853,331.1818181818182,301.72727272727275,198.0,212.54545454545453,151.0,111.72727272727273,79.70798979000558,3.836027713625866,3.286096256684492,6.680981595092025,6.567415730337078,0.4785276073619632,0.5421348314606742,18.454545454545453,15.636363636363637,0.2948717948717949,0.2792207792207792,2.5454545454545454,1.2727272727272727,-1.2727272727272727,0.0,0.5385674931129476
2004,Hawaii,12,12,0.5833333333333334,34.0,38.25,-4.25,15.538807723070178,31.87511140800495,430.0,479.25,341.0,235.5,96.91666666666667,259.25,99.75515479959373,4.689516129032258,5.429319371727749,6.947368421052632,7.658536585365853,0.5755517826825127,0.5555555555555556,22.083333333333332,24.583333333333332,0.40993788819875776,0.42696629213483145,2.0833333333333335,1.9166666666666667,-0.16666666666666674,0.0,0.485479797979798
2004,Houston,11,11,0.2727272727272727,20.90909090909091,32.18181818181818,-11.27272727272727,10.387054880518784,22.136354302779438,389.72727272727275,399.27272727272725,277.0,218.1818181818182,138.27272727272728,192.36363636363637,131.38043302493026,3.263948497854077,4.723214285714286,8.607344632768362,8.333333333333334,0.559322033898305,0.6041666666666666,21.181818181818183,20.09090909090909,0.37209302325581395,0.3669064748201439,1.2727272727272727,2.0,0.7272727272727273,0.0,0.5537190082644629
2004,Idaho,12,12,0.25,20.416666666666668,39.416666666666664,-18.999999999999996,15.005806956783177,23.424928446577436,340.0833333333333,428.6666666666667,230.91666666666666,245.5,131.66666666666666,196.58333333333334,88.7165643376635,3.4649122807017543,5.008492569002123,7.015189873417722,8.22905027932961,0.6329113924050633,0.5642458100558659,19.083333333333332,22.166666666666668,0.31666666666666665,0.42138364779874216,2.5833333333333335,2.25,-0.3333333333333335,0.0,0.4955808080808081
2004,Idaho State,1,1,0.0,21.0,38.0,-17.0,,,398.0,581.0,345.0,297.0,46.0,290.0,,2.7058823529411766,5.686274509803922,5.0,7.2439024390243905,0.5362318840579711,0.5121951219512195,22.0,27.0,,0.29411764705882354,4.0,3.0,-1.0,50.0,0.36363636363636365
2004,Illinois,11,11,0.2727272727272727,21.818181818181817,29.363636363636363,-7.545454545454547,13.702687194986112,20.151246295768587,338.09090909090907,424.0,198.72727272727272,235.72727272727272,153.36363636363637,194.36363636363637,104.74106601085799,4.165432098765432,4.637744034707159,6.175141242937853,7.222841225626741,0.5677966101694916,0.6406685236768802,20.0,22.09090909090909,0.4024390243902439,0.4140127388535032,2.1818181818181817,1.2727272727272727,-0.909090909090909,0.0,0.4965564738292011
2004,Illinois State,1,1,0.0,21.0,37.0,-16.0,,,480.0,509.0,348.0,213.0,108.0,303.0,,3.6,7.214285714285714,5.898305084745763,9.26086956521739,0.559322033898305,0.4782608695652174,26.0,23.0,,0.2,2.0,1.0,-1.0,76.0,0.5454545454545454
2004,Indiana,11,10,0.2727272727272727,23.818181818181817,31.181818181818183,-7.363636363636367,9.325429553840207,18.747120991089417,325.0,467.2,211.3,278.4,133.8,203.3,89.08173525227018,3.1482352941176472,5.226221079691516,7.797047970479705,7.909090909090909,0.5571955719557196,0.5681818181818182,17.3,23.0,0.31756756756756754,0.4041095890410959,1.4,2.0,0.6000000000000001,0.0,0.47176308539944906
2004,Indiana State,1,1,0.0,0.0,49.0,-49.0,,,204.0,454.0,137.0,292.0,44.0,162.0,,1.4193548387096775,4.153846153846154,4.151515151515151,7.891891891891892,0.5454545454545454,0.6486486486486487,12.0,26.0,,0.36363636363636365,3.0,3.0,0.0,63.0,0.6666666666666666
2004,Iowa,11,11,0.8181818181818182,23.818181818181817,16.90909090909091,6.9090909090909065,11.294407304663507,19.7152456005729,310.72727272727275,289.09090909090907,259.1818181818182,211.45454545454547,74.9090909090909,90.18181818181819,113.81747748838131,2.0651629072681703,2.7865168539325844,8.076487252124647,5.979434447300771,0.6203966005665722,0.5424164524421594,16.636363636363637,16.636363636363637,0.34285714285714286,0.3333333333333333,1.5454545454545454,3.090909090909091,1.5454545454545454,0.0,0.5668044077134986
2004,Iowa State,11,11,0.5454545454545454,20.818181818181817,22.363636363636363,-1.5454545454545467,14.091260992673309,16.488563529693156,321.8181818181818,332.09090909090907,212.1818181818182,195.0,127.81818181818181,146.36363636363637,87.39658824212553,2.947589098532495,3.5462555066079293,7.226006191950464,6.919354838709677,0.5077399380804953,0.5580645161290323,19.181818181818183,17.181818181818183,0.3439153439153439,0.375,1.7272727272727273,2.3636363636363638,0.6363636363636365,0.0,0.48278236914600553
2004,James Madison,1,1,0.0,10.0,45.0,-35.0,,,220.0,370.0,132.0,220.0,74.0,171.0,,1.7619047619047619,3.717391304347826,5.739130434782608,9.166666666666666,0.5652173913043478,0.7916666666666666,16.0,20.0,,0.42857142857142855,2.0,1.0,-1.0,45.0,0.7272727272727273
2004,Kansas,11,11,0.36363636363636365,23.818181818181817,21.363636363636363,2.4545454545454533,15.695975164469276,20.240373693999015,314.45454545454544,345.45454545454544,233.63636363636363,243.9090909090909,94.0,117.63636363636364,86.89805939877326,2.7354497354497354,3.326478149100257,6.119047619047619,7.1546666666666665,0.5571428571428572,0.5386666666666666,16.818181818181817,17.09090909090909,0.32967032967032966,0.281437125748503,2.3636363636363638,2.5454545454545454,0.18181818181818166,0.0,0.59366391184573
2004,Kansas State,11,10,0.36363636363636365,29.636363636363637,30.636363636363637,-1.0,7.736571944637073,15.671630419327785,362.9,346.4,184.7,209.2,188.4,147.4,94.96367726662653,4.291571753986332,4.11731843575419,6.5964285714285715,8.046153846153846,0.55,0.5346153846153846,20.3,16.5,0.3767123287671233,0.37593984962406013,2.2,2.1,-0.10000000000000009,0.0,0.5241046831955923
2004,Kent State,11,11,0.45454545454545453,30.454545454545453,24.0,6.454545454545453,16.872247250225065,25.08530899296892,378.90909090909093,312.45454545454544,247.9090909090909,216.9090909090909,154.0909090909091,112.81818181818181,135.1513629568378,4.0843373493975905,2.886046511627907,7.046511627906977,7.386996904024768,0.627906976744186,0.5479876160990712,21.272727272727273,16.636363636363637,0.37572254335260113,0.29411764705882354,2.272727272727273,1.9090909090909092,-0.36363636363636376,0.0,0.38292011019283745
2004,Kentucky,11,10,0.18181818181818182,15.727272727272727,31.0,-15.272727272727273,14.415900312439103,17.697971121520734,274.1,433.8,184.7,214.2,102.1,230.5,121.23480431698555,3.190625,5.043763676148797,5.718266253869969,8.778688524590164,0.541795665634675,0.5778688524590164,15.9,21.0,0.28169014084507044,0.41379310344827586,2.9,2.2,-0.6999999999999997,0.0,0.5723140495867768
2004,LSU,11,11,0.8181818181818182,29.0,15.909090909090908,13.090909090909092,14.0071410359145,23.407069639126316,400.09090909090907,249.9090909090909,218.63636363636363,169.27272727272728,200.72727272727272,104.54545454545455,96.79716374507524,4.697872340425532,3.0183727034120733,8.46830985915493,6.206666666666667,0.5492957746478874,0.4666666666666667,21.0,12.909090909090908,0.38,0.2883435582822086,2.272727272727273,2.090909090909091,-0.1818181818181821,0.0,0.5206611570247934
2004,Liberty,1,1,0.0,10.0,38.0,-28.0,,,292.0,345.0,100.0,144.0,180.0,201.0,,3.673469387755102,5.4324324324324325,3.8461538461538463,4.8,0.34615384615384615,0.6666666666666666,18.0,19.0,,0.4666666666666667,2.0,2.0,0.0,33.0,0.45454545454545453
2004,Louisiana Tech,12,12,0.5,25.666666666666668,31.833333333333332,-6.166666666666664,14.822178304721938,29.48291749882335,380.0,407.8333333333333,199.83333333333334,249.83333333333334,200.25,176.58333333333334,113.10815419524161,4.904081632653061,4.351129363449692,7.993333333333333,7.827676240208877,0.5133333333333333,0.566579634464752,18.25,21.0,0.28823529411764703,0.3475609756097561,2.5,2.3333333333333335,-0.16666666666666652,0.0,0.5978535353535354
2004,Louisville,11,11,0.9090909090909091,50.27272727272727,17.818181818181817,32.45454545454545,13.267184396780719,18.832756762426666,536.7272727272727,307.90909090909093,302.45454545454544,214.63636363636363,243.27272727272728,110.9090909090909,66.57490654757378,5.528925619834711,3.202099737532808,10.143292682926829,6.669491525423729,0.7164634146341463,0.5084745762711864,26.727272727272727,17.0,0.4861111111111111,0.3081761006289308,1.0909090909090908,2.4545454545454546,1.3636363636363638,0.0,0.42148760330578516
2004,Maine,1,1,1.0,9.0,7.0,2.0,,,226.0,374.0,123.0,266.0,102.0,124.0,,2.7567567567567566,3.3513513513513513,6.473684210526316,7.6,0.5263157894736842,0.6,10.0,20.0,,0.2857142857142857,2.0,3.0,1.0,24.0,0.2727272727272727
2004,Marshall,11,11,0.5454545454545454,25.181818181818183,21.272727272727273,3.90909090909091,12.031776110102628,14.535849101133003,338.54545454545456,328.8181818181818,230.9090909090909,245.1818181818182,123.45454545454545,105.81818181818181,126.36721381463123,3.554973821989529,2.9693877551020407,6.463104325699746,7.794797687861272,0.5954198473282443,0.5578034682080925,18.727272727272727,17.0,0.3515151515151515,0.23417721518987342,2.1818181818181817,2.4545454545454546,0.27272727272727293,0.0,0.465564738292011
2004,Maryland,11,11,0.45454545454545453,17.727272727272727,20.0,-2.2727272727272734,17.578912987388662,21.508560663563287,297.90909090909093,315.27272727272725,199.9090909090909,188.1818181818182,119.45454545454545,143.0909090909091,176.18425272733913,2.92,3.3418259023354566,7.2098360655737705,7.089041095890411,0.5278688524590164,0.4828767123287671,16.636363636363637,18.363636363636363,0.3620689655172414,0.2919254658385093,2.3636363636363638,1.5454545454545454,-0.8181818181818183,0.0,0.546831955922865
2004,Massachusetts,1,1,0.0,7.0,29.0,-22.0,,,147.0,516.0,107.0,259.0,26.0,261.0,,0.896551724137931,5.673913043478261,3.4516129032258065,7.848484848484849,0.41935483870967744,0.5454545454545454,8.0,26.0,,0.5,1.0,3.0,2.0,48.0,0.7272727272727273
2004,Memphis,11,10,0.7272727272727273,35.90909090909091,29.363636363636363,6.545454545454543,13.419795419115342,19.841187647737403,464.7,391.6,244.8,269.1,223.2,136.8,107.94859887928146,5.314285714285714,3.498721227621483,7.221238938053097,7.732758620689655,0.5398230088495575,0.5574712643678161,22.8,21.4,0.45806451612903226,0.4076923076923077,1.5,1.7,0.19999999999999996,0.0,0.4132231404958677
2004,Miami (FL),11,11,0.7272727272727273,32.09090909090909,17.636363636363637,14.454545454545457,13.960333416179898,19.148700406887336,373.3636363636364,321.0,253.0909090909091,185.0909090909091,133.27272727272728,156.0,97.32859058598633,3.7979274611398965,3.8475336322869955,8.046242774566474,6.8552188552188555,0.5606936416184971,0.5084175084175084,18.09090909090909,17.545454545454547,0.3269230769230769,0.2891566265060241,1.1818181818181819,2.727272727272727,1.5454545454545452,0.0,0.5840220385674931
2004,Miami (OH),12,12,0.6666666666666666,32.833333333333336,23.416666666666668,9.416666666666668,11.830878960149029,23.208377536544603,408.0,332.9166666666667,297.8333333333333,245.16666666666666,125.08333333333333,108.83333333333333,86.90433611945743,3.5070093457943927,3.1021377672209027,8.591346153846153,7.6217616580310885,0.6177884615384616,0.5854922279792746,22.166666666666668,16.5,0.3875,0.3333333333333333,2.75,1.9166666666666667,-0.8333333333333333,0.0,0.4204545454545454
2004,Michigan,11,11,0.8181818181818182,30.272727272727273,21.90909090909091,8.363636363636363,9.920593823868701,13.93034620727516,389.6363636363636,326.45454545454544,250.0909090909091,217.8181818181818,156.1818181818182,121.45454545454545,77.54904606411704,3.8177777777777777,3.3908629441624365,7.2204724409448815,6.985422740524782,0.6036745406824147,0.5568513119533528,21.181818181818183,16.272727272727273,0.4111111111111111,0.28402366863905326,2.0,2.4545454545454546,0.4545454545454546,0.0,0.5158402203856749
2004,Michigan State,12,12,0.4166666666666667,29.416666666666668,27.166666666666668,2.25,13.173377652974152,19.665960439297137,460.0,381.4166666666667,224.33333333333334,221.0,238.5,172.41666666666666,100.8437134652158,5.724,4.430406852248394,6.7468671679198,7.206521739130435,0.5864661654135338,0.5489130434782609,22.5,18.583333333333332,0.3620689655172414,0.3689839572192513,2.0,1.25,-0.75,0.0,0.5334595959595959
2004,Middle Tennessee,11,11,0.45454545454545453,24.454545454545453,26.636363636363637,-2.1818181818181834,10.71786953049566,21.95822479991578,374.27272727272725,412.27272727272725,282.8181818181818,288.09090909090907,106.54545454545455,138.8181818181818,100.56350322964182,3.2555555555555555,3.6795180722891567,7.7004950495049505,8.901685393258427,0.698019801980198,0.648876404494382,19.90909090909091,21.636363636363637,0.4146341463414634,0.3401360544217687,2.4545454545454546,1.9090909090909092,-0.5454545454545454,0.0,0.45661157024793386
2004,Minnesota,11,11,0.5454545454545454,31.0,23.363636363636363,7.636363636363637,15.11290838985005,25.12079906082897,446.27272727272725,408.72727272727275,196.63636363636363,277.54545454545456,255.0909090909091,140.63636363636363,121.3681102341887,5.612,3.838709677419355,8.44921875,7.356626506024097,0.48046875,0.6,20.181818181818183,21.90909090909091,0.36942675159235666,0.4716981132075472,0.9090909090909091,1.7272727272727273,0.8181818181818182,0.0,0.49035812672176315
2004,Mississippi State,11,11,0.2727272727272727,15.727272727272727,25.454545454545453,-9.727272727272727,11.04618403876116,20.479701702373053,303.1818181818182,364.8181818181818,158.45454545454547,181.1818181818182,158.54545454545453,190.36363636363637,87.51893301659726,4.349127182044888,4.380753138075314,6.010344827586207,7.327205882352941,0.506896551724138,0.5845588235294118,15.181818181818182,19.363636363636363,0.3576158940397351,0.38571428571428573,2.272727272727273,2.090909090909091,-0.1818181818181821,0.0,0.5702479338842975
2004,Missouri,11,11,0.45454545454545453,23.272727272727273,19.545454545454547,3.7272727272727266,14.812770902777837,21.615230320729452,372.54545454545456,301.3636363636364,223.27272727272728,165.27272727272728,165.0,152.0909090909091,84.60066623421312,3.9715536105032823,3.9088785046728973,6.514588859416445,6.563176895306859,0.5225464190981433,0.5342960288808665,19.363636363636363,14.727272727272727,0.38578680203045684,0.29375,1.6363636363636365,2.1818181818181817,0.5454545454545452,0.0,0.47451790633608815
2004,Missouri State,1,1,0.0,7.0,49.0,-42.0,,,257.0,512.0,126.0,237.0,131.0,280.0,,3.9696969696969697,6.222222222222222,4.5,6.970588235294118,0.4642857142857143,0.6764705882352942,14.0,33.0,,0.5,2.0,2.0,0.0,65.0,0.3333333333333333
2004,Montana State,1,1,0.0,14.0,39.0,-25.0,,,308.0,431.0,177.0,344.0,112.0,113.0,,5.090909090909091,2.627906976744186,4.916666666666667,9.297297297297296,0.5555555555555556,0.6216216216216216,17.0,25.0,,0.5294117647058824,1.0,1.0,0.0,65.0,0.36363636363636365
2004,Morgan State,1,1,0.0,28.0,47.0,-19.0,,,291.0,417.0,-2.0,216.0,261.0,213.0,,4.833333333333333,6.264705882352941,-0.1,12.705882352941176,0.25,0.6470588235294118,17.0,17.0,,0.14285714285714285,2.0,5.0,3.0,44.0,0.18181818181818182
2004,Murray State,1,1,0.0,14.0,52.0,-38.0,,,167.0,530.0,91.0,386.0,76.0,144.0,,1.9487179487179487,3.6,4.7894736842105265,12.0625,0.3684210526315789,0.625,10.0,23.0,,0.4666666666666667,1.0,2.0,1.0,20.0,0.6363636363636364
2004,NC State,11,11,0.45454545454545453,24.0,19.818181818181817,4.181818181818183,13.221195104830729,19.062099474182702,349.0,221.36363636363637,220.0,138.36363636363637,147.0,102.36363636363636,125.68452569827362,3.717241379310345,2.624708624708625,7.055393586005831,5.595588235294118,0.5568513119533528,0.4338235294117647,19.181818181818183,12.181818181818182,0.3128834355828221,0.26380368098159507,3.1818181818181817,1.3636363636363635,-1.8181818181818181,0.0,0.5055096418732782
2004,Navy,11,11,0.8181818181818182,27.272727272727273,19.90909090909091,7.363636363636363,13.424536558785997,19.946291521346655,388.45454545454544,345.3636363636364,106.0909090909091,206.36363636363637,291.3636363636364,145.54545454545453,95.35131214237549,5.079239302694137,3.802850356294537,10.236842105263158,6.96319018404908,0.5263157894736842,0.6257668711656442,19.636363636363637,18.818181818181817,0.45454545454545453,0.37209302325581395,1.4545454545454546,1.4545454545454546,0.0,0.0,0.2699724517906336
2004,Nebraska,11,11,0.45454545454545453,25.0,27.09090909090909,-2.09090909090909,17.487138130637614,28.33532969793909,363.1818181818182,371.6363636363636,197.45454545454547,274.72727272727275,176.27272727272728,104.0,122.2168713245583,4.706310679611651,2.933333333333333,6.745341614906832,6.745535714285714,0.484472049689441,0.5669642857142857,17.636363636363637,19.0,0.29411764705882354,0.36,3.272727272727273,2.0,-1.272727272727273,0.0,0.4993112947658402
2004,Nevada,12,12,0.4166666666666667,29.666666666666668,34.416666666666664,-4.7499999999999964,15.910735845695985,29.220556276205784,418.75,399.4166666666667,281.5833333333333,200.25,154.08333333333334,209.08333333333334,88.86877455500942,3.9935205183585314,4.852998065764023,7.143763213530655,8.036789297658864,0.587737843551797,0.5551839464882943,23.583333333333332,20.083333333333332,0.384180790960452,0.3541666666666667,2.25,2.4166666666666665,0.16666666666666652,0.0,0.3832070707070707
2004,New Hampshire,1,1,1.0,35.0,24.0,11.0,,,451.0,357.0,376.0,340.0,66.0,50.0,,2.129032258064516,1.3888888888888888,9.4,6.8,0.75,0.6,22.0,25.0,,0.3333333333333333,2.0,2.0,0.0,122.0,0.36363636363636365
2004,New Mexico,11,11,0.6363636363636364,20.454545454545453,17.272727272727273,3.18181818181818,8.925958059095242,14.140849916593995,287.0,316.8181818181818,126.36363636363636,249.27272727272728,175.9090909090909,93.63636363636364,98.10198774744578,3.9979338842975207,2.54320987654321,5.914893617021277,7.06701030927835,0.4297872340425532,0.5541237113402062,15.454545454545455,19.636363636363637,0.29878048780487804,0.3888888888888889,1.5454545454545454,2.8181818181818183,1.272727272727273,0.0,0.4958677685950413
2004,New Mexico State,11,11,0.45454545454545453,24.818181818181817,32.27272727272727,-7.454545454545457,17.045927266172303,29.391711880608913,372.90909090909093,418.90909090909093,255.54545454545453,205.0,129.27272727272728,221.54545454545453,168.62411129221974,3.502463054187192,5.01440329218107,8.26764705882353,8.140794223826715,0.6147058823529412,0.6353790613718412,19.636363636363637,21.454545454545453,0.3466666666666667,0.4594594594594595,1.9090909090909092,2.1818181818181817,0.2727272727272725,0.0,0.5082644628099173
2004,North Carolina,11,11,0.5454545454545454,26.818181818181817,31.363636363636363,-4.545454545454547,13.159165488876427,21.28550509790001,393.09090909090907,443.72727272727275,220.9090909090909,237.72727272727272,182.72727272727272,217.54545454545453,117.55803209092481,4.987593052109181,5.259340659340659,8.154362416107382,8.021472392638037,0.6006711409395973,0.6042944785276073,18.181818181818183,23.545454545454547,0.3971631205673759,0.3888888888888889,1.7272727272727273,1.4545454545454546,-0.2727272727272727,0.0,0.5881542699724518
2004,North Carolina A&T,1,1,0.0,3.0,42.0,-39.0,,,221.0,405.0,87.0,69.0,117.0,336.0,,3.25,6.588235294117647,3.3461538461538463,4.928571428571429,0.46153846153846156,0.5714285714285714,13.0,23.0,,0.75,3.0,1.0,-2.0,20.0,0.36363636363636365
2004,North Texas,11,11,0.6363636363636364,27.181818181818183,29.727272727272727,-2.545454545454543,14.668457190980801,27.060538192591945,356.0,415.1818181818182,165.63636363636363,252.0909090909091,196.27272727272728,174.36363636363637,116.3468951025338,4.7765486725663715,4.419354838709677,8.281818181818181,7.4144385026737964,0.5636363636363636,0.6256684491978609,16.636363636363637,23.636363636363637,0.31756756756756754,0.38926174496644295,1.0,2.1818181818181817,1.1818181818181817,0.0,0.43526170798898073
2004,Northeastern,1,1,0.0,24.0,28.0,-4.0,,,284.0,336.0,165.0,48.0,108.0,300.0,,3.375,5.172413793103448,5.689655172413793,8.0,0.6896551724137931,0.3333333333333333,14.0,17.0,,0.35714285714285715,4.0,3.0,-1.0,13.0,0.8181818181818182
2004,Northern Arizona,1,1,0.0,3.0,21.0,-18.0,,,280.0,307.0,161.0,176.0,104.0,136.0,,3.466666666666667,3.238095238095238,4.351351351351352,7.6521739130434785,0.5405405405405406,0.782608695652174,15.0,18.0,,0.5,4.0,1.0,-3.0,50.0,0.2727272727272727
2004,Northern Illinois,11,11,0.7272727272727273,35.18181818181818,25.727272727272727,9.454545454545453,12.59220538125218,15.174739776112382,446.0,383.72727272727275,213.36363636363637,247.27272727272728,240.45454545454547,151.54545454545453,124.01048342781347,5.2272727272727275,3.9223529411764706,8.352313167259787,7.139107611548557,0.5693950177935944,0.6115485564304461,22.181818181818183,22.09090909090909,0.4050632911392405,0.474025974025974,1.0909090909090908,1.9090909090909092,0.8181818181818183,0.0,0.365702479338843
2004,Northern Iowa,1,1,0.0,0.0,23.0,-23.0,,,99.0,378.0,42.0,183.0,36.0,202.0,,1.125,3.607142857142857,2.210526315789474,6.535714285714286,0.42105263157894735,0.6071428571428571,5.0,27.0,,0.35294117647058826,0.0,0.0,0.0,79.0,0.5454545454545454
2004,Northwestern,12,12,0.5,24.583333333333332,28.5,-3.916666666666668,10.983113760623073,11.579435795121164,409.5,391.0,243.08333333333334,262.4166666666667,172.16666666666666,139.25,109.00750599677237,4.642696629213483,3.5781584582441113,6.300215982721382,6.936123348017621,0.5377969762419006,0.5616740088105727,21.833333333333332,21.333333333333332,0.3526315789473684,0.45454545454545453,0.9166666666666666,1.4166666666666667,0.5000000000000001,0.0,0.5410353535353535
2004,Northwestern State,1,1,0.0,7.0,14.0,-7.0,,,343.0,288.0,158.0,180.0,177.0,112.0,,4.425,2.6666666666666665,5.096774193548387,6.923076923076923,0.5161290322580645,0.6538461538461539,17.0,16.0,,0.4,4.0,2.0,-2.0,35.0,0.36363636363636365
2004,Notre Dame,11,11,0.5454545454545454,24.363636363636363,22.818181818181817,1.5454545454545467,9.080448527167889,18.222862762824267,351.8181818181818,368.6363636363636,230.0,290.09090909090907,133.63636363636363,94.36363636363636,87.26834269288972,3.442622950819672,2.7244094488188977,7.689969604863222,8.375328083989501,0.5379939209726444,0.5774278215223098,18.181818181818183,18.636363636363637,0.3592814371257485,0.3473053892215569,1.3636363636363635,1.9090909090909092,0.5454545454545456,0.0,0.6184573002754821
2004,Ohio,11,10,0.36363636363636365,20.09090909090909,24.636363636363637,-4.545454545454547,10.830092755415768,21.15827798457916,302.7,328.4,234.6,215.1,101.7,122.9,64.11803351805344,2.7338709677419355,3.268617021276596,7.196319018404908,6.828571428571428,0.5030674846625767,0.5873015873015873,16.2,18.3,0.29936305732484075,0.3383458646616541,2.2,1.9,-0.30000000000000027,0.0,0.4345730027548209
2004,Ohio State,11,11,0.6363636363636364,23.363636363636363,19.272727272727273,4.09090909090909,8.686457589520913,15.122529850885039,313.3636363636364,336.1818181818182,186.45454545454547,221.0,139.1818181818182,128.72727272727272,116.31360430084928,3.837092731829574,3.420289855072464,7.247349823321555,6.154430379746835,0.5265017667844523,0.569620253164557,15.090909090909092,19.272727272727273,0.34615384615384615,0.37362637362637363,2.272727272727273,1.5454545454545454,-0.7272727272727275,0.0,0.5626721763085399
2004,Oklahoma,12,12,1.0,36.083333333333336,13.666666666666666,22.41666666666667,11.95794398056891,14.349268801981344,469.5833333333333,280.1666666666667,259.0,214.58333333333334,215.08333333333334,86.41666666666667,59.34867438717693,4.916190476190476,2.772727272727273,8.4,6.866666666666666,0.6594594594594595,0.5466666666666666,24.25,15.333333333333334,0.5027322404371585,0.35119047619047616,1.0833333333333333,2.1666666666666665,1.0833333333333333,0.0,0.5258838383838383
2004,Oklahoma State,11,11,0.6363636363636364,34.54545454545455,24.363636363636363,10.181818181818183,13.018169121375223,23.137926362654806,389.09090909090907,395.45454545454544,151.63636363636363,236.72727272727272,245.0,170.0,66.07034818351504,4.778368794326241,4.583333333333333,10.048192771084338,7.3559322033898304,0.536144578313253,0.5932203389830508,19.09090909090909,19.818181818181817,0.3935483870967742,0.453416149068323,0.6363636363636364,2.5454545454545454,1.9090909090909092,0.0,0.5626721763085399
2004,Ole Miss,11,11,0.36363636363636365,19.545454545454547,25.272727272727273,-5.727272727272727,9.647420757525158,14.142778433468504,351.0,390.27272727272725,208.27272727272728,220.9090909090909,158.9090909090909,184.63636363636363,109.05594894365002,3.9817767653758542,4.523385300668151,6.545714285714285,7.763578274760383,0.5085714285714286,0.4728434504792332,19.363636363636363,19.0,0.2822085889570552,0.37037037037037035,2.1818181818181817,1.7272727272727273,-0.45454545454545436,0.0,0.5557851239669421
2004,Oregon,11,11,0.45454545454545453,25.636363636363637,25.636363636363637,0.0,11.817552430793167,20.064894716892987,397.0,338.90909090909093,258.1818181818182,236.9090909090909,158.72727272727272,122.0909090909091,118.40945908161223,4.06993006993007,3.3078817733990147,7.319587628865979,7.575581395348837,0.5902061855670103,0.5290697674418605,21.545454545454547,18.90909090909091,0.36477987421383645,0.39880952380952384,2.4545454545454546,2.090909090909091,-0.36363636363636376,0.0,0.49380165289256195
2004,Oregon State,11,11,0.5454545454545454,25.636363636363637,24.818181818181817,0.8181818181818201,12.027241805773485,20.247558775408862,379.6363636363636,316.72727272727275,326.45454545454544,211.63636363636363,75.27272727272727,122.63636363636364,57.817424237461026,2.3,3.4768041237113403,7.373716632443532,5.953964194373402,0.5318275154004107,0.4296675191815857,20.363636363636363,18.90909090909091,0.3279569892473118,0.25925925925925924,2.8181818181818183,3.0,0.18181818181818166,0.0,0.6115702479338844
2004,Penn State,11,10,0.36363636363636365,17.727272727272727,15.272727272727273,2.4545454545454533,15.843553320457561,17.92966054538477,310.5,293.2,193.1,174.8,129.8,128.4,132.4858483008657,3.9694189602446484,3.234256926952141,5.869300911854103,6.069444444444445,0.5167173252279635,0.5694444444444444,16.7,16.3,0.3586206896551724,0.379746835443038,2.5,2.4,-0.10000000000000009,0.0,0.537878787878788
2004,Pittsburgh,11,11,0.7272727272727273,28.90909090909091,23.0,5.90909090909091,10.949470721953144,13.33007535953601,366.0,388.90909090909093,282.6363636363636,260.54545454545456,105.0909090909091,140.27272727272728,87.64359645747089,2.7655502392344498,3.7634146341463413,8.31283422459893,6.906024096385543,0.5614973262032086,0.5445783132530121,19.363636363636363,20.0,0.3615819209039548,0.30864197530864196,1.1818181818181819,2.4545454545454546,1.2727272727272727,0.0,0.4462809917355372
2004,Portland State,1,1,0.0,17.0,27.0,-10.0,,,276.0,405.0,151.0,149.0,116.0,263.0,,2.9743589743589745,5.717391304347826,3.973684210526316,5.96,0.39473684210526316,0.52,19.0,26.0,,0.38461538461538464,3.0,3.0,0.0,109.0,0.7272727272727273
2004,Purdue,11,11,0.6363636363636364,32.54545454545455,16.272727272727273,16.272727272727273,18.779582723605103,21.739783389403442,455.54545454545456,328.6363636363636,342.3636363636364,246.8181818181818,130.72727272727272,100.54545454545455,148.90692639119487,3.613065326633166,3.03013698630137,8.578587699316628,6.979434447300771,0.6241457858769932,0.5552699228791774,24.09090909090909,17.545454545454547,0.48255813953488375,0.3275862068965517,1.8181818181818181,1.3636363636363635,-0.4545454545454546,0.0,0.5247933884297521
2004,Rice,11,11,0.2727272727272727,24.727272727272727,34.27272727272727,-9.545454545454547,17.487657985510292,21.486570858858034,381.8181818181818,364.54545454545456,87.45454545454545,232.36363636363637,306.54545454545456,150.0,135.70395586114518,4.901162790697675,4.156171284634761,7.073529411764706,9.031802120141343,0.4338235294117647,0.5724381625441696,21.545454545454547,18.818181818181817,0.38323353293413176,0.4306569343065693,2.1818181818181817,1.8181818181818181,-0.36363636363636354,0.0,0.522038567493113
2004,Richmond,1,1,0.0,0.0,42.0,-42.0,,,167.0,403.0,51.0,237.0,104.0,174.0,,2.888888888888889,4.702702702702703,1.8888888888888888,7.40625,0.37037037037037035,0.75,11.0,24.0,,0.38461538461538464,3.0,1.0,-2.0,77.0,0.45454545454545453
2004,Rutgers,11,11,0.36363636363636365,24.454545454545453,31.181818181818183,-6.72727272727273,8.606551415795252,13.297299794250778,394.0,428.72727272727275,324.6363636363636,270.54545454545456,83.45454545454545,178.1818181818182,57.64720288097248,2.5013623978201633,4.260869565217392,7.549682875264271,8.676384839650146,0.6405919661733616,0.6064139941690962,20.90909090909091,21.454545454545453,0.37988826815642457,0.3262411347517731,3.5454545454545454,2.727272727272727,-0.8181818181818183,0.0,0.5833333333333334
2004,SE Missouri State,2,2,0.0,18.5,46.5,-28.0,12.020815280171307,15.556349186104045,375.0,499.5,288.0,297.0,84.0,205.5,22.627416997969522,3.111111111111111,4.467391304347826,6.193548387096774,8.366197183098592,0.6344086021505376,0.5774647887323944,20.0,26.5,,0.45161290322580644,2.5,1.0,-1.5,71.5,0.5454545454545454
2004,SMU,11,11,0.2727272727272727,18.363636363636363,38.18181818181818,-19.818181818181817,15.028457853503978,25.51398903275684,333.90909090909093,467.27272727272725,224.0,263.1818181818182,125.18181818181819,209.63636363636363,63.46566716809106,3.3585365853658535,4.8752642706131075,7.01994301994302,8.318965517241379,0.5441595441595442,0.6120689655172413,17.90909090909091,22.90909090909091,0.4049079754601227,0.38509316770186336,2.727272727272727,1.0,-1.727272727272727,0.0,0.5351239669421488
2004,Sacramento State,1,1,0.0,7.0,59.0,-52.0,,,177.0,598.0,94.0,310.0,58.0,312.0,,2.0,6.117647058823529,4.947368421052632,9.393939393939394,0.5789473684210527,0.7272727272727273,9.0,38.0,,0.5555555555555556,0.0,0.0,0.0,50.0,0.4166666666666667
2004,Samford,1,1,0.0,7.0,28.0,-21.0,,,211.0,469.0,169.0,201.0,42.0,268.0,,2.625,5.955555555555556,3.840909090909091,9.136363636363637,0.6590909090909091,0.6363636363636364,12.0,23.0,,0.4,1.0,2.0,1.0,25.0,0.5454545454545454
2004,San Diego State,11,11,0.36363636363636365,21.272727272727273,25.636363636363637,-4.363636363636363,10.27707068274719,17.608365780348425,374.8181818181818,366.09090909090907,262.1818181818182,244.54545454545453,130.1818181818182,138.72727272727272,108.47471427186908,3.7984084880636604,3.3835920177383594,6.495495495495495,7.023498694516971,0.5405405405405406,0.5404699738903395,19.818181818181817,20.181818181818183,0.28823529411764703,0.3475609756097561,2.5454545454545454,2.5454545454545454,0.0,0.0,0.49242424242424243
2004,San Jose State,11,11,0.18181818181818182,28.363636363636363,42.63636363636363,-14.27272727272727,19.98635898443099,16.73374380759374,337.72727272727275,441.0,195.8181818181818,195.72727272727272,162.0,252.36363636363637,96.80092035625584,4.040816326530612,5.140740740740741,8.190114068441064,8.063670411985019,0.5133079847908745,0.5917602996254682,17.727272727272727,23.272727272727273,0.32450331125827814,0.5193798449612403,2.272727272727273,2.0,-0.27272727272727293,0.0,0.43526170798898073
2004,South Carolina,11,11,0.5454545454545454,22.09090909090909,20.818181818181817,1.2727272727272734,9.6587219180857,19.626975870423387,368.90909090909093,315.1818181818182,214.0,186.36363636363637,168.72727272727272,137.9090909090909,123.45481322771873,4.0,4.05614973262032,8.407142857142857,6.25,0.5678571428571428,0.5304878048780488,18.272727272727273,16.09090909090909,0.3765432098765432,0.38095238095238093,2.3636363636363638,2.5454545454545454,0.18181818181818166,0.0,0.49793388429752067
2004,Southern Illinois,1,1,0.0,22.0,23.0,-1.0,,,380.0,400.0,197.0,209.0,172.0,191.0,,4.410256410256411,4.658536585365853,7.296296296296297,9.08695652173913,0.5925925925925926,0.5217391304347826,21.0,16.0,,0.26666666666666666,1.0,0.0,-1.0,38.0,0.7272727272727273
2004,Southern Miss,11,11,0.5454545454545454,25.272727272727273,26.181818181818183,-0.9090909090909101,12.14982229574498,20.549717980812026,319.27272727272725,390.90909090909093,185.9090909090909,218.45454545454547,143.9090909090909,183.9090909090909,74.01498619751396,3.6141552511415527,4.62929061784897,6.370716510903427,7.2379518072289155,0.4797507788161994,0.5150602409638554,17.454545454545453,19.0,0.3393939393939394,0.31210191082802546,1.4545454545454546,2.0,0.5454545454545454,0.0,0.5041322314049587
2004,Stanford,11,11,0.36363636363636365,22.0,21.181818181818183,0.8181818181818166,12.99230541512937,20.822190959734193,328.45454545454544,392.27272727272725,275.54545454545456,270.27272727272725,81.18181818181819,143.36363636363637,86.69067266593751,2.5297450424929178,3.6252873563218393,7.410757946210269,7.991935483870968,0.508557457212714,0.5967741935483871,17.181818181818183,19.636363636363637,0.3812154696132597,0.3583815028901734,1.9090909090909092,2.6363636363636362,0.7272727272727271,0.0,0.5371900826446281
2004,Syracuse,11,10,0.5454545454545454,24.818181818181817,26.636363636363637,-1.8181818181818201,16.042557039438456,22.529173006651543,343.2,414.2,169.6,257.0,185.9,166.9,99.1931897303887,4.534146341463415,4.246819338422392,6.922448979591837,7.6946107784431135,0.5673469387755102,0.6017964071856288,17.3,21.4,0.3237410071942446,0.35135135135135137,2.0,2.7,0.7000000000000002,0.0,0.5619834710743802
2004,TCU,11,11,0.45454545454545453,32.90909090909091,33.90909090909091,-1.0,11.484376739331962,22.297981971469973,430.72727272727275,426.0,280.45454545454544,322.6363636363636,166.1818181818182,122.0,91.10553321186468,3.8403361344537816,3.2028639618138426,8.452054794520548,8.572463768115941,0.5589041095890411,0.5579710144927537,21.90909090909091,21.636363636363637,0.30952380952380953,0.3657142857142857,1.2727272727272727,1.8181818181818181,0.5454545454545454,0.0,0.4834710743801653
2004,Temple,11,10,0.18181818181818182,21.636363636363637,36.27272727272727,-14.636363636363637,9.415654276498552,22.101007792735274,386.5,435.7,242.3,253.4,161.8,190.2,77.09770136363053,4.045,4.8274111675126905,7.387195121951219,8.922535211267606,0.5640243902439024,0.6654929577464789,19.7,20.8,0.33766233766233766,0.43119266055045874,1.9,1.7,-0.19999999999999996,0.0,0.5805785123966942
2004,Tennessee,12,12,0.75,28.333333333333332,24.0,4.333333333333332,12.062966115974609,13.600356501566308,393.25,359.5833333333333,220.25,255.16666666666666,181.41666666666666,123.58333333333333,127.4142314015054,4.671673819742489,3.4249422632794455,7.660869565217391,8.057894736842105,0.553623188405797,0.6078947368421053,20.333333333333332,19.833333333333332,0.4012345679012346,0.38095238095238093,2.0,2.0,0.0,0.0,0.5416666666666666
2004,Tennessee Tech,1,1,0.0,7.0,21.0,-14.0,,,145.0,278.0,91.0,101.0,16.0,185.0,,0.48484848484848486,4.3023255813953485,2.3947368421052633,4.391304347826087,0.3684210526315789,0.5652173913043478,13.0,17.0,,0.42857142857142855,1.0,2.0,1.0,20.0,0.36363636363636365
2004,Tennessee-Martin,1,1,0.0,0.0,42.0,-42.0,,,222.0,323.0,125.0,245.0,86.0,108.0,,2.324324324324324,2.8421052631578947,5.0,10.652173913043478,0.36,0.6956521739130435,11.0,18.0,,0.45454545454545453,2.0,2.0,0.0,33.0,0.09090909090909091
2004,Texas,11,11,0.9090909090909091,35.0,16.181818181818183,18.818181818181817,18.116291011131388,20.06897198073774,466.27272727272725,317.1818181818182,171.27272727272728,223.0,302.3636363636364,105.81818181818181,130.62012931328076,5.845342706502636,3.1122994652406417,7.627530364372469,6.96875,0.5789473684210527,0.5539772727272727,23.454545454545453,16.181818181818183,0.4025974025974026,0.2608695652173913,1.5454545454545454,2.1818181818181817,0.6363636363636362,0.0,0.540633608815427
2004,Texas A&M,11,11,0.6363636363636364,30.363636363636363,23.09090909090909,7.272727272727273,7.87747075237639,16.906158103430293,438.45454545454544,378.8181818181818,275.54545454545456,262.3636363636364,175.45454545454547,133.54545454545453,78.86490174515357,4.639423076923077,3.440281030444965,8.91470588235294,6.987893462469733,0.5882352941176471,0.5883777239709443,20.454545454545453,21.727272727272727,0.37579617834394907,0.3956043956043956,0.7272727272727273,2.090909090909091,1.3636363636363635,0.0,0.6398071625344353
2004,Texas State,1,1,0.0,17.0,24.0,-7.0,,,295.0,321.0,145.0,250.0,131.0,97.0,,3.275,2.1555555555555554,5.37037037037037,8.333333333333334,0.4444444444444444,0.5333333333333333,13.0,18.0,,0.3125,2.0,2.0,0.0,52.0,0.2727272727272727
2004,Texas Tech,11,11,0.6363636363636364,35.36363636363637,25.727272727272727,9.63636363636364,18.693703363821346,24.828502682492665,482.09090909090907,347.0,403.90909090909093,184.0,93.36363636363636,171.54545454545453,70.16616641295796,3.775735294117647,4.193333333333333,7.517766497461929,5.9705014749262535,0.6548223350253807,0.504424778761062,26.272727272727273,19.818181818181817,0.4539877300613497,0.38285714285714284,2.272727272727273,1.8181818181818181,-0.4545454545454548,0.0,0.5454545454545454
2004,Toledo,12,12,0.75,35.166666666666664,30.416666666666668,4.7499999999999964,14.471497587473191,26.32014437650371,474.4166666666667,419.1666666666667,316.75,292.0,168.08333333333334,141.08333333333334,106.43261490328759,4.133196721311475,3.7706013363028954,9.293398533007334,8.036697247706423,0.6992665036674817,0.573394495412844,23.333333333333332,21.583333333333332,0.39880952380952384,0.4124293785310734,2.0,2.0,0.0,0.0,0.43686868686868685
2004,Troy,11,11,0.6363636363636364,24.09090909090909,15.090909090909092,8.999999999999998,14.348899229240866,15.74166446091391,283.45454545454544,306.6363636363636,137.54545454545453,237.9090909090909,167.0,90.72727272727273,66.63837278380022,3.9168443496801704,2.495,7.204761904761905,6.850785340314136,0.44285714285714284,0.5471204188481675,14.636363636363637,16.545454545454547,0.2847682119205298,0.3146067415730337,1.9090909090909092,3.090909090909091,1.1818181818181817,0.0,0.44834710743801653
2004,Tulane,11,11,0.45454545454545453,27.272727272727273,32.81818181818182,-5.545454545454547,18.27069188121188,23.351075505696247,360.6363636363636,421.54545454545456,249.1818181818182,229.0,126.54545454545455,194.54545454545453,146.726461640205,3.702127659574468,4.430641821946169,8.109467455621301,7.587349397590361,0.5976331360946746,0.6114457831325302,18.727272727272727,22.636363636363637,0.3877551020408163,0.4305555555555556,2.0,1.1818181818181819,-0.8181818181818181,0.0,0.45454545454545453
2004,Tulsa,12,12,0.3333333333333333,28.75,33.166666666666664,-4.416666666666664,16.426835029636994,20.295356985072107,355.25,402.25,206.66666666666666,199.91666666666666,168.41666666666666,210.58333333333334,110.68639154262493,3.939571150097466,4.71455223880597,7.337278106508876,7.336391437308868,0.5443786982248521,0.4954128440366973,20.0,20.25,0.36046511627906974,0.4,2.3333333333333335,1.4166666666666667,-0.9166666666666667,0.0,0.48106060606060613
2004,UAB,11,10,0.6363636363636364,30.181818181818183,26.545454545454547,3.6363636363636367,15.38062535671539,19.30944187320145,370.7,398.7,241.6,265.9,144.9,149.9,144.6067848415911,3.9917355371900825,3.853470437017995,8.753623188405797,7.2650273224043715,0.532608695652174,0.592896174863388,19.6,20.8,0.33070866141732286,0.3710691823899371,1.4,1.4,0.0,0.0,0.4380165289256199
2004,UCF,11,11,0.0,15.909090909090908,32.90909090909091,-17.0,7.9051191699372305,12.28820572744451,280.0,403.90909090909093,214.54545454545453,226.0909090909091,97.0,186.72727272727272,113.95700943777,2.4988290398126463,4.5342163355408385,7.814569536423841,8.31772575250836,0.5827814569536424,0.6053511705685619,16.181818181818183,20.454545454545453,0.3313253012048193,0.38926174496644295,2.727272727272727,2.0,-0.7272727272727271,0.0,0.5068870523415978
2004,UCLA,11,11,0.5454545454545454,30.90909090909091,25.90909090909091,5.0,7.105695538855371,14.120906486483083,419.0,435.45454545454544,238.63636363636363,221.36363636363637,190.27272727272728,222.27272727272728,83.0963296421689,4.936320754716981,5.315217391304348,7.859281437125748,6.581081081081081,0.5718562874251497,0.5567567567567567,20.272727272727273,21.545454545454547,0.3950617283950617,0.3508771929824561,2.090909090909091,1.6363636363636365,-0.45454545454545436,0.0,0.5041322314049587
2004,UL-Lafayette,11,11,0.36363636363636365,22.0,24.727272727272727,-2.7272727272727266,9.818350166906862,9.04534033733291,382.3636363636364,387.90909090909093,241.54545454545453,178.8181818181818,152.72727272727272,213.45454545454547,88.32357864950077,3.990498812351544,5.183222958057395,6.692695214105793,6.386363636363637,0.5768261964735516,0.6006493506493507,21.0,20.0,0.40350877192982454,0.39855072463768115,2.1818181818181817,1.9090909090909092,-0.2727272727272725,0.0,0.365702479338843
2004,UL-Monroe,11,11,0.45454545454545453,19.181818181818183,27.545454545454547,-8.363636363636363,9.44264985920988,14.347632050430672,353.0,388.09090909090907,220.8181818181818,222.0,139.8181818181818,177.45454545454547,83.44099711772387,3.8069306930693068,4.497695852534562,6.512064343163539,7.182352941176471,0.5549597855227882,0.5941176470588235,19.363636363636363,21.90909090909091,0.3413173652694611,0.37012987012987014,2.1818181818181817,2.090909090909091,-0.09090909090909083,0.0,0.4318181818181818
2004,UNLV,11,11,0.18181818181818182,20.818181818181817,32.45454545454545,-11.636363636363637,15.065312355329258,19.607512474930253,340.54545454545456,378.54545454545456,179.54545454545453,222.63636363636363,173.0909090909091,171.27272727272728,102.92945510043629,4.3076923076923075,4.069114470842333,6.095679012345679,7.1608187134502925,0.48148148148148145,0.5847953216374269,18.272727272727273,21.181818181818183,0.31446540880503143,0.3488372093023256,3.1818181818181817,1.5454545454545454,-1.6363636363636362,0.0,0.5523415977961433
2004,USC,12,12,1.0,36.75,12.5,24.25,9.3626433718844,16.43789966676234,442.75,272.75,279.5,222.08333333333334,176.08333333333334,76.5,98.6298175456637,4.544086021505376,2.6005665722379603,8.51269035532995,6.315165876777251,0.6700507614213198,0.5260663507109005,22.75,15.083333333333334,0.4166666666666667,0.2658959537572254,1.5833333333333333,3.1666666666666665,1.5833333333333333,0.0,0.5088383838383838
2004,USF,11,11,0.36363636363636365,24.636363636363637,31.90909090909091,-7.272727272727273,14.698794013610282,21.166439989241976,353.27272727272725,398.45454545454544,177.63636363636363,255.9090909090909,187.8181818181818,150.45454545454547,122.56026346992805,4.621923937360179,3.744343891402715,6.427631578947368,8.402985074626866,0.4769736842105263,0.5850746268656717,18.454545454545453,21.818181818181817,0.38562091503267976,0.4563758389261745,2.090909090909091,1.0909090909090908,-1.0,0.0,0.4958677685950413
2004,UTEP,11,11,0.7272727272727273,36.45454545454545,24.363636363636363,12.09090909090909,13.148107364663831,22.927950390100488,396.8181818181818,349.54545454545456,254.9090909090909,214.0909090909091,152.0909090909091,153.9090909090909,101.51238168993787,3.918032786885246,3.720879120879121,7.988603988603988,6.633802816901408,0.5897435897435898,0.504225352112676,20.0,19.454545454545453,0.34868421052631576,0.2980132450331126,2.4545454545454546,2.727272727272727,0.2727272727272725,0.0,0.45936639118457295
2004,Utah,11,11,1.0,46.27272727272727,20.636363636363637,25.636363636363637,12.370051811459069,8.880008190004412,502.72727272727275,350.27272727272725,264.45454545454544,210.36363636363637,246.36363636363637,151.36363636363637,89.26263597843267,5.474747474747475,4.031476997578692,9.506535947712418,6.969879518072289,0.6601307189542484,0.5240963855421686,25.363636363636363,18.0,0.4755244755244755,0.3125,1.1818181818181819,2.6363636363636362,1.4545454545454544,0.0,0.42975206611570244
2004,Utah State,11,11,0.2727272727272727,16.727272727272727,30.272727272727273,-13.545454545454547,11.136345083472486,17.879393929122074,290.3636363636364,394.54545454545456,235.8181818181818,214.1818181818182,76.27272727272727,193.45454545454547,86.62363733678322,2.3370473537604455,4.489451476793249,7.068119891008174,8.414285714285715,0.5722070844686649,0.6178571428571429,16.454545454545453,20.0,0.32098765432098764,0.35333333333333333,2.6363636363636362,2.1818181818181817,-0.4545454545454546,0.0,0.49380165289256195
2004,Vanderbilt,11,10,0.18181818181818182,19.272727272727273,26.0,-6.727272727272727,11.127361853475506,14.581432776588926,330.9,413.8,204.3,224.8,146.2,197.5,65.38000033989329,3.691919191919192,4.805352798053528,8.075098814229248,8.204379562043796,0.6047430830039525,0.656934306569343,18.8,21.3,0.40875912408759124,0.4782608695652174,1.8,2.4,0.5999999999999999,0.0,0.506198347107438
2004,Virginia,11,11,0.7272727272727273,29.90909090909091,15.909090909090908,14.000000000000002,16.640039335617843,23.85791273351464,423.54545454545456,300.27272727272725,191.54545454545453,212.27272727272728,241.27272727272728,109.18181818181819,95.44670097637072,5.163424124513619,3.2112299465240643,8.328063241106719,7.888513513513513,0.6363636363636364,0.6047297297297297,22.09090909090909,16.181818181818183,0.4594594594594595,0.2925170068027211,1.0909090909090908,1.4545454545454546,0.36363636363636376,0.0,0.5303030303030303
2004,Virginia Military,1,1,0.0,14.0,42.0,-28.0,,,289.0,459.0,191.0,249.0,67.0,230.0,,2.310344827586207,4.423076923076923,4.897435897435898,9.96,0.5897435897435898,0.56,17.0,21.0,,0.4375,3.0,1.0,-2.0,28.0,0.36363636363636365
2004,Virginia Tech,12,12,0.8333333333333334,32.25,12.583333333333334,19.666666666666664,18.660239694455843,24.849852142722128,364.75,265.4166666666667,196.83333333333334,158.91666666666666,186.75,115.66666666666667,85.77891773199711,4.228301886792453,3.3126491646778042,8.405693950177936,6.034810126582278,0.5622775800711743,0.5348101265822784,20.0,13.583333333333334,0.3710691823899371,0.2875816993464052,1.6666666666666667,2.75,1.0833333333333333,0.0,0.48484848484848486
2004,Wake Forest,11,11,0.36363636363636365,20.90909090909091,23.0,-2.09090909090909,10.885352961246094,19.836605281421246,351.27272727272725,393.1818181818182,157.63636363636363,249.0909090909091,206.0909090909091,157.9090909090909,103.26285964381472,4.301707779886148,4.087058823529412,7.135802469135802,7.405405405405405,0.5267489711934157,0.5540540540540541,18.181818181818183,20.0,0.3905325443786982,0.36363636363636365,1.2727272727272727,2.0,0.7272727272727273,0.0,0.4889807162534435
2004,Washington,11,11,0.09090909090909091,14.0,30.363636363636363,-16.363636363636363,9.219544457292887,15.493693731791184,311.0,369.45454545454544,207.72727272727272,200.27272727272728,120.18181818181819,183.63636363636363,85.44120785663087,3.1932367149758454,4.4298245614035086,5.698254364089776,7.106451612903226,0.4014962593516209,0.6,17.09090909090909,19.0,0.3021978021978022,0.40963855421686746,4.181818181818182,2.272727272727273,-1.9090909090909087,0.0,0.5454545454545454
2004,Washington State,11,11,0.45454545454545453,25.0,27.90909090909091,-2.90909090909091,11.304866208850063,18.102234919780184,368.6363636363636,366.6363636363636,259.6363636363636,253.0,128.0,133.45454545454547,102.76212602634564,3.4341463414634146,3.2052401746724892,7.341902313624678,7.228571428571429,0.48586118251928023,0.5584415584415584,17.727272727272727,18.636363636363637,0.3277777777777778,0.30687830687830686,3.090909090909091,3.0,-0.09090909090909083,0.0,0.4972451790633609
2004,Weber State,1,1,0.0,0.0,32.0,-32.0,,,112.0,499.0,63.0,237.0,34.0,276.0,,1.36,5.111111111111111,2.423076923076923,8.172413793103448,0.34615384615384615,0.6206896551724138,8.0,30.0,,0.35714285714285715,2.0,0.0,-2.0,24.0,0.7272727272727273
2004,West Virginia,11,11,0.7272727272727273,31.181818181818183,19.636363636363637,11.545454545454547,14.688895001450463,17.14271644963911,418.0,328.54545454545456,174.8181818181818,212.9090909090909,254.1818181818182,126.54545454545455,93.06771728155796,5.149171270718232,3.275294117647059,8.397379912663755,6.245333333333333,0.5938864628820961,0.552,19.90909090909091,19.454545454545453,0.3333333333333333,0.38922155688622756,1.6363636363636365,2.0,0.36363636363636354,0.0,0.4228650137741047
2004,Western Carolina,1,1,0.0,0.0,52.0,-52.0,,,191.0,478.0,107.0,239.0,83.0,247.0,,2.7666666666666666,5.880952380952381,4.458333333333333,7.709677419354839,0.3333333333333333,0.6451612903225806,10.0,21.0,,0.42857142857142855,5.0,2.0,-3.0,14.0,0.5454545454545454
2004,Western Illinois,1,1,0.0,17.0,56.0,-39.0,,,220.0,581.0,180.0,218.0,-3.0,363.0,,-0.08571428571428572,9.307692307692308,4.285714285714286,7.032258064516129,0.47619047619047616,0.5161290322580645,12.0,30.0,,0.625,5.0,6.0,1.0,41.0,0.45454545454545453
2004,Western Kentucky,1,1,0.0,13.0,27.0,-14.0,,,259.0,502.0,187.0,196.0,77.0,306.0,,3.08,5.1,8.904761904761905,9.333333333333334,0.47619047619047616,0.6666666666666666,13.0,27.0,0.25,0.7222222222222222,0.0,1.0,1.0,0.0,0.36363636363636365
2004,Western Michigan,11,11,0.09090909090909091,22.545454545454547,39.63636363636363,-17.090909090909086,13.837367064319976,27.649428729919705,364.3636363636364,480.54545454545456,276.72727272727275,274.45454545454544,99.54545454545455,215.36363636363637,68.86838567481124,3.0165289256198347,5.335585585585585,7.062645011600928,9.523659305993691,0.6009280742459396,0.6088328075709779,19.636363636363637,23.727272727272727,0.41420118343195267,0.456,2.727272727272727,1.6363636363636365,-1.0909090909090906,0.0,0.49380165289256195
2004,William & Mary,1,1,0.0,38.0,49.0,-11.0,,,442.0,575.0,322.0,236.0,120.0,341.0,,3.870967741935484,7.5777777777777775,7.853658536585366,9.833333333333334,0.5609756097560976,0.5833333333333334,21.0,23.0,,0.8333333333333334,0.0,4.0,4.0,45.0,0.5454545454545454
2004,Wisconsin,11,11,0.8181818181818182,20.727272727272727,14.636363636363637,6.09090909090909,9.529857387085173,19.14917515432216,337.0,275.90909090909093,172.45454545454547,177.63636363636363,170.0909090909091,117.45454545454545,90.99670323698545,3.7645875251509056,3.6914285714285713,6.365771812080537,5.9573170731707314,0.5335570469798657,0.49085365853658536,19.272727272727273,15.454545454545455,0.4057142857142857,0.3006535947712418,1.7272727272727273,1.8181818181818181,0.09090909090909083,0.0,0.42217630853994487
2004,Wyoming,11,11,0.5454545454545454,26.727272727272727,25.09090909090909,1.6363636363636367,18.499140029152215,22.258808266718717,366.54545454545456,397.90909090909093,256.90909090909093,220.36363636363637,134.1818181818182,184.0,115.49836677318308,3.294642857142857,4.40958605664488,7.742465753424658,7.150442477876106,0.5863013698630137,0.528023598820059,21.181818181818183,21.727272727272727,0.37988826815642457,0.34965034965034963,1.9090909090909092,2.4545454545454546,0.5454545454545454,0.0,0.4462809917355372
2005,Air Force,11,11,0.36363636363636365,30.0,31.727272727272727,-1.7272727272727266,10.862780491200214,19.76406288742732,417.27272727272725,428.54545454545456,177.45454545454547,261.27272727272725,246.54545454545453,173.54545454545453,64.28233180134478,4.612244897959184,4.319004524886878,9.521951219512195,8.87037037037037,0.5902439024390244,0.6574074074074074,22.181818181818183,22.363636363636363,0.3959731543624161,0.41333333333333333,2.1818181818181817,1.5454545454545454,-0.6363636363636362,0.0,0.47589531680440766
2005,Akron,12,12,0.5833333333333334,23.0,23.333333333333332,-0.33333333333333215,12.015141961859475,18.85993026755321,374.5,325.1666666666667,270.9166666666667,196.16666666666666,112.33333333333333,143.41666666666666,107.02548549506581,3.3784461152882206,3.6617021276595745,6.744813278008299,6.706552706552706,0.5186721991701245,0.5897435897435898,18.916666666666668,16.916666666666668,0.3128205128205128,0.33152173913043476,2.0833333333333335,1.25,-0.8333333333333335,0.0,0.4154040404040404
2005,Alabama,11,11,0.8181818181818182,22.727272727272727,10.727272727272727,12.0,10.060724716350299,13.16054710108968,353.3636363636364,248.36363636363637,233.72727272727272,169.36363636363637,142.27272727272728,93.54545454545455,100.84569671262402,3.7350835322195706,3.0534124629080117,8.034375,5.8955696202531644,0.59375,0.5031645569620253,18.272727272727273,13.090909090909092,0.3515151515151515,0.2857142857142857,1.1818181818181819,1.9090909090909092,0.7272727272727273,0.0,0.5055096418732782
2005,Appalachian State,2,2,0.0,4.0,30.0,-26.0,5.656854249492381,2.8284271247461903,283.5,403.0,126.0,229.5,154.5,185.0,38.890872965260115,4.478260869565218,5.285714285714286,4.421052631578948,9.0,0.5614035087719298,0.6862745098039216,7.0,22.5,0.35714285714285715,0.3,0.5,0.5,0.0,60.5,0.6893939393939394
2005,Arizona,11,11,0.2727272727272727,22.90909090909091,26.363636363636363,-3.4545454545454533,12.723635844007367,19.00191377921517,351.27272727272725,408.8181818181818,242.0909090909091,233.45454545454547,122.0,183.72727272727272,92.73412630643683,3.513089005235602,4.593181818181818,7.236413043478261,7.530791788856305,0.5733695652173914,0.5865102639296188,19.363636363636363,18.90909090909091,0.3836477987421384,0.34285714285714286,2.8181818181818183,1.7272727272727273,-1.090909090909091,0.0,0.5454545454545454
2005,Arizona State,11,11,0.5454545454545454,36.09090909090909,29.0,7.0909090909090935,13.367531899752812,20.11693090635122,504.54545454545456,463.0,384.3636363636364,294.6363636363636,139.63636363636363,181.72727272727272,117.9367318831276,3.8208955223880596,4.336225596529284,9.231441048034934,8.642666666666667,0.631004366812227,0.592,25.545454545454547,23.818181818181817,0.46296296296296297,0.39622641509433965,1.7272727272727273,2.3636363636363638,0.6363636363636365,0.0,0.5385674931129476
2005,Arkansas,11,11,0.36363636363636365,25.727272727272727,24.636363636363637,1.09090909090909,13.741112830414494,25.28420275766885,360.6363636363636,341.90909090909093,159.0,230.72727272727272,216.9090909090909,132.54545454545453,94.92236061884759,4.960498960498961,3.6178660049627793,6.246428571428571,7.553571428571429,0.5357142857142857,0.5089285714285714,18.90909090909091,18.363636363636363,0.3503184713375796,0.3291139240506329,2.090909090909091,2.1818181818181817,0.09090909090909083,0.0,0.5812672176308541
2005,Arkansas State,11,11,0.5454545454545454,25.0,24.727272727272727,0.2727272727272734,21.109239683134017,27.092769917787695,373.54545454545456,372.8181818181818,188.8181818181818,194.9090909090909,199.9090909090909,186.72727272727272,87.65427957192237,4.98639455782313,4.288100208768268,7.417857142857143,6.98371335504886,0.5428571428571428,0.5732899022801303,18.454545454545453,19.545454545454547,0.35947712418300654,0.3509933774834437,1.6363636363636365,2.1818181818181817,0.5454545454545452,0.0,0.34710743801652894
2005,Army,11,11,0.36363636363636365,20.0,26.727272727272727,-6.727272727272727,10.029955134495868,20.58198682873405,315.90909090909093,346.54545454545456,191.63636363636363,180.0,140.27272727272728,172.63636363636363,51.120357090800034,3.2690677966101696,4.416279069767442,6.756410256410256,6.5131578947368425,0.5576923076923077,0.6381578947368421,18.727272727272727,18.545454545454547,0.3657142857142857,0.36363636363636365,1.8181818181818181,1.6363636363636365,-0.18181818181818166,0.0,0.5323691460055097
2005,Auburn,11,10,0.8181818181818182,34.18181818181818,14.727272727272727,19.454545454545453,14.455574577429857,19.926683800189316,411.0,301.5,241.1,215.7,184.0,105.5,93.22970437461323,4.476885644768856,3.246153846153846,8.48943661971831,7.026058631921824,0.573943661971831,0.5635179153094463,21.3,15.4,0.4338235294117647,0.3120567375886525,1.7,1.3,-0.3999999999999999,0.0,0.4820936639118457
2005,BYU,11,11,0.5454545454545454,33.45454545454545,28.727272727272727,4.727272727272727,18.457321779519564,22.050355593916887,463.90909090909093,412.3636363636364,319.54545454545456,283.54545454545456,157.63636363636363,139.27272727272728,109.84575963181696,4.434782608695652,4.063660477453581,7.591792656587473,8.038659793814434,0.6414686825053996,0.6262886597938144,25.363636363636363,21.363636363636363,0.40625,0.4105960264900662,1.6363636363636365,2.0,0.36363636363636354,0.0,0.49242424242424243
2005,Ball State,11,10,0.36363636363636365,21.181818181818183,37.81818181818182,-16.636363636363637,17.359828235430108,24.892861335221095,306.9,447.5,216.3,273.4,111.7,183.4,133.8742776720839,2.91644908616188,4.462287104622871,6.9326923076923075,8.088757396449704,0.6185897435897436,0.6242603550295858,17.3,22.8,0.310126582278481,0.3916083916083916,1.6,2.1,0.5,0.0,0.59366391184573
2005,Baylor,11,11,0.45454545454545453,21.454545454545453,26.454545454545453,-5.0,15.526516907301755,24.89578277540194,317.90909090909093,378.0,225.63636363636363,227.36363636363637,109.9090909090909,161.72727272727272,59.58263932632483,3.14025974025974,4.061643835616438,6.331632653061225,6.412820512820513,0.5663265306122449,0.5128205128205128,18.181818181818183,21.818181818181817,0.3657142857142857,0.39869281045751637,2.272727272727273,2.6363636363636362,0.3636363636363633,0.0,0.5371900826446281
2005,Boise State,12,12,0.75,37.333333333333336,24.166666666666668,13.166666666666668,18.36168606505174,24.307998434235344,430.3333333333333,368.5833333333333,224.66666666666666,280.0833333333333,215.75,106.33333333333333,79.02972206516334,4.857410881801126,3.375661375661376,7.724928366762177,7.181623931623932,0.5816618911174785,0.5491452991452992,22.833333333333332,18.833333333333332,0.43103448275862066,0.3254437869822485,2.6666666666666665,2.3333333333333335,-0.33333333333333304,0.0,0.41729797979797983
2005,Boston College,11,11,0.7272727272727273,25.727272727272727,15.454545454545455,10.272727272727272,11.000826415237258,18.017163534202098,388.1818181818182,307.27272727272725,248.54545454545453,226.27272727272728,146.63636363636363,95.18181818181819,87.60572833076408,3.9729064039408866,2.66412213740458,7.1947368421052635,6.464935064935065,0.6342105263157894,0.6155844155844156,21.272727272727273,18.545454545454547,0.4140127388535032,0.32386363636363635,2.0,1.4545454545454546,-0.5454545454545454,0.0,0.5247933884297521
2005,Bowling Green,11,10,0.5454545454545454,33.72727272727273,27.636363636363637,6.09090909090909,16.118876568116708,27.252356028257616,424.4,391.3,294.3,231.1,144.7,176.1,110.19901189313006,3.8381962864721486,4.08584686774942,7.744736842105263,8.08041958041958,0.5868421052631579,0.5979020979020979,23.2,20.5,0.37254901960784315,0.3698630136986301,1.8,2.1,0.30000000000000004,0.0,0.45385674931129477
2005,Buffalo,11,11,0.09090909090909091,10.0,29.727272727272727,-19.727272727272727,7.3348483283569,13.616834500653294,278.45454545454544,363.27272727272725,199.0909090909091,186.72727272727272,107.9090909090909,189.63636363636363,120.67507086085647,2.8880778588807785,4.8399071925754065,6.61631419939577,6.5,0.5770392749244713,0.5506329113924051,15.545454545454545,18.272727272727273,0.30057803468208094,0.3375796178343949,2.6363636363636362,1.0909090909090908,-1.5454545454545454,0.0,0.4662534435261708
2005,Cal Poly SLO,1,1,0.0,10.0,27.0,-17.0,,,139.0,278.0,51.0,262.0,71.0,65.0,,1.9722222222222223,1.5116279069767442,3.1875,8.451612903225806,0.625,0.45161290322580644,7.0,17.0,0.0,0.4444444444444444,2.0,2.0,0.0,39.0,0.36363636363636365
2005,California,11,11,0.6363636363636364,32.72727272727273,20.545454545454547,12.18181818181818,13.107943462579545,21.094161191278413,424.1818181818182,351.72727272727275,199.72727272727272,246.54545454545453,234.72727272727272,121.45454545454545,115.16667763013587,5.868181818181818,3.3316708229426433,7.37248322147651,6.746268656716418,0.5067114093959731,0.5472636815920398,20.454545454545453,18.272727272727273,0.34306569343065696,0.3488372093023256,2.5454545454545454,1.8181818181818181,-0.7272727272727273,0.0,0.42148760330578516
2005,Central Michigan,11,11,0.5454545454545454,23.636363636363637,23.636363636363637,0.0,10.791410725875716,15.786069808536892,418.8181818181818,394.45454545454544,277.1818181818182,302.8181818181818,158.72727272727272,113.72727272727273,131.27362125104813,4.023041474654378,3.2493506493506494,7.157276995305164,7.657471264367816,0.607981220657277,0.5747126436781609,20.636363636363637,20.636363636363637,0.3298429319371728,0.3163841807909605,1.0,1.4545454545454546,0.4545454545454546,0.0,0.5358126721763086
2005,Chattanooga,1,1,0.0,14.0,59.0,-45.0,,,332.0,592.0,89.0,194.0,227.0,398.0,,5.27906976744186,7.37037037037037,4.238095238095238,8.434782608695652,0.5238095238095238,0.7391304347826086,18.0,32.0,,0.6428571428571429,3.0,0.0,-3.0,51.0,0.5454545454545454
2005,Cincinnati,11,11,0.36363636363636365,17.454545454545453,31.363636363636363,-13.90909090909091,8.95950485644867,17.178210299414463,324.45454545454544,400.72727272727275,223.1818181818182,231.72727272727272,124.54545454545455,179.45454545454547,80.96710892252932,3.215962441314554,4.348017621145375,7.054597701149425,7.965625,0.5660919540229885,0.575,20.0,19.272727272727273,0.2974683544303797,0.38513513513513514,2.4545454545454546,2.0,-0.4545454545454546,0.0,0.5289256198347108
2005,Citadel,2,2,0.0,8.5,44.5,-36.0,2.1213203435596424,22.627416997969522,86.0,497.5,37.5,387.0,43.0,128.0,7.0710678118654755,1.4333333333333333,3.657142857142857,1.829268292682927,10.32,0.5121951219512195,0.68,0.0,21.5,0.16666666666666666,0.5384615384615384,2.5,3.5,1.0,36.5,0.46969696969696967
2005,Clemson,11,11,0.6363636363636364,27.0,18.272727272727273,8.727272727272727,11.806777714516352,13.711972207460962,384.54545454545456,331.0,245.27272727272728,212.27272727272728,151.1818181818182,130.1818181818182,83.60665480254981,4.016908212560386,3.571072319201995,7.77521613832853,6.671428571428572,0.654178674351585,0.5714285714285714,21.272727272727273,17.636363636363637,0.36486486486486486,0.35714285714285715,1.4545454545454546,2.272727272727273,0.8181818181818183,1.3636363636363635,0.49035812672176304
2005,Colorado,12,12,0.5833333333333334,24.583333333333332,24.0,0.5833333333333321,15.911450041534316,32.15433897861244,349.5,347.8333333333333,244.41666666666666,267.4166666666667,117.08333333333333,95.25,106.13070843411569,3.5125,2.7085308056872037,6.836829836829837,7.052747252747253,0.5920745920745921,0.5736263736263736,19.333333333333332,19.25,0.33707865168539325,0.3299492385786802,1.8333333333333333,1.8333333333333333,0.0,0.0,0.5833333333333334
2005,Colorado State,11,11,0.5454545454545454,26.454545454545453,28.90909090909091,-2.454545454545457,12.596536320462356,17.767181185340775,393.09090909090907,412.27272727272725,289.6363636363636,222.54545454545453,119.9090909090909,200.63636363636363,91.98201405215538,3.417098445595855,4.818777292576419,8.776859504132231,8.298305084745763,0.6060606060606061,0.5932203389830508,19.545454545454547,21.0,0.38461538461538464,0.36054421768707484,2.0,2.272727272727273,0.27272727272727293,0.0,0.5289256198347108
2005,Connecticut,11,11,0.45454545454545453,24.727272727272727,19.181818181818183,5.545454545454543,17.06511593333552,28.598474212319914,323.3636363636364,297.1818181818182,167.9090909090909,172.1818181818182,173.9090909090909,138.72727272727272,122.60527943548983,3.9362139917695473,3.40625,6.01628664495114,6.669014084507042,0.50814332247557,0.4647887323943662,18.90909090909091,15.636363636363637,0.31868131868131866,0.22929936305732485,2.1818181818181817,2.272727272727273,0.09090909090909127,0.0,0.4462809917355372
2005,Duke,11,11,0.09090909090909091,16.09090909090909,37.09090909090909,-21.000000000000004,11.335383058852008,21.849485119791726,248.0909090909091,411.27272727272725,139.72727272727272,208.9090909090909,127.0909090909091,207.27272727272728,104.42265515246635,3.213793103448276,5.135135135135135,5.411971830985915,7.763513513513513,0.47183098591549294,0.5945945945945946,14.0,21.09090909090909,0.3081395348837209,0.3986013986013986,2.3636363636363638,1.7272727272727273,-0.6363636363636365,0.0,0.5495867768595041
2005,East Carolina,11,11,0.45454545454545453,24.272727272727273,28.818181818181817,-4.545454545454543,10.218521508426834,14.222261679238196,393.45454545454544,402.54545454545456,270.09090909090907,198.8181818181818,137.45454545454547,217.63636363636363,73.44843583952436,3.8375634517766497,4.846153846153846,8.02972972972973,7.147058823529412,0.6054054054054054,0.5915032679738562,19.636363636363637,21.0,0.3584905660377358,0.45348837209302323,2.090909090909091,1.8181818181818181,-0.2727272727272727,0.0,0.46831955922865015
2005,Eastern Illinois,1,1,0.0,10.0,45.0,-35.0,,,196.0,431.0,114.0,263.0,70.0,176.0,,2.3333333333333335,5.5,3.9310344827586206,6.414634146341464,0.4827586206896552,0.6341463414634146,9.0,21.0,0.14285714285714285,0.42857142857142855,3.0,4.0,1.0,78.0,0.5454545454545454
2005,Eastern Kentucky,1,1,0.0,10.0,54.0,-44.0,,,228.0,475.0,165.0,286.0,48.0,189.0,,1.5483870967741935,4.5,4.45945945945946,10.214285714285714,0.2702702702702703,0.6428571428571429,13.0,20.0,0.07142857142857142,0.09090909090909091,5.0,4.0,-1.0,59.0,0.5454545454545454
2005,Eastern Michigan,11,11,0.36363636363636365,21.818181818181817,26.818181818181817,-5.0,12.75004456320198,22.090722034374522,345.90909090909093,408.72727272727275,232.72727272727272,224.27272727272728,123.18181818181819,198.72727272727272,117.99445287423858,3.7743732590529246,4.721382289416846,6.0663507109004735,6.891061452513966,0.6208530805687204,0.6256983240223464,19.272727272727273,23.181818181818183,0.3684210526315789,0.4066666666666667,1.0,1.8181818181818181,0.8181818181818181,0.0,0.47451790633608815
2005,Eastern Washington,1,1,0.0,24.0,35.0,-11.0,,,462.0,543.0,350.0,290.0,90.0,253.0,,2.903225806451613,5.622222222222222,8.75,8.055555555555555,0.575,0.5833333333333334,23.0,27.0,0.0,0.3333333333333333,2.0,3.0,1.0,79.0,0.2727272727272727
2005,FIU,11,11,0.45454545454545453,23.363636363636363,29.363636363636363,-6.0,14.840975219120388,26.98518111853244,358.45454545454544,375.6363636363636,247.27272727272728,220.63636363636363,122.54545454545455,163.8181818181818,96.08783860235762,3.7653631284916202,4.1809744779582365,7.083333333333333,8.575971731448764,0.6041666666666666,0.6819787985865724,20.363636363636363,20.363636363636363,0.38,0.3559322033898305,2.909090909090909,2.090909090909091,-0.8181818181818183,0.0,0.35537190082644626
2005,Florida,11,11,0.7272727272727273,28.363636363636363,18.363636363636363,10.0,15.07496419413809,18.772320048411704,366.72727272727275,289.8181818181818,241.9090909090909,212.9090909090909,144.72727272727272,97.72727272727273,110.46274567390665,3.8547215496368037,3.045325779036827,7.71304347826087,7.31875,0.6260869565217392,0.5125,19.90909090909091,15.909090909090908,0.35443037974683544,0.3191489361702128,1.1818181818181819,2.8181818181818183,1.6363636363636365,0.0,0.5674931129476584
2005,Florida A&M,2,2,0.0,4.5,30.0,-25.5,2.1213203435596424,12.020815280171307,119.5,480.0,71.0,171.5,29.5,310.5,48.79036790187178,1.1346153846153846,6.21,3.736842105263158,8.365853658536585,0.5,0.5609756097560976,5.0,20.5,0.0,0.2962962962962963,1.5,0.5,-1.0,47.0,0.5
2005,Florida Atlantic,11,11,0.18181818181818182,13.454545454545455,30.818181818181817,-17.36363636363636,9.255956313246475,21.143664428252393,292.0,394.72727272727275,198.45454545454547,178.72727272727272,114.18181818181819,218.0909090909091,83.81646616268189,2.9692671394799053,4.94639175257732,7.35016835016835,7.021428571428571,0.5252525252525253,0.5178571428571429,16.272727272727273,21.0,0.31446540880503143,0.4230769230769231,2.4545454545454546,1.6363636363636365,-0.8181818181818181,0.0,0.47933884297520657
2005,Florida State,12,10,0.6666666666666666,29.416666666666668,21.666666666666668,7.75,17.47444020866078,21.842931038751104,398.5,301.6,311.6,228.1,101.7,94.9,167.56043685786932,3.4591836734693877,2.5858310626703,7.770573566084788,7.172955974842767,0.5785536159600998,0.6069182389937107,19.5,16.8,0.3986013986013986,0.3115942028985507,2.2,1.9,-0.30000000000000027,0.0,0.4861111111111111
2005,Fresno State,12,11,0.6666666666666666,38.916666666666664,21.75,17.166666666666664,9.42393792745931,18.823743871327334,415.72727272727275,326.1818181818182,257.09090909090907,201.0909090909091,165.45454545454547,143.1818181818182,91.54353162194575,4.538653366583541,3.9873417721518987,7.921568627450981,6.525073746312684,0.6134453781512605,0.5693215339233039,22.0,18.545454545454547,0.4482758620689655,0.36477987421383645,2.090909090909091,1.7272727272727273,-0.36363636363636354,0.0,0.49116161616161613
2005,Georgia,12,12,0.8333333333333334,29.083333333333332,14.583333333333334,14.499999999999998,12.427669519944988,14.145349380305497,382.0,297.75,232.5,196.83333333333334,157.0,124.0,113.05509517688509,4.412177985948477,3.517730496453901,8.454545454545455,6.653521126760563,0.5484848484848485,0.5633802816901409,19.25,16.833333333333332,0.33986928104575165,0.3620689655172414,1.25,2.5833333333333335,1.3333333333333335,0.0,0.5561868686868686
2005,Georgia Tech,11,11,0.6363636363636364,19.272727272727273,18.454545454545453,0.8181818181818201,9.798886764228977,17.99898987064653,345.72727272727275,296.3636363636364,195.54545454545453,220.54545454545453,156.1818181818182,98.0,75.26498642674548,4.023419203747072,2.8823529411764706,5.645669291338582,7.093567251461988,0.46981627296587924,0.5116959064327485,20.0,15.363636363636363,0.34444444444444444,0.2721518987341772,1.5454545454545454,2.727272727272727,1.1818181818181817,0.0,0.5812672176308541
2005,Grambling State,1,1,0.0,7.0,48.0,-41.0,,,208.0,515.0,152.0,311.0,11.0,204.0,,0.2972972972972973,4.25,4.903225806451613,8.885714285714286,0.45161290322580644,0.6285714285714286,0.0,27.0,,0.4,2.0,2.0,0.0,88.0,0.36363636363636365
2005,Hawaii,12,12,0.4166666666666667,30.666666666666668,35.666666666666664,-4.9999999999999964,15.101675604402514,23.61432539024487,476.1666666666667,438.4166666666667,402.8333333333333,262.9166666666667,91.91666666666667,187.58333333333334,102.11297961601457,3.953405017921147,4.670124481327801,8.363321799307958,8.302631578947368,0.6557093425605537,0.6210526315789474,25.666666666666668,23.416666666666668,0.4189189189189189,0.46706586826347307,1.9166666666666667,2.0833333333333335,0.16666666666666674,0.0,0.5107323232323232
2005,Houston,11,10,0.5454545454545454,29.454545454545453,25.636363636363637,3.8181818181818166,5.9558985277393095,12.929177714133113,458.1,397.3,288.4,226.3,184.4,179.9,41.8341965382389,4.4326923076923075,4.672727272727273,8.48235294117647,6.356741573033708,0.611764705882353,0.5224719101123596,22.5,19.5,0.3973509933774834,0.3776223776223776,2.2,2.2,0.0,16.4,0.46005509641873277
2005,Idaho,11,11,0.18181818181818182,22.09090909090909,38.09090909090909,-16.000000000000004,13.292513272173517,18.42823919966311,335.6363636363636,421.0,278.09090909090907,249.0,78.36363636363636,183.27272727272728,133.87402490944442,2.462857142857143,4.83453237410072,7.231678486997636,7.916184971098266,0.5650118203309693,0.5953757225433526,18.363636363636363,20.90909090909091,0.32558139534883723,0.37254901960784315,2.6363636363636362,2.0,-0.6363636363636362,0.0,0.40633608815426997
2005,Idaho State,1,1,0.0,29.0,41.0,-12.0,,,448.0,310.0,291.0,183.0,157.0,143.0,,4.361111111111111,4.205882352941177,7.657894736842105,9.15,0.6578947368421053,0.75,0.0,16.0,,0.36363636363636365,4.0,0.0,-4.0,51.0,0.2727272727272727
2005,Illinois,11,11,0.18181818181818182,17.0,39.54545454545455,-22.545454545454547,12.058192235986288,21.430649249911383,354.6363636363636,469.27272727272725,214.0,242.0909090909091,158.1818181818182,234.0,115.12451756882434,3.9726027397260273,5.464968152866242,6.345013477088949,8.618122977346278,0.5983827493261455,0.6601941747572816,20.0,23.363636363636363,0.3583815028901734,0.47333333333333333,1.9090909090909092,0.8181818181818182,-1.0909090909090908,0.0,0.597107438016529
2005,Illinois State,1,1,0.0,21.0,32.0,-11.0,,,311.0,406.0,211.0,326.0,89.0,92.0,,2.6176470588235294,2.2439024390243905,8.44,7.951219512195122,0.4,0.7317073170731707,12.0,25.0,0.0,0.4,2.0,2.0,0.0,55.0,0.6363636363636364
2005,Indiana,11,10,0.36363636363636365,22.545454545454547,32.81818181818182,-10.272727272727273,9.740263203462588,20.995670549381884,349.0,410.2,237.9,210.0,130.6,213.0,101.77971856470774,3.314720812182741,5.011764705882353,6.626740947075209,7.835820895522388,0.5515320334261838,0.5522388059701493,19.2,19.9,0.3742690058479532,0.33858267716535434,2.3,1.6,-0.6999999999999997,0.0,0.48966942148760334
2005,Indiana State,1,1,0.0,7.0,63.0,-56.0,,,268.0,538.0,106.0,296.0,148.0,242.0,,3.7948717948717947,10.521739130434783,3.3125,6.297872340425532,0.5,0.723404255319149,15.0,26.0,0.3125,0.5,3.0,1.0,-2.0,52.0,0.8181818181818182
2005,Iowa,11,11,0.6363636363636364,30.545454545454547,19.0,11.545454545454547,17.32260740398879,23.06236603804404,434.45454545454544,376.8181818181818,259.90909090909093,263.45454545454544,184.72727272727272,122.0909090909091,122.1084465844715,4.884615384615385,3.1378504672897196,8.191977077363896,7.155555555555556,0.6103151862464183,0.6197530864197531,22.636363636363637,19.09090909090909,0.3732394366197183,0.41420118343195267,1.5454545454545454,1.3636363636363635,-0.18181818181818188,0.0,0.49793388429752067
2005,Iowa State,11,11,0.6363636363636364,28.636363636363637,18.454545454545453,10.181818181818183,9.800742086931246,14.455574577429855,356.0,339.09090909090907,257.1818181818182,250.1818181818182,117.63636363636364,99.72727272727273,83.60741593901821,2.776824034334764,2.9809782608695654,8.444776119402984,6.663438256658596,0.6179104477611941,0.5690072639225182,19.818181818181817,18.90909090909091,0.35714285714285715,0.3032258064516129,1.6363636363636365,3.0,1.3636363636363635,0.0,0.45798898071625344
2005,Jacksonville State,1,1,0.0,28.0,35.0,-7.0,,,372.0,382.0,248.0,231.0,113.0,151.0,,3.4242424242424243,3.775,8.551724137931034,9.625,0.7241379310344828,0.6666666666666666,0.0,18.0,0.5,0.36363636363636365,1.0,0.0,-1.0,2.0,0.45454545454545453
2005,Kansas,11,11,0.5454545454545454,20.636363636363637,22.818181818181817,-2.18181818181818,12.979004023982172,24.81458515397016,310.72727272727275,308.6363636363636,195.0,239.54545454545453,128.1818181818182,88.0909090909091,98.00009276433458,3.6528497409326426,2.4846153846153847,5.892857142857143,7.007978723404255,0.521978021978022,0.5797872340425532,16.272727272727273,15.636363636363637,0.3254437869822485,0.2875816993464052,2.5454545454545454,1.7272727272727273,-0.8181818181818181,0.0,0.5571625344352618
2005,Kansas State,11,11,0.45454545454545453,26.272727272727273,27.727272727272727,-1.4545454545454533,11.696930444273908,23.101357693276974,339.72727272727275,359.45454545454544,219.9090909090909,244.36363636363637,138.36363636363637,128.9090909090909,124.9184461231334,3.5231481481481484,3.536159600997506,7.6069182389937104,7.18716577540107,0.5157232704402516,0.5561497326203209,17.454545454545453,17.818181818181817,0.3136094674556213,0.3235294117647059,2.6363636363636362,2.272727272727273,-0.3636363636363633,0.0,0.5323691460055096
2005,Kent State,11,11,0.09090909090909091,16.363636363636363,30.09090909090909,-13.727272727272727,11.271847472998624,17.176093322353072,283.3636363636364,391.45454545454544,261.90909090909093,197.54545454545453,45.90909090909091,200.8181818181818,112.36482788423851,1.778169014084507,4.191650853889943,6.169164882226981,6.833333333333333,0.5610278372591007,0.6069182389937107,16.09090909090909,19.0,0.29714285714285715,0.41975308641975306,2.909090909090909,1.9090909090909092,-1.0,0.0,0.4449035812672176
2005,Kentucky,11,11,0.2727272727272727,21.727272727272727,34.09090909090909,-12.363636363636367,13.35732689643335,15.094851620819114,297.45454545454544,439.54545454545456,190.54545454545453,254.72727272727272,128.63636363636363,196.27272727272728,72.80022477487778,3.6189258312020463,4.917995444191344,6.894736842105263,7.296875,0.5855263157894737,0.6223958333333334,16.727272727272727,20.545454545454547,0.3618421052631579,0.4,2.5454545454545454,1.5454545454545454,-1.0,0.0,0.5137741046831956
2005,LSU,12,12,0.8333333333333334,28.583333333333332,15.166666666666666,13.416666666666666,12.21369077814902,20.13797106929789,366.25,276.3333333333333,246.58333333333334,203.0,139.91666666666666,94.75,96.59486622910238,3.706401766004415,3.0,8.754437869822485,5.970588235294118,0.6005917159763313,0.47549019607843135,19.083333333333332,15.583333333333334,0.3618421052631579,0.2802197802197802,2.1666666666666665,1.25,-0.9166666666666665,0.0,0.47853535353535354
2005,Liberty,1,1,0.0,0.0,59.0,-59.0,,,161.0,600.0,103.0,225.0,29.0,376.0,,1.0357142857142858,6.064516129032258,6.4375,8.333333333333334,0.6875,0.7037037037037037,9.0,37.0,0.1111111111111111,0.7272727272727273,4.0,0.0,-4.0,21.0,0.45454545454545453
2005,Louisiana Tech,11,11,0.6363636363636364,28.727272727272727,25.545454545454547,3.18181818181818,13.66814478333405,21.825756260978366,366.6363636363636,381.27272727272725,236.0909090909091,263.54545454545456,147.54545454545453,133.1818181818182,130.83216173959119,3.792056074766355,3.8350785340314135,7.294943820224719,7.28391959798995,0.5393258426966292,0.5703517587939698,20.09090909090909,20.272727272727273,0.3558282208588957,0.3108108108108108,1.6363636363636365,3.0,1.3636363636363635,0.0,0.431129476584022
2005,Louisville,11,11,0.8181818181818182,45.18181818181818,22.727272727272727,22.454545454545453,16.387911287398293,25.935935056842027,494.72727272727275,318.0,314.90909090909093,238.45454545454547,194.0909090909091,107.36363636363636,59.166022190258666,4.830316742081448,2.866504854368932,10.218289085545722,7.58092485549133,0.6814159292035398,0.5433526011560693,24.272727272727273,18.727272727272727,0.42857142857142855,0.35625,1.6363636363636365,3.272727272727273,1.6363636363636365,0.0,0.4380165289256199
2005,Maine,1,1,0.0,7.0,25.0,-18.0,,,145.0,313.0,82.0,197.0,-6.0,121.0,,-0.16216216216216217,2.880952380952381,2.2777777777777777,5.472222222222222,0.4444444444444444,0.4166666666666667,10.0,17.0,0.3333333333333333,0.29411764705882354,2.0,5.0,3.0,55.0,0.6363636363636364
2005,Marshall,11,11,0.36363636363636365,18.545454545454547,25.90909090909091,-7.363636363636363,10.289447374505945,13.185391365239997,328.72727272727275,340.27272727272725,218.0,189.45454545454547,123.63636363636364,161.8181818181818,79.86625183278717,3.6266666666666665,3.964365256124722,5.891891891891892,7.805243445692884,0.5601965601965602,0.5617977528089888,20.09090909090909,16.09090909090909,0.35403726708074534,0.34306569343065696,2.8181818181818183,1.8181818181818181,-1.0000000000000002,0.0,0.4834710743801653
2005,Maryland,11,10,0.45454545454545453,24.545454545454547,25.0,-0.45454545454545325,10.689842247326538,14.376116557427018,389.1,345.6,273.3,189.7,135.7,168.7,106.0863903722915,3.401002506265664,3.960093896713615,8.514018691588785,8.004219409282701,0.6043613707165109,0.5949367088607594,22.3,17.3,0.3235294117647059,0.3333333333333333,2.4,1.9,-0.5,0.0,0.5743801652892562
2005,Massachusetts,1,1,0.0,27.0,34.0,-7.0,,,275.0,344.0,213.0,233.0,62.0,120.0,,2.6956521739130435,3.0,6.264705882352941,8.62962962962963,0.6176470588235294,0.8148148148148148,11.0,15.0,,0.47058823529411764,3.0,3.0,0.0,106.0,0.36363636363636365
2005,McNeese State,1,1,0.0,20.0,48.0,-28.0,,,256.0,456.0,178.0,268.0,74.0,197.0,,2.5517241379310347,3.94,7.12,8.375,0.52,0.625,15.0,30.0,0.1,0.5,4.0,4.0,0.0,40.0,0.5454545454545454
2005,Memphis,11,11,0.5454545454545454,26.181818181818183,22.272727272727273,3.90909090909091,13.481974497959724,18.63037597824878,387.1818181818182,396.6363636363636,132.0909090909091,273.45454545454544,260.8181818181818,132.72727272727272,105.41993946291012,5.3228200371057515,3.686868686868687,6.457777777777777,8.086021505376344,0.5688888888888889,0.5456989247311828,19.454545454545453,20.90909090909091,0.3223684210526316,0.35374149659863946,1.2727272727272727,2.1818181818181817,0.909090909090909,0.0,0.46831955922865015
2005,Miami (FL),11,11,0.8181818181818182,29.272727272727273,11.909090909090908,17.363636363636367,13.624176372103445,14.894782491011593,368.1818181818182,249.1818181818182,239.27272727272728,168.45454545454547,145.45454545454547,101.63636363636364,94.2473534714033,3.7735849056603774,2.655581947743468,8.302839116719243,5.598187311178248,0.583596214511041,0.459214501510574,19.181818181818183,15.363636363636363,0.3197278911564626,0.26229508196721313,2.1818181818181817,2.8181818181818183,0.6363636363636367,10.454545454545455,0.48691460055096414
2005,Miami (OH),11,11,0.6363636363636364,33.72727272727273,23.454545454545453,10.272727272727273,13.638848258492423,23.18228163529599,425.6363636363636,347.3636363636364,305.1818181818182,222.0909090909091,134.0,139.54545454545453,118.82278630571892,3.5776699029126213,4.10427807486631,7.543820224719101,6.638586956521739,0.5707865168539326,0.5842391304347826,23.636363636363637,18.272727272727273,0.3953488372093023,0.35403726708074534,2.090909090909091,3.5454545454545454,1.4545454545454546,0.0,0.3953168044077135
2005,Michigan,11,11,0.6363636363636364,28.818181818181817,19.272727272727273,9.545454545454543,12.262285119978102,18.35409292971808,382.8181818181818,347.6363636363636,228.0,226.0909090909091,164.45454545454547,136.0909090909091,80.04351089478544,3.9584245076586435,3.8091603053435112,6.852459016393443,6.908333333333333,0.592896174863388,0.5805555555555556,21.454545454545453,18.818181818181817,0.39766081871345027,0.34868421052631576,1.5454545454545454,2.1818181818181817,0.6363636363636362,0.0,0.6336088154269972
2005,Michigan State,11,10,0.45454545454545453,33.81818181818182,28.727272727272727,5.0909090909090935,15.295869911961084,26.300017283091453,497.7,413.6,314.1,254.8,198.3,167.4,112.81947231454919,4.872235872235872,4.573770491803279,9.025862068965518,7.62874251497006,0.6724137931034483,0.6107784431137725,25.5,21.4,0.44360902255639095,0.417910447761194,1.9,1.8,-0.09999999999999987,0.0,0.5420110192837465
2005,Middle Tennessee,11,11,0.36363636363636365,19.09090909090909,18.727272727272727,0.3636363636363633,14.131203384386946,17.241071470606038,307.54545454545456,333.45454545454544,218.72727272727272,208.27272727272728,109.0909090909091,135.63636363636363,94.3232353520209,2.797202797202797,3.89556135770235,7.613924050632911,6.963525835866261,0.6582278481012658,0.5805471124620061,17.363636363636363,18.727272727272727,0.38235294117647056,0.3829787234042553,1.0909090909090908,1.6363636363636365,0.5454545454545456,0.0,0.4662534435261708
2005,Minnesota,11,11,0.6363636363636364,36.18181818181818,28.545454545454547,7.636363636363633,11.694598597798745,23.623178140431175,497.8181818181818,407.6363636363636,220.54545454545453,254.45454545454547,279.90909090909093,160.36363636363637,92.9922772942121,5.5080500894454385,4.432160804020101,8.223728813559323,7.424403183023872,0.5661016949152542,0.5490716180371353,24.181818181818183,21.0,0.4909090909090909,0.42011834319526625,1.3636363636363635,1.2727272727272727,-0.09090909090909083,0.0,0.5833333333333334
2005,Mississippi State,11,11,0.2727272727272727,13.909090909090908,23.545454545454547,-9.636363636363638,12.71577402641731,21.55584712913286,276.1818181818182,335.45454545454544,163.0909090909091,209.0,137.63636363636363,140.45454545454547,110.61267394093517,3.9324675324675327,3.6961722488038276,5.940397350993377,7.275316455696203,0.48344370860927155,0.6139240506329114,14.636363636363637,17.818181818181817,0.2974683544303797,0.3546099290780142,2.0,2.090909090909091,0.09090909090909083,0.0,0.5151515151515151
2005,Missouri,11,11,0.5454545454545454,30.09090909090909,29.0,1.09090909090909,14.341928360262754,20.77235925673608,423.0,364.72727272727275,231.36363636363637,233.0909090909091,205.45454545454547,152.1818181818182,140.38233507104803,4.788135593220339,3.7873303167420813,5.974178403755869,7.346704871060172,0.596244131455399,0.5702005730659025,23.636363636363637,20.181818181818183,0.418848167539267,0.3148148148148148,2.3636363636363638,2.090909090909091,-0.27272727272727293,0.0,0.5571625344352618
2005,Missouri State,1,1,0.0,17.0,49.0,-32.0,,,338.0,591.0,156.0,108.0,178.0,483.0,,4.564102564102564,9.470588235294118,5.571428571428571,4.32,0.42857142857142855,0.52,14.0,27.0,0.1875,0.5,5.0,5.0,0.0,30.0,0.36363636363636365
2005,Montana,1,1,0.0,14.0,47.0,-33.0,,,144.0,426.0,99.0,346.0,31.0,87.0,,1.0333333333333334,2.289473684210526,3.193548387096774,7.208333333333333,0.5161290322580645,0.5625,7.0,21.0,0.13333333333333333,0.45454545454545453,3.0,2.0,-1.0,80.0,0.9090909090909091
2005,Montana State,1,1,0.0,10.0,15.0,-5.0,,,254.0,378.0,174.0,138.0,49.0,244.0,,1.75,5.951219512195122,5.117647058823529,6.0,0.6470588235294118,0.4782608695652174,16.0,21.0,0.2857142857142857,0.25,1.0,2.0,1.0,43.0,0.36363636363636365
2005,Murray State,1,1,0.0,6.0,38.0,-32.0,,,229.0,482.0,127.0,233.0,88.0,249.0,,2.6666666666666665,5.659090909090909,6.35,8.62962962962963,0.7,0.6296296296296297,0.0,26.0,,0.5333333333333333,2.0,0.0,-2.0,62.0,0.2727272727272727
2005,NC State,11,10,0.5454545454545454,21.363636363636363,19.272727272727273,2.09090909090909,11.809087409895207,18.398122433849306,319.4,306.2,223.2,215.8,112.4,110.7,94.63403193354917,3.2206303724928365,2.8096446700507616,7.464882943143813,7.075409836065574,0.5518394648829431,0.5081967213114754,16.0,17.6,0.2462686567164179,0.2802547770700637,2.3,2.0,-0.2999999999999998,0.0,0.5165289256198347
2005,Navy,11,11,0.6363636363636364,32.63636363636363,25.727272727272727,6.9090909090909065,9.84147069571136,16.464838568625844,419.90909090909093,359.6363636363636,125.63636363636364,220.27272727272728,305.90909090909093,155.8181818181818,78.50535592614628,5.580431177446103,3.7836644591611477,10.161764705882353,7.501547987616099,0.47058823529411764,0.6191950464396285,20.90909090909091,21.272727272727273,0.43537414965986393,0.40764331210191085,1.8181818181818181,1.6363636363636365,-0.18181818181818166,0.0,0.32231404958677684
2005,Nebraska,11,11,0.6363636363636364,24.0,20.363636363636363,3.6363636363636367,7.238784428341543,16.72885368023002,320.54545454545456,326.0,250.63636363636363,222.9090909090909,91.0,123.72727272727273,101.19027980627749,2.6135770234986944,3.26378896882494,6.675544794188862,6.591397849462366,0.5447941888619855,0.5134408602150538,18.636363636363637,17.636363636363637,0.3072289156626506,0.27011494252873564,2.1818181818181817,1.8181818181818181,-0.36363636363636354,0.0,0.4993112947658402
2005,Nevada,11,11,0.7272727272727273,32.81818181818182,30.454545454545453,2.363636363636367,13.855094238713656,24.491928169389716,433.54545454545456,397.45454545454544,266.54545454545456,281.0,184.0909090909091,131.0,66.20628918216703,4.175257731958763,4.152737752161383,7.839572192513369,7.689054726368159,0.606951871657754,0.5621890547263682,24.545454545454547,20.636363636363637,0.4556213017751479,0.3197278911564626,2.0,2.1818181818181817,0.18181818181818166,0.0,0.38980716253443526
2005,New Mexico,11,11,0.5454545454545454,29.636363636363637,29.727272727272727,-0.09090909090908994,10.062531761666417,13.729199142372037,397.3636363636364,385.09090909090907,209.0,276.1818181818182,200.0,130.8181818181818,78.58915030368088,4.174573055028463,3.7473958333333335,7.392282958199357,8.144772117962466,0.6012861736334405,0.5737265415549598,22.272727272727273,19.09090909090909,0.4057142857142857,0.35185185185185186,1.9090909090909092,2.0,0.09090909090909083,0.0,0.46763085399449034
2005,New Mexico State,12,12,0.0,16.5,38.75,-22.25,10.370412457827053,13.678948657102138,344.4166666666667,480.3333333333333,291.1666666666667,268.75,78.41666666666667,216.33333333333334,111.12029381247018,2.711815561959654,4.888888888888889,6.387568555758683,7.943349753694581,0.56672760511883,0.6206896551724138,19.083333333333332,25.416666666666668,0.30412371134020616,0.44571428571428573,3.4166666666666665,1.1666666666666667,-2.25,0.0,0.5347222222222222
2005,Nicholls State,1,1,0.0,31.0,35.0,-4.0,,,459.0,421.0,51.0,323.0,408.0,114.0,,6.276923076923077,3.257142857142857,4.636363636363637,8.972222222222221,0.36363636363636365,0.5277777777777778,20.0,27.0,,0.5714285714285714,3.0,3.0,0.0,22.0,0.36363636363636365
2005,North Carolina,11,11,0.45454545454545453,18.0,26.181818181818183,-8.181818181818183,10.324727599312245,19.312266474022056,315.72727272727275,349.1818181818182,236.36363636363637,230.63636363636363,101.45454545454545,138.1818181818182,73.83101097654144,2.769230769230769,3.5023041474654377,7.303370786516854,7.734756097560975,0.5140449438202247,0.5762195121951219,18.0,19.09090909090909,0.3313253012048193,0.36875,2.1818181818181817,2.0,-0.18181818181818166,0.0,0.6150137741046833
2005,North Texas,11,11,0.18181818181818182,14.272727272727273,31.454545454545453,-17.18181818181818,8.556762344378967,23.04264820639408,271.90909090909093,438.45454545454544,144.8181818181818,225.27272727272728,142.63636363636363,222.72727272727272,89.79248804377184,3.8740740740740742,4.861111111111111,5.73021582733813,9.010909090909092,0.4856115107913669,0.6254545454545455,13.727272727272727,22.09090909090909,0.29012345679012347,0.42,1.9090909090909092,2.0,0.09090909090909083,0.0,0.5
2005,Northern Arizona,1,1,0.0,12.0,31.0,-19.0,,,274.0,442.0,116.0,255.0,141.0,187.0,,3.9166666666666665,4.25,3.515151515151515,8.225806451612904,0.45454545454545453,0.6129032258064516,0.0,28.0,,0.5,1.0,2.0,1.0,72.0,0.2727272727272727
2005,Northern Illinois,12,12,0.5833333333333334,32.416666666666664,22.833333333333332,9.583333333333332,8.99957911473777,18.598427760203688,441.8333333333333,369.9166666666667,252.41666666666666,228.08333333333334,204.41666666666666,147.91666666666666,103.30962582392208,5.1425576519916145,3.909691629955947,8.988130563798219,6.164414414414415,0.6795252225519288,0.5720720720720721,21.0,21.583333333333332,0.39215686274509803,0.390625,2.1666666666666665,2.0,-0.16666666666666652,0.0,0.48358585858585856
2005,Northern Iowa,1,1,0.0,21.0,45.0,-24.0,,,368.0,496.0,256.0,277.0,105.0,231.0,,2.5609756097560976,5.923076923076923,8.827586206896552,12.043478260869565,0.6551724137931034,0.782608695652174,0.0,24.0,,0.45454545454545453,2.0,0.0,-2.0,37.0,0.6363636363636364
2005,Northwestern,11,11,0.6363636363636364,31.818181818181817,32.45454545454545,-0.6363636363636367,13.257587878782337,22.46006557102061,492.72727272727275,482.90909090909093,304.27272727272725,277.0,195.9090909090909,209.72727272727272,117.01802502955765,5.011627906976744,5.081497797356828,7.572398190045249,7.598503740648379,0.6380090497737556,0.5910224438902744,26.90909090909091,24.818181818181817,0.4382716049382716,0.41975308641975306,1.6363636363636365,2.3636363636363638,0.7272727272727273,0.0,0.5757575757575757
2005,Northwestern State,2,2,0.5,27.5,36.0,-8.5,0.7071067811865476,17.67766952966369,389.0,477.5,207.0,259.0,182.0,225.0,55.154328932550705,4.136363636363637,5.769230769230769,7.961538461538462,7.507246376811594,0.5769230769230769,0.6231884057971014,0.0,23.5,,0.34615384615384615,4.5,3.5,-1.0,110.0,0.5
2005,Notre Dame,11,11,0.8181818181818182,38.18181818181818,23.636363636363637,14.545454545454543,8.953414787869283,10.605315991177596,489.09090909090907,376.90909090909093,343.6363636363636,276.45454545454544,154.8181818181818,119.36363636363636,124.88431009975156,3.678185745140389,3.577656675749319,9.24205378973105,7.960732984293194,0.6479217603911981,0.5209424083769634,26.545454545454547,19.272727272727273,0.46706586826347307,0.30718954248366015,1.2727272727272727,2.0,0.7272727272727273,0.0,0.48760330578512395
2005,Ohio,11,11,0.36363636363636365,17.454545454545453,30.545454545454547,-13.090909090909093,13.117649456847339,20.417906579542112,292.54545454545456,452.54545454545456,128.9090909090909,292.27272727272725,174.0909090909091,169.36363636363637,134.91135136552717,4.484777517564403,4.2827586206896555,5.371212121212121,8.394255874673629,0.45454545454545453,0.6266318537859008,14.727272727272727,22.09090909090909,0.25161290322580643,0.36257309941520466,1.6363636363636365,2.090909090909091,0.45454545454545436,0.0,0.5006887052341598
2005,Ohio State,11,11,0.8181818181818182,32.54545454545455,14.818181818181818,17.727272727272727,11.129812544366022,15.767630824514566,404.6363636363636,275.27272727272725,224.36363636363637,223.54545454545453,189.54545454545453,74.45454545454545,96.3859665379486,4.4361702127659575,2.360230547550432,9.007299270072993,6.830555555555556,0.6459854014598541,0.6027777777777777,20.818181818181817,15.090909090909092,0.4513888888888889,0.27848101265822783,1.9090909090909092,1.1818181818181819,-0.7272727272727273,0.0,0.5915977961432507
2005,Oklahoma,11,11,0.6363636363636364,27.818181818181817,23.90909090909091,3.9090909090909065,11.443934479174388,17.82388591443822,354.54545454545456,304.8181818181818,188.63636363636363,237.0,181.63636363636363,91.18181818181819,121.86333627171355,4.111111111111111,2.786111111111111,6.781045751633987,6.616751269035533,0.5294117647058824,0.5253807106598984,19.363636363636363,17.181818181818183,0.3390804597701149,0.2883435582822086,2.3636363636363638,2.272727272727273,-0.09090909090909083,0.0,0.6473829201101928
2005,Oklahoma State,11,11,0.36363636363636365,20.181818181818183,31.272727272727273,-11.09090909090909,9.877430655977108,19.801285541371023,324.8181818181818,419.3636363636364,188.1818181818182,223.0,153.9090909090909,205.1818181818182,94.16030817899673,3.9189814814814814,4.949561403508772,6.428571428571429,7.912903225806452,0.4937888198757764,0.6161290322580645,17.90909090909091,19.454545454545453,0.27450980392156865,0.3227848101265823,3.727272727272727,2.0,-1.727272727272727,0.0,0.5323691460055096
2005,Ole Miss,11,11,0.2727272727272727,13.454545454545455,22.272727272727273,-8.818181818181818,6.890045520366849,15.118321215122942,281.72727272727275,332.6363636363636,227.54545454545453,192.54545454545453,73.27272727272727,153.27272727272728,74.84395888659407,2.427710843373494,3.6892778993435447,6.7466307277628035,6.810289389067524,0.5309973045822103,0.5659163987138264,14.454545454545455,18.545454545454547,0.3072289156626506,0.4226190476190476,2.3636363636363638,1.7272727272727273,-0.6363636363636365,0.0,0.4724517906336088
2005,Oregon,11,9,0.9090909090909091,36.36363636363637,23.727272727272727,12.63636363636364,11.715568507526447,19.443624802349625,444.77777777777777,327.3333333333333,316.3333333333333,211.66666666666666,135.55555555555554,132.33333333333334,119.44536175358357,3.8006230529595015,3.943708609271523,7.908333333333333,5.652818991097923,0.6166666666666667,0.5341246290801187,22.11111111111111,17.77777777777778,0.4125874125874126,0.3333333333333333,1.6666666666666667,3.111111111111111,1.4444444444444444,0.0,0.465564738292011
2005,Oregon State,11,11,0.45454545454545453,26.636363636363637,33.18181818181818,-6.545454545454543,9.319578609279791,20.944515446119237,419.0,406.72727272727275,316.72727272727275,313.1818181818182,122.54545454545455,108.0,115.88269931271017,3.2481927710843372,3.085714285714286,7.59041394335512,8.994778067885118,0.5816993464052288,0.5274151436031331,22.09090909090909,19.818181818181817,0.35789473684210527,0.38028169014084506,3.5454545454545454,2.1818181818181817,-1.3636363636363638,0.0,0.5227272727272727
2005,Penn State,11,11,0.9090909090909091,35.18181818181818,16.454545454545453,18.727272727272727,12.359758750219857,16.025547785276537,424.27272727272725,306.54545454545456,212.0909090909091,230.54545454545453,219.54545454545453,99.0909090909091,108.96796860462337,5.3076923076923075,2.6201923076923075,7.989726027397261,6.469387755102041,0.5273972602739726,0.5663265306122449,21.636363636363637,17.90909090909091,0.4,0.33157894736842103,1.9090909090909092,2.3636363636363638,0.4545454545454546,0.0,0.5475206611570248
2005,Pittsburgh,11,11,0.45454545454545453,24.272727272727273,22.09090909090909,2.1818181818181834,11.507309929700417,22.50252511083226,335.8181818181818,338.0,241.1818181818182,163.54545454545453,116.81818181818181,185.1818181818182,89.79400668398553,3.1965174129353233,4.270440251572327,7.645533141210374,6.098305084745762,0.5590778097982709,0.49830508474576274,17.90909090909091,17.636363636363637,0.3312883435582822,0.33783783783783783,2.5454545454545454,1.8181818181818181,-0.7272727272727273,0.0,0.5123966942148761
2005,Portland State,2,2,0.0,14.0,31.0,-17.0,0.0,14.142135623730951,284.5,474.0,139.0,336.0,145.5,145.0,21.920310216782973,4.770491803278689,3.8666666666666667,4.412698412698413,8.96,0.49206349206349204,0.6533333333333333,12.5,25.5,,0.4482758620689655,1.0,1.5,0.5,41.5,0.6022727272727273
2005,Purdue,11,11,0.45454545454545453,30.0,28.09090909090909,1.90909090909091,10.295630140987,19.536911452195024,428.45454545454544,430.72727272727275,246.54545454545453,303.1818181818182,186.72727272727272,143.45454545454547,65.62981584061261,4.9375,3.546067415730337,6.336448598130841,8.486005089058525,0.5630841121495327,0.5877862595419847,22.272727272727273,23.09090909090909,0.39766081871345027,0.3652694610778443,2.0,2.1818181818181817,0.18181818181818166,0.0,0.5674931129476584
2005,Rice,11,11,0.09090909090909091,21.90909090909091,40.63636363636363,-18.727272727272723,10.606173159575942,15.33682437201984,337.45454545454544,454.54545454545456,116.0,248.1818181818182,234.1818181818182,212.0,92.8648088743671,4.293333333333333,5.398148148148148,6.076190476190476,9.413793103448276,0.4238095238095238,0.6551724137931034,20.363636363636363,20.90909090909091,0.35119047619047616,0.43478260869565216,2.8181818181818183,1.0,-1.8181818181818183,0.0,0.6005509641873278
2005,Richmond,1,1,0.0,13.0,37.0,-24.0,,,339.0,513.0,250.0,283.0,89.0,237.0,,3.7083333333333335,6.405405405405405,8.064516129032258,6.738095238095238,0.5161290322580645,0.6904761904761905,0.0,28.0,,0.7142857142857143,1.0,0.0,-1.0,36.0,0.45454545454545453
2005,Rutgers,11,11,0.6363636363636364,27.636363636363637,23.818181818181817,3.81818181818182,11.474081464524533,24.313856879640394,384.8181818181818,344.45454545454544,232.0,243.1818181818182,162.63636363636363,125.81818181818181,117.76656416981704,4.239336492890995,3.1598173515981736,8.0,7.451253481894151,0.5705329153605015,0.6072423398328691,19.454545454545453,20.454545454545453,0.34868421052631576,0.3515151515151515,2.0,1.8181818181818181,-0.18181818181818188,0.0,0.4132231404958677
2005,SE Missouri State,1,1,0.0,12.0,33.0,-21.0,,,295.0,195.0,243.0,211.0,20.0,24.0,,0.625,1.0434782608695652,3.857142857142857,4.795454545454546,0.5396825396825397,0.4318181818181818,0.0,14.0,,0.1875,4.0,3.0,-1.0,154.0,0.09090909090909091
2005,SMU,11,10,0.45454545454545453,20.818181818181817,25.454545454545453,-4.636363636363637,9.734661594715883,21.015578637157375,315.0,392.7,198.7,259.3,133.0,145.0,98.94105989594681,3.5,3.7371134020618557,6.712837837837838,7.123626373626373,0.5304054054054054,0.5686813186813187,16.1,21.5,0.3051948051948052,0.379746835443038,2.0,2.6,0.6000000000000001,0.0,0.4820936639118457
2005,Sacramento State,1,1,0.0,3.0,41.0,-38.0,,,189.0,395.0,114.0,183.0,68.0,212.0,,2.125,5.170731707317073,3.081081081081081,6.535714285714286,0.43243243243243246,0.35714285714285715,9.0,16.0,0.0,0.26666666666666666,3.0,4.0,1.0,35.0,0.6363636363636364
2005,Sam Houston State,2,2,0.0,15.5,55.5,-40.0,7.7781745930520225,26.870057685088806,284.0,634.5,176.0,439.0,97.0,206.5,43.840620433565945,3.88,4.975903614457831,4.4,10.209302325581396,0.475,0.6976744186046512,9.5,34.5,0.23076923076923078,0.5714285714285714,1.0,1.5,0.5,72.0,0.6818181818181819
2005,Samford,1,1,0.0,14.0,48.0,-34.0,,,304.0,375.0,236.0,242.0,55.0,137.0,,1.896551724137931,3.7027027027027026,5.0212765957446805,8.066666666666666,0.48936170212765956,0.6333333333333333,21.0,24.0,,0.42857142857142855,3.0,1.0,-2.0,24.0,0.45454545454545453
2005,San Diego State,12,12,0.4166666666666667,26.916666666666668,27.083333333333332,-0.1666666666666643,12.24342742664468,18.668560509989824,379.0833333333333,406.0,246.83333333333334,229.16666666666666,147.5,185.25,125.98301352551341,3.8646288209606987,4.324902723735408,7.386533665835412,6.756756756756757,0.6134663341645885,0.5798525798525799,19.916666666666668,21.833333333333332,0.3978494623655914,0.4020618556701031,2.1666666666666665,2.3333333333333335,0.16666666666666696,0.0,0.5271464646464646
2005,San Jose State,11,11,0.2727272727272727,22.545454545454547,32.45454545454545,-9.909090909090907,8.881031881078194,17.218911379379044,345.45454545454544,441.3636363636364,208.72727272727272,308.8181818181818,144.54545454545453,145.36363636363637,102.87697860684248,4.087403598971722,3.4836601307189543,6.377777777777778,8.346437346437346,0.475,0.628992628992629,17.363636363636363,23.90909090909091,0.2694610778443114,0.43529411764705883,1.8181818181818181,1.9090909090909092,0.09090909090909105,0.0,0.38636363636363635
2005,South Carolina,11,11,0.6363636363636364,23.0,21.90909090909091,1.09090909090909,13.586758259423034,19.5880297398924,307.54545454545456,347.72727272727275,235.45454545454547,194.1818181818182,90.9090909090909,171.63636363636363,80.17775706062578,3.003003003003003,4.034188034188034,8.170347003154575,6.633540372670807,0.6088328075709779,0.562111801242236,16.818181818181817,19.636363636363637,0.31007751937984496,0.40718562874251496,1.9090909090909092,2.090909090909091,0.18181818181818166,0.0,0.5826446280991736
2005,Southeastern Louisiana,1,1,0.0,21.0,28.0,-7.0,,,309.0,352.0,243.0,332.0,41.0,28.0,,1.5185185185185186,1.3333333333333333,4.5,6.64,0.7037037037037037,0.48,16.0,15.0,,0.3684210526315789,2.0,2.0,0.0,24.0,0.18181818181818182
2005,Southern Illinois,1,1,0.0,28.0,34.0,-6.0,,,358.0,440.0,217.0,268.0,117.0,172.0,,3.342857142857143,4.777777777777778,7.233333333333333,5.826086956521739,0.5,0.5869565217391305,0.0,22.0,,0.4444444444444444,3.0,2.0,-1.0,67.0,0.6363636363636364
2005,Southern Miss,11,11,0.5454545454545454,29.454545454545453,23.0,6.454545454545453,11.860553413425837,15.141754431793142,349.3636363636364,399.72727272727275,256.45454545454544,247.45454545454547,104.0,164.63636363636363,105.40898702413635,3.1866295264623954,3.9977924944812364,7.482758620689655,7.754985754985755,0.5490716180371353,0.5783475783475783,18.454545454545453,21.90909090909091,0.3888888888888889,0.36423841059602646,1.6363636363636365,2.8181818181818183,1.1818181818181819,0.0,0.4765840220385675
2005,Stanford,11,11,0.45454545454545453,24.454545454545453,30.636363636363637,-6.181818181818183,11.544380766101197,13.57069034219101,316.1818181818182,446.1818181818182,251.0,302.45454545454544,92.27272727272727,160.27272727272728,96.93690544041334,2.6227390180878554,4.071593533487298,8.192878338278932,8.574742268041238,0.6142433234421365,0.6082474226804123,18.181818181818183,22.363636363636363,0.3287671232876712,0.4266666666666667,1.6363636363636365,2.090909090909091,0.45454545454545436,0.0,0.6776859504132232
2005,Syracuse,11,11,0.09090909090909091,13.818181818181818,26.818181818181817,-12.999999999999998,8.6350238195176,16.739175606940744,255.54545454545453,372.27272727272725,172.1818181818182,200.45454545454547,106.54545454545455,186.8181818181818,98.3538139945408,2.95959595959596,4.326315789473684,6.2098360655737705,7.525597269624574,0.45901639344262296,0.5494880546075085,12.818181818181818,17.90909090909091,0.20606060606060606,0.31952662721893493,2.6363636363636362,2.272727272727273,-0.3636363636363633,1.1818181818181819,0.5730027548209367
2005,TCU,11,11,0.9090909090909091,33.72727272727273,18.09090909090909,15.636363636363637,14.690751574313065,17.477257950106058,399.0,332.8181818181818,210.27272727272728,240.1818181818182,197.36363636363637,114.63636363636364,113.39488524620499,4.4215885947046845,2.925754060324826,6.7043478260869565,6.739795918367347,0.5449275362318841,0.5153061224489796,21.272727272727273,18.90909090909091,0.3409090909090909,0.3081081081081081,1.4545454545454546,3.5454545454545454,2.090909090909091,0.0,0.4511019283746556
2005,Temple,11,10,0.0,9.727272727272727,45.18181818181818,-35.45454545454545,6.4045438415379605,18.386754125530892,245.9,460.9,191.7,264.0,74.1,208.3,104.92902363026161,2.1603498542274053,4.832946635730859,6.244299674267101,8.979591836734693,0.4755700325732899,0.6428571428571429,15.1,23.8,0.31446540880503143,0.4714285714285714,2.8,2.3,-0.5,0.0,0.6301652892561983
2005,Tennessee,11,11,0.45454545454545453,18.636363636363637,18.636363636363637,0.0,8.500267375473872,11.832159566199232,326.27272727272725,298.1818181818182,211.72727272727272,235.63636363636363,128.27272727272728,82.45454545454545,61.589107655641364,3.536340852130326,2.547752808988764,6.542134831460674,7.1208791208791204,0.5224719101123596,0.5989010989010989,17.818181818181817,16.636363636363637,0.3515151515151515,0.34146341463414637,2.6363636363636362,1.8181818181818181,-0.8181818181818181,0.0,0.6060606060606061
2005,Tennessee Tech,1,1,0.0,3.0,42.0,-39.0,,,205.0,583.0,115.0,265.0,74.0,318.0,,2.3125,7.95,3.59375,11.041666666666666,0.5625,0.625,14.0,26.0,0.1875,0.2,1.0,1.0,0.0,34.0,0.5833333333333334
2005,Tennessee-Martin,1,1,0.0,7.0,56.0,-49.0,,,231.0,424.0,64.0,170.0,128.0,279.0,,2.4615384615384617,7.9714285714285715,3.2,10.625,0.55,0.625,13.0,14.0,,0.4444444444444444,1.0,1.0,0.0,51.0,0.5454545454545454
2005,Texas,12,12,1.0,50.916666666666664,14.583333333333334,36.33333333333333,12.500606045914395,20.26341680482491,508.4166666666667,280.3333333333333,243.25,177.58333333333334,273.75,124.41666666666667,99.3190070002472,5.773286467486819,3.5547619047619046,9.861486486486486,5.39493670886076,0.6351351351351351,0.4911392405063291,24.25,16.166666666666668,0.4567901234567901,0.27419354838709675,1.6666666666666667,2.4166666666666665,0.7499999999999998,0.0,0.5366161616161617
2005,Texas A&M,11,11,0.45454545454545453,32.0,31.181818181818183,0.8181818181818166,17.97220075561143,28.219915598095547,442.27272727272725,443.8181818181818,218.72727272727272,322.45454545454544,234.9090909090909,139.1818181818182,147.5168403329538,5.716814159292035,3.645238095238095,7.4953271028037385,8.912060301507537,0.5171339563862928,0.6055276381909548,21.545454545454547,20.636363636363637,0.3125,0.45806451612903226,2.0,2.5454545454545454,0.5454545454545454,0.0,0.5488980716253443
2005,Texas Southern,1,1,0.0,0.0,45.0,-45.0,,,146.0,468.0,18.0,307.0,105.0,162.0,,2.6923076923076925,4.5,1.125,10.586206896551724,0.4375,0.7241379310344828,10.0,24.0,,0.1111111111111111,0.0,0.0,0.0,40.0,0.7272727272727273
2005,Texas State,1,1,0.0,31.0,44.0,-13.0,,,493.0,559.0,364.0,321.0,115.0,242.0,,3.8333333333333335,5.260869565217392,10.11111111111111,13.375,0.7222222222222222,0.5416666666666666,0.0,23.0,,0.38461538461538464,3.0,2.0,-1.0,123.0,0.45454545454545453
2005,Texas Tech,11,11,0.8181818181818182,42.09090909090909,19.363636363636363,22.72727272727273,21.403058405071672,30.043604674176198,511.0,328.1818181818182,426.27272727272725,175.63636363636363,107.36363636363636,156.36363636363637,150.60544478869284,4.158450704225352,4.047058823529412,8.494565217391305,5.567723342939481,0.6793478260869565,0.5446685878962536,27.636363636363637,19.363636363636363,0.3712121212121212,0.3202614379084967,1.8181818181818181,2.727272727272727,0.909090909090909,0.0,0.45454545454545453
2005,Toledo,11,11,0.7272727272727273,34.90909090909091,22.545454545454547,12.36363636363636,15.648990673232223,23.074976607887287,445.1818181818182,322.45454545454544,232.27272727272728,205.0909090909091,221.63636363636363,131.27272727272728,102.63607375754218,5.405764966740577,3.565432098765432,7.384393063583815,6.501440922190202,0.6416184971098265,0.5706051873198847,23.636363636363637,17.545454545454547,0.432258064516129,0.35714285714285715,1.5454545454545454,2.090909090909091,0.5454545454545454,0.0,0.378099173553719
2005,Troy,11,11,0.36363636363636365,15.909090909090908,23.181818181818183,-7.272727272727275,9.812793134011798,16.260940373120548,285.09090909090907,327.27272727272725,189.27272727272728,192.72727272727272,118.18181818181819,143.45454545454547,65.13594176098867,3.0232558139534884,3.7216981132075473,6.9865771812080535,6.523076923076923,0.5033557046979866,0.5846153846153846,17.0,17.90909090909091,0.3057324840764331,0.35526315789473684,2.3636363636363638,1.5454545454545454,-0.8181818181818183,0.0,0.396694214876033
2005,Tulane,11,11,0.18181818181818182,21.272727272727273,31.636363636363637,-10.363636363636363,8.33175742674868,15.035110423756304,320.90909090909093,372.09090909090907,249.1818181818182,187.54545454545453,89.0,193.54545454545453,90.6724374277592,2.870967741935484,4.598272138228942,6.479905437352246,7.213286713286713,0.5153664302600472,0.583916083916084,17.90909090909091,18.0,0.39080459770114945,0.4154929577464789,2.3636363636363638,1.2727272727272727,-1.090909090909091,0.0,0.45179063360881544
2005,Tulsa,12,12,0.6666666666666666,33.25,23.416666666666668,9.833333333333332,13.34251577749591,22.323380867004293,399.9166666666667,342.25,247.0,201.16666666666666,163.5,161.41666666666666,51.77830070833171,4.237580993520519,4.266519823788546,7.820580474934037,7.359756097560975,0.6253298153034301,0.5304878048780488,20.333333333333332,17.25,0.4540540540540541,0.3575757575757576,1.5,3.0,1.5,0.0,0.47222222222222215
2005,UAB,11,10,0.45454545454545453,27.90909090909091,24.0,3.90909090909091,9.741196491751364,11.432012468979776,440.8,360.8,309.4,220.0,137.9,147.8,62.70353525387012,4.322884012539185,3.941333333333333,8.317204301075268,7.482993197278912,0.6290322580645161,0.6054421768707483,22.4,18.3,0.36363636363636365,0.4074074074074074,1.6,1.8,0.19999999999999996,0.0,0.42424242424242425
2005,UC-Davis,1,1,1.0,20.0,17.0,3.0,,,408.0,192.0,235.0,139.0,157.0,74.0,,3.4130434782608696,2.466666666666667,5.340909090909091,6.619047619047619,0.5227272727272727,0.38095238095238093,21.0,12.0,,0.25,3.0,4.0,1.0,28.0,0.45454545454545453
2005,UCF,12,12,0.6666666666666666,27.083333333333332,27.0,0.08333333333333215,7.166314297186567,13.138827492542395,388.5,403.5833333333333,250.5,255.08333333333334,159.83333333333334,163.08333333333334,84.81369957951155,3.7387914230019494,4.593896713615023,8.396648044692737,7.909560723514212,0.5977653631284916,0.5839793281653747,20.583333333333332,20.833333333333332,0.3783783783783784,0.3630573248407643,1.9166666666666667,2.8333333333333335,0.9166666666666667,0.0,0.4646464646464646
2005,UCLA,11,11,0.8181818181818182,38.09090909090909,33.81818181818182,4.272727272727273,15.148957359861738,25.97341297977957,429.0,457.54545454545456,293.72727272727275,231.54545454545453,147.0909090909091,238.63636363636363,118.0804810288305,4.191709844559585,5.379098360655738,8.852054794520548,7.469208211143695,0.6493150684931507,0.6041055718475073,21.636363636363637,23.90909090909091,0.36666666666666664,0.38271604938271603,1.1818181818181819,1.9090909090909092,0.7272727272727273,0.0,0.45936639118457295
2005,UL-Lafayette,11,11,0.5454545454545454,26.0,27.636363636363637,-1.6363636363636367,16.437761404765553,24.49601080695682,386.6363636363636,370.72727272727275,136.63636363636363,206.0909090909091,254.27272727272728,180.54545454545453,110.07113402456861,5.267419962335216,4.462921348314607,6.341772151898734,7.710884353741497,0.5738396624472574,0.5782312925170068,20.727272727272727,18.454545454545453,0.4206896551724138,0.39705882352941174,1.9090909090909092,1.6363636363636365,-0.2727272727272727,0.0,0.4614325068870524
2005,UL-Monroe,11,11,0.45454545454545453,21.727272727272727,30.818181818181817,-9.09090909090909,10.479417055265134,21.28123373047035,351.1818181818182,400.45454545454544,216.54545454545453,222.45454545454547,141.0,190.0909090909091,99.6993662786461,3.8582089552238807,4.626106194690266,5.881481481481481,7.893548387096774,0.5358024691358024,0.5806451612903226,20.272727272727273,20.545454545454547,0.38953488372093026,0.44360902255639095,2.4545454545454546,2.4545454545454546,0.0,0.0,0.4269972451790634
2005,UNLV,11,11,0.18181818181818182,18.818181818181817,34.63636363636363,-15.818181818181817,9.907756373853585,18.25824844730831,325.1818181818182,405.6363636363636,240.45454545454547,264.27272727272725,108.0,155.54545454545453,98.81985446439208,3.2459016393442623,3.64818763326226,6.713197969543147,9.112852664576803,0.5456852791878173,0.658307210031348,18.363636363636363,22.636363636363637,0.32941176470588235,0.4090909090909091,2.272727272727273,1.4545454545454546,-0.8181818181818183,0.0,0.4924242424242424
2005,USC,12,11,1.0,50.0,21.333333333333332,28.666666666666668,11.931623375033103,16.316936729742633,565.2727272727273,350.1818181818182,312.72727272727275,257.45454545454544,259.90909090909093,110.27272727272727,116.24034661776513,6.587557603686636,3.2346666666666666,8.664987405541561,7.317829457364341,0.6397984886649875,0.58656330749354,27.818181818181817,20.181818181818183,0.5107913669064749,0.37012987012987014,1.1818181818181819,3.272727272727273,2.090909090909091,0.0,0.5372474747474748
2005,USF,11,11,0.5454545454545454,25.09090909090909,18.363636363636363,6.727272727272727,13.859686471594841,20.010451814443915,352.3636363636364,313.0,155.27272727272728,186.8181818181818,209.0909090909091,144.0909090909091,87.29521490582715,4.299065420560748,3.9824120603015074,6.256410256410256,7.110726643598616,0.48717948717948717,0.5224913494809689,19.0,16.272727272727273,0.3743016759776536,0.2357142857142857,2.0,3.090909090909091,1.0909090909090908,0.0,0.5564738292011019
2005,UTEP,11,10,0.7272727272727273,33.54545454545455,24.181818181818183,9.363636363636363,9.740263203462588,17.895657167439968,431.6,359.2,321.5,215.0,124.9,157.1,94.01441969778416,3.8549382716049383,3.7583732057416266,8.808219178082192,6.160458452722063,0.5972602739726027,0.5616045845272206,22.4,19.5,0.362962962962963,0.3333333333333333,3.1,1.8,-1.3,8.5,0.349862258953168
2005,Utah,11,11,0.5454545454545454,29.272727272727273,25.363636363636363,3.90909090909091,10.344959246811069,13.389955529833141,466.0,372.8181818181818,302.3636363636364,235.63636363636363,179.36363636363637,152.27272727272728,78.85302784294339,4.298474945533769,4.0264423076923075,8.916890080428955,7.301408450704225,0.6112600536193029,0.5521126760563381,22.09090909090909,19.545454545454547,0.37572254335260113,0.3795180722891566,2.272727272727273,1.9090909090909092,-0.36363636363636376,0.0,0.4428374655647383
2005,Utah State,11,11,0.2727272727272727,18.90909090909091,32.72727272727273,-13.818181818181817,8.263831380837164,15.058673127591165,317.0,405.6363636363636,216.1818181818182,276.27272727272725,117.0,144.0909090909091,74.16198487095663,2.9383561643835616,3.9135802469135803,7.745928338762215,8.213513513513513,0.6026058631921825,0.6216216216216216,18.181818181818183,21.727272727272727,0.35,0.43209876543209874,1.8181818181818181,1.5454545454545454,-0.2727272727272727,0.0,0.4724517906336088
2005,Vanderbilt,11,11,0.45454545454545453,27.181818181818183,29.181818181818183,-2.0,11.373813624446129,13.579396157414365,395.6363636363636,393.72727272727275,298.90909090909093,232.72727272727272,115.0909090909091,169.9090909090909,109.78093889858359,3.5069252077562325,4.492788461538462,7.0406852248394,7.852760736196319,0.5867237687366167,0.5766871165644172,23.363636363636363,18.09090909090909,0.44047619047619047,0.3724137931034483,1.5454545454545454,1.4545454545454546,-0.09090909090909083,0.0,0.465564738292011
2005,Villanova,1,1,0.0,6.0,38.0,-32.0,,,444.0,372.0,321.0,294.0,85.0,96.0,,2.7419354838709675,2.909090909090909,5.944444444444445,10.5,0.6111111111111112,0.6785714285714286,28.0,24.0,0.4,0.5555555555555556,1.0,0.0,-1.0,78.0,0.6363636363636364
2005,Virginia,11,11,0.5454545454545454,26.0,22.545454545454547,3.4545454545454533,12.617448236470002,22.778778002182804,356.54545454545456,366.1818181818182,226.72727272727272,228.0909090909091,145.72727272727272,146.9090909090909,78.20532416193112,3.816666666666667,3.9901234567901236,7.557575757575758,6.708556149732621,0.6,0.6203208556149733,19.545454545454547,20.454545454545453,0.4121212121212121,0.4,1.5454545454545454,2.0,0.4545454545454546,5.2727272727272725,0.49173553719008267
2005,Virginia Military,1,1,0.0,14.0,40.0,-26.0,,,179.0,351.0,75.0,126.0,70.0,235.0,,2.0588235294117645,5.222222222222222,3.409090909090909,5.478260869565218,0.6363636363636364,0.5652173913043478,12.0,21.0,0.2857142857142857,0.38461538461538464,3.0,3.0,0.0,24.0,0.09090909090909091
2005,Virginia Tech,12,12,0.8333333333333334,33.75,12.0,21.75,13.619004101889121,20.675523517610692,380.1666666666667,239.66666666666666,205.66666666666666,164.83333333333334,191.0,90.58333333333333,106.31243263764279,4.159709618874773,2.922043010752688,8.814285714285715,5.651428571428571,0.6071428571428571,0.5057142857142857,21.75,13.25,0.40384615384615385,0.30994152046783624,1.6666666666666667,2.0,0.33333333333333326,0.0,0.547979797979798
2005,Wake Forest,11,11,0.36363636363636365,24.454545454545453,28.727272727272727,-4.272727272727273,12.612403707173636,19.251446226665202,358.8181818181818,386.1818181818182,183.1818181818182,261.6363636363636,197.54545454545453,133.45454545454547,111.11419187648188,4.139047619047619,3.978319783197832,6.9006849315068495,7.249370277078086,0.589041095890411,0.5491183879093199,18.272727272727273,20.09090909090909,0.3333333333333333,0.3269230769230769,1.9090909090909092,1.6363636363636365,-0.2727272727272727,0.0,0.5564738292011019
2005,Washington,11,11,0.18181818181818182,21.545454545454547,30.636363636363637,-9.09090909090909,8.066766841351452,20.78198520572347,358.0,419.09090909090907,236.72727272727272,290.1818181818182,135.1818181818182,143.36363636363637,79.6203491577373,3.913157894736842,3.763723150357995,8.037037037037036,8.422163588390502,0.5246913580246914,0.6675461741424802,17.454545454545453,22.454545454545453,0.3076923076923077,0.43870967741935485,2.0,1.6363636363636365,-0.36363636363636354,0.0,0.5785123966942148
2005,Washington State,11,9,0.36363636363636365,33.45454545454545,31.454545454545453,2.0,12.242251723956965,22.11334438749598,515.8888888888889,408.8888888888889,308.0,278.55555555555554,218.33333333333334,136.55555555555554,71.75033875258787,5.3108108108108105,3.442577030812325,8.58204334365325,7.574018126888218,0.5603715170278638,0.56797583081571,24.22222222222222,21.0,0.4074074074074074,0.3700787401574803,2.111111111111111,1.6666666666666667,-0.4444444444444444,0.0,0.5371900826446281
2005,Weber State,1,1,0.0,17.0,55.0,-38.0,,,338.0,357.0,256.0,200.0,77.0,157.0,,2.2,5.233333333333333,6.095238095238095,9.090909090909092,0.5476190476190477,0.7272727272727273,20.0,18.0,0.4444444444444444,0.4,1.0,0.0,-1.0,63.0,0.6666666666666666
2005,West Virginia,11,11,0.9090909090909091,31.545454545454547,16.272727272727273,15.272727272727273,11.299235694184242,16.217835300007884,378.6363636363636,293.45454545454544,123.54545454545455,207.27272727272728,262.45454545454544,99.27272727272727,76.33121606167785,5.137010676156583,2.5754716981132075,7.592178770949721,6.765578635014837,0.6201117318435754,0.5964391691394659,18.09090909090909,16.818181818181817,0.41875,0.34911242603550297,1.5454545454545454,2.6363636363636362,1.0909090909090908,0.0,0.4641873278236915
2005,Western Carolina,1,1,0.0,3.0,7.0,-4.0,,,284.0,273.0,182.0,108.0,82.0,185.0,,2.411764705882353,4.512195121951219,4.55,4.5,0.5,0.4166666666666667,0.0,16.0,,0.23076923076923078,3.0,2.0,-1.0,55.0,0.36363636363636365
2005,Western Illinois,1,1,0.0,14.0,62.0,-48.0,,,303.0,401.0,215.0,196.0,64.0,210.0,,1.5609756097560976,5.675675675675675,7.413793103448276,7.538461538461538,0.6206896551724138,0.6153846153846154,0.0,23.0,,0.5384615384615384,6.0,1.0,-5.0,78.0,0.7272727272727273
2005,Western Kentucky,2,2,0.0,24.5,37.5,-13.0,14.849242404917497,14.142135623730951,344.5,450.5,162.5,262.0,188.5,188.5,3.5355339059327378,4.833333333333333,4.833333333333333,9.027777777777779,9.03448275862069,0.6388888888888888,0.603448275862069,16.5,22.0,0.44,0.4583333333333333,1.5,1.0,-0.5,0.0,0.6363636363636364
2005,Western Michigan,11,11,0.6363636363636364,32.18181818181818,31.09090909090909,1.09090909090909,14.600124532470137,21.384361320621878,392.45454545454544,450.54545454545456,258.09090909090907,321.8181818181818,145.9090909090909,147.36363636363637,76.2421978124498,3.758782201405152,3.717889908256881,7.374025974025974,8.119266055045872,0.6311688311688312,0.6215596330275229,21.09090909090909,22.363636363636363,0.38650306748466257,0.41566265060240964,2.0,2.4545454545454546,0.4545454545454546,0.0,0.35055096418732784
2005,William & Mary,1,1,0.0,24.0,36.0,-12.0,,,359.0,380.0,193.0,313.0,155.0,67.0,,4.1891891891891895,2.161290322580645,5.514285714285714,7.825,0.5142857142857142,0.65,0.0,24.0,,0.25,3.0,3.0,0.0,18.0,0.36363636363636365
2005,Wisconsin,12,12,0.75,35.166666666666664,24.916666666666668,10.249999999999996,17.303879403886356,20.898564544006366,383.9166666666667,432.5,240.66666666666666,275.6666666666667,161.58333333333334,173.25,94.45870510279596,3.658490566037736,4.768348623853211,9.316129032258065,7.467268623024831,0.5967741935483871,0.5214446952595937,21.083333333333332,20.833333333333332,0.449438202247191,0.3924731182795699,1.1666666666666667,2.1666666666666665,0.9999999999999998,0.0,0.48926767676767674
2005,Wofford,1,1,0.0,7.0,35.0,-28.0,,,154.0,511.0,52.0,172.0,78.0,339.0,,1.7333333333333334,5.296875,4.333333333333333,9.555555555555555,0.5,0.6666666666666666,10.0,24.0,0.42857142857142855,0.5263157894736842,4.0,0.0,-4.0,35.0,0.9090909090909091
2005,Wyoming,11,11,0.36363636363636365,24.636363636363637,27.0,-2.3636363636363633,9.636106343048807,19.91618802518558,363.1818181818182,377.1818181818182,261.45454545454544,222.0909090909091,117.45454545454545,169.8181818181818,81.45528611676248,3.6292134831460676,3.8515463917525774,7.628647214854111,7.0201149425287355,0.5915119363395226,0.5603448275862069,19.454545454545453,20.545454545454547,0.3576158940397351,0.3563218390804598,3.0,1.9090909090909092,-1.0909090909090908,0.0,0.5006887052341598
2005,Youngstown State,1,1,0.0,0.0,41.0,-41.0,,,152.0,528.0,36.0,320.0,109.0,221.0,,3.5161290322580645,5.1395348837209305,1.44,13.333333333333334,0.32,0.625,0.0,25.0,,0.4166666666666667,1.0,2.0,1.0,89.0,0.45454545454545453
2006,Air Force,12,12,0.3333333333333333,23.25,25.166666666666668,-1.9166666666666679,10.471823666825703,16.88710284282779,330.5833333333333,354.6666666666667,109.75,222.41666666666666,229.33333333333334,141.25,83.81848172561872,4.16969696969697,4.0843373493975905,9.020547945205479,8.808580858085808,0.5753424657534246,0.6666666666666666,20.083333333333332,19.166666666666668,0.5459770114942529,0.5602836879432624,1.1666666666666667,1.6666666666666667,0.5,34.166666666666664,0.5486111111111112
2006,Akron,12,12,0.4166666666666667,19.666666666666668,22.583333333333332,-2.9166666666666643,10.342615576811165,14.04187460506048,310.4166666666667,322.4166666666667,247.08333333333334,193.58333333333334,83.75,136.25,104.30502326728028,2.7534246575342465,3.3711340206185567,7.721354166666667,6.913690476190476,0.5260416666666666,0.5535714285714286,17.166666666666668,17.916666666666668,0.27848101265822783,0.358695652173913,1.6666666666666667,1.8333333333333333,0.16666666666666652,72.75,0.44871794871794873
2006,Alabama,12,12,0.5,22.25,18.0,4.25,9.992042288286667,16.641268526822653,340.9166666666667,287.5833333333333,233.33333333333334,177.66666666666666,124.33333333333333,117.75,71.49756300148638,3.543942992874109,3.839673913043478,7.777777777777778,7.083056478405315,0.5722222222222222,0.5614617940199336,19.083333333333332,14.416666666666666,0.4,0.3288590604026846,1.75,2.1666666666666665,0.4166666666666665,41.833333333333336,0.5090811965811967
2006,Alabama State,1,1,0.0,0.0,38.0,-38.0,,,134.0,429.0,55.0,202.0,65.0,238.0,,1.9696969696969697,6.2631578947368425,2.5,5.17948717948718,0.5,0.6410256410256411,8.0,24.0,,0.5625,1.0,4.0,3.0,64.0,0.5833333333333334
2006,Alcorn State,1,1,0.0,6.0,24.0,-18.0,,,205.0,310.0,153.0,136.0,40.0,179.0,,1.5384615384615385,3.891304347826087,4.636363636363637,6.8,0.5151515151515151,0.55,9.0,16.0,,0.38461538461538464,5.0,4.0,-1.0,55.0,0.3333333333333333
2006,Appalachian State,1,1,0.0,10.0,23.0,-13.0,,,133.0,242.0,32.0,38.0,67.0,206.0,,1.8108108108108107,4.681818181818182,2.0,2.923076923076923,0.3125,0.5384615384615384,0.0,13.0,,0.25,2.0,4.0,2.0,44.0,0.25
2006,Arizona,12,12,0.5,16.583333333333332,19.583333333333332,-3.0,10.774197572595991,19.207006297418943,252.83333333333334,326.25,189.41666666666666,214.0,84.16666666666667,119.66666666666667,81.71662046735695,2.6649076517150396,3.8915989159891597,6.384831460674158,7.173184357541899,0.5365168539325843,0.61731843575419,14.416666666666666,16.0,0.3063583815028902,0.3873239436619718,1.5,2.3333333333333335,0.8333333333333335,47.75,0.5576923076923077
2006,Arizona State,12,12,0.5833333333333334,27.0,23.75,3.25,13.5847508091041,26.070272167913608,365.3333333333333,298.0833333333333,214.41666666666666,189.58333333333334,167.16666666666666,116.83333333333333,115.92186501207954,4.351409978308026,3.54040404040404,7.96594427244582,6.57514450867052,0.5479876160990712,0.5144508670520231,19.25,16.0,0.37579617834394907,0.3509933774834437,2.0,2.0833333333333335,0.08333333333333348,67.75,0.4813034188034188
2006,Arkansas,13,13,0.7692307692307693,30.0,18.384615384615383,11.615384615384617,12.489995996796795,23.092345274060193,378.7692307692308,306.3076923076923,155.0,194.3846153846154,228.23076923076923,123.6923076923077,86.12892840208978,5.875247524752475,3.7136258660508084,7.462962962962963,6.349246231155779,0.5148148148148148,0.5025125628140703,17.76923076923077,17.53846153846154,0.43506493506493504,0.3218390804597701,1.7692307692307692,1.4615384615384615,-0.3076923076923077,47.69230769230769,0.5069033530571991
2006,Arkansas State,12,12,0.5,15.166666666666666,24.083333333333332,-8.916666666666666,11.683969852543763,22.661374159301964,312.25,309.4166666666667,164.66666666666666,169.75,167.66666666666666,148.5,111.55440987982664,3.9684418145956606,4.534351145038168,6.586666666666667,7.353790613718411,0.48,0.5703971119133574,18.666666666666668,15.5,0.4318181818181818,0.3795620437956204,2.75,2.3333333333333335,-0.4166666666666665,49.5,0.40972222222222227
2006,Army,12,12,0.25,19.333333333333332,27.916666666666668,-8.583333333333336,15.470401847829725,24.284144970941366,261.0,354.8333333333333,145.5,160.33333333333334,127.58333333333333,198.83333333333334,73.51190379795642,3.671462829736211,4.781563126252505,5.959044368600683,7.17910447761194,0.5563139931740614,0.6231343283582089,15.583333333333334,19.166666666666668,0.3741935483870968,0.40397350993377484,3.25,1.5833333333333333,-1.6666666666666667,36.0,0.5069444444444444
2006,Auburn,12,12,0.8333333333333334,25.416666666666668,13.916666666666666,11.500000000000002,10.925019936185956,18.047916021725964,330.4166666666667,297.4166666666667,186.58333333333334,186.58333333333334,154.91666666666666,125.91666666666667,110.666130429515,4.273563218390804,3.8156565656565657,8.578544061302683,7.176282051282051,0.6168582375478927,0.5480769230769231,17.333333333333332,16.75,0.4097222222222222,0.3881578947368421,1.4166666666666667,2.4166666666666665,0.9999999999999998,45.833333333333336,0.5299145299145299
2006,BYU,12,12,0.8333333333333334,36.666666666666664,15.25,21.416666666666664,12.886450483380054,17.783845239856074,458.5833333333333,324.0833333333333,329.0833333333333,220.83333333333334,139.33333333333334,115.75,91.82043576591445,4.1182266009852215,3.6746031746031744,9.750617283950618,6.447688564476886,0.6987654320987654,0.5571776155717761,23.083333333333332,18.666666666666668,0.5657894736842105,0.32919254658385094,1.0,2.1666666666666665,1.1666666666666665,56.583333333333336,0.4583333333333333
2006,Ball State,12,12,0.4166666666666667,27.166666666666668,25.75,1.4166666666666679,11.440226740707017,14.908559672723301,351.25,433.5,276.75,266.8333333333333,91.91666666666667,175.66666666666666,77.8368048022154,3.0136612021857925,4.948356807511737,8.90348525469169,8.126903553299492,0.6219839142091153,0.6370558375634517,17.083333333333332,20.666666666666668,0.32679738562091504,0.39072847682119205,1.4166666666666667,1.5,0.08333333333333326,42.25,0.47702991452991456
2006,Baylor,12,12,0.3333333333333333,23.583333333333332,32.583333333333336,-9.000000000000004,11.555859067498131,22.31183949875451,315.1666666666667,408.1666666666667,301.1666666666667,220.5,40.166666666666664,191.08333333333334,82.74477004437784,2.051063829787234,4.973969631236442,7.086274509803921,7.269230769230769,0.6019607843137255,0.5769230769230769,17.333333333333332,20.416666666666668,0.38181818181818183,0.4233128834355828,3.0833333333333335,2.25,-0.8333333333333335,52.083333333333336,0.5219017094017094
2006,Boise State,12,12,1.0,39.416666666666664,15.583333333333334,23.83333333333333,10.439943689619415,14.54668555396935,424.25,273.75,212.25,206.41666666666666,222.83333333333334,82.0,79.34404371297995,5.182170542635659,3.0464396284829722,9.228260869565217,6.786301369863014,0.6666666666666666,0.5698630136986301,21.5,13.916666666666666,0.45,0.3333333333333333,1.5,2.4166666666666665,0.9166666666666665,48.75,0.4310897435897436
2006,Boston College,12,12,0.75,26.083333333333332,15.0,11.083333333333332,9.159777025207282,14.022438727938443,356.1666666666667,303.8333333333333,254.41666666666666,224.91666666666666,115.41666666666667,91.25,85.2865046697769,3.419753086419753,3.192419825072886,7.133177570093458,6.106334841628959,0.616822429906542,0.5972850678733032,19.916666666666668,16.25,0.38372093023255816,0.34104046242774566,1.6666666666666667,3.0833333333333335,1.4166666666666667,45.083333333333336,0.4962606837606838
2006,Bowling Green,12,12,0.3333333333333333,19.5,28.333333333333332,-8.833333333333332,12.674240160118618,14.751476556808155,345.75,318.5,178.08333333333334,190.08333333333334,176.66666666666666,144.25,85.91552404965749,4.198019801980198,4.121428571428571,6.1585014409221905,7.758503401360544,0.5619596541786743,0.6394557823129252,18.833333333333332,16.833333333333332,0.40860215053763443,0.4041095890410959,1.75,1.5833333333333333,-0.16666666666666674,48.166666666666664,0.42788461538461536
2006,Buffalo,12,12,0.16666666666666666,18.333333333333332,35.916666666666664,-17.583333333333332,14.2403609079222,19.625856476195946,268.1666666666667,390.4166666666667,196.0,219.83333333333334,90.16666666666667,184.83333333333334,99.27082637762702,2.8473684210526318,4.689217758985201,6.6440677966101696,9.592727272727272,0.5649717514124294,0.6690909090909091,14.916666666666666,18.416666666666668,0.32051282051282054,0.375,2.1666666666666665,1.75,-0.4166666666666665,46.25,0.532051282051282
2006,Cal Poly SLO,2,2,0.5,11.5,15.5,-4.0,6.363961030678928,8.48528137423857,252.0,312.5,103.0,175.5,141.0,158.0,45.254833995939045,3.397590361445783,3.95,5.5675675675675675,7.468085106382978,0.3783783783783784,0.6382978723404256,7.5,16.0,,0.2962962962962963,2.5,1.5,-1.0,15.0,0.4583333333333333
2006,California,12,12,0.75,31.833333333333332,20.083333333333332,11.75,12.797963853202539,15.966584424410193,411.0,367.6666666666667,261.75,252.75,156.25,122.25,79.28429857165919,4.746835443037975,3.74234693877551,8.074550128534705,7.737244897959184,0.5809768637532133,0.5586734693877551,20.083333333333332,18.083333333333332,0.4267515923566879,0.32051282051282054,1.9166666666666667,2.3333333333333335,0.41666666666666674,48.75,0.5299145299145299
2006,Central Michigan,13,13,0.6923076923076923,29.615384615384617,22.923076923076923,6.692307692307693,12.14865192479164,17.12398228306632,380.2307692307692,343.2307692307692,266.6923076923077,227.30769230769232,127.84615384615384,131.53846153846155,94.36909261525004,4.2615384615384615,3.592436974789916,8.235154394299288,6.640449438202247,0.6270783847980997,0.6179775280898876,18.46153846153846,20.153846153846153,0.3939393939393939,0.3891891891891892,1.8461538461538463,2.230769230769231,0.3846153846153846,49.07692307692308,0.46992110453648916
2006,Chattanooga,1,1,0.0,14.0,33.0,-19.0,,,249.0,427.0,111.0,334.0,138.0,99.0,,4.928571428571429,3.09375,4.111111111111111,10.4375,0.5555555555555556,0.65625,12.0,22.0,,0.4166666666666667,1.0,2.0,1.0,69.0,0.16666666666666666
2006,Cincinnati,12,12,0.5833333333333334,20.583333333333332,19.25,1.3333333333333321,7.102603022622742,18.748737331221843,339.9166666666667,304.25,219.83333333333334,208.83333333333334,134.25,107.5,72.69545231910169,3.363256784968685,3.675213675213675,8.564935064935066,6.7005347593582885,0.6071428571428571,0.5213903743315508,16.75,14.916666666666666,0.40555555555555556,0.3333333333333333,2.1666666666666665,1.75,-0.4166666666666665,60.833333333333336,0.5694444444444445
2006,Citadel,2,2,0.0,4.5,43.0,-38.5,2.1213203435596424,9.192388155425117,197.5,445.0,101.5,287.0,84.0,164.5,64.34671708797582,2.5846153846153848,4.2727272727272725,3.171875,12.212765957446809,0.5625,0.723404255319149,0.0,21.5,,0.45454545454545453,1.5,2.5,1.0,47.5,0.625
2006,Clemson,12,11,0.6666666666666666,33.75,15.166666666666666,18.583333333333336,17.59713303095396,24.795374690869387,398.27272727272725,274.54545454545456,191.0909090909091,186.0909090909091,215.0,102.63636363636364,97.31710117866326,5.564705882352941,2.8654822335025383,7.643636363636364,6.18429003021148,0.5927272727272728,0.5438066465256798,18.454545454545453,16.272727272727273,0.410958904109589,0.36585365853658536,2.0,2.727272727272727,0.7272727272727271,36.45454545454545,0.5085470085470085
2006,Colorado,12,12,0.16666666666666666,16.333333333333332,22.25,-5.916666666666668,10.298573010888743,14.349268801981344,291.0,340.9166666666667,132.83333333333334,239.83333333333334,172.5,112.41666666666667,104.48053320203636,4.490238611713666,3.290243902439024,6.275590551181103,7.37948717948718,0.468503937007874,0.6692307692307692,15.166666666666666,17.166666666666668,0.3333333333333333,0.4875,1.3333333333333333,2.0833333333333335,0.7500000000000002,46.583333333333336,0.593482905982906
2006,Colorado State,12,12,0.3333333333333333,16.833333333333332,21.916666666666668,-5.083333333333336,11.002754476066713,17.758267387503224,294.5833333333333,330.3333333333333,242.41666666666666,189.5,76.5,149.08333333333334,78.343600229819,2.467741935483871,4.084474885844749,8.013774104683195,7.288461538461538,0.6088154269972452,0.5769230769230769,16.333333333333332,17.083333333333332,0.4067796610169492,0.4014084507042254,1.5,1.0833333333333333,-0.41666666666666674,37.833333333333336,0.4305555555555556
2006,Connecticut,12,12,0.3333333333333333,21.416666666666668,27.0,-5.583333333333332,13.385598321488748,21.064655159050123,323.9166666666667,358.0833333333333,156.5,189.83333333333334,182.91666666666666,179.58333333333334,104.88734938306936,4.516460905349795,4.498956158663883,6.0,8.164874551971327,0.5143769968051118,0.5663082437275986,16.583333333333332,15.5,0.35,0.33125,1.8333333333333333,1.6666666666666667,-0.16666666666666652,42.166666666666664,0.577457264957265
2006,Duke,12,12,0.0,14.916666666666666,33.833333333333336,-18.91666666666667,13.055534064027013,12.398374771303574,283.4166666666667,395.3333333333333,206.33333333333334,234.0,98.25,168.0,92.82285997174043,2.8616504854368934,4.571428571428571,6.916201117318436,8.186588921282798,0.5279329608938548,0.6005830903790087,16.166666666666668,19.583333333333332,0.30120481927710846,0.4507042253521127,2.75,1.8333333333333333,-0.9166666666666667,46.583333333333336,0.6143162393162394
2006,East Carolina,12,12,0.5833333333333334,22.75,20.5,2.25,9.724617309600507,12.454462508018414,350.75,332.9166666666667,243.5,196.33333333333334,120.66666666666667,144.25,60.58521421781211,3.464114832535885,3.9976905311778292,7.569948186528498,6.581005586592179,0.5958549222797928,0.5865921787709497,20.166666666666668,19.166666666666668,0.4378698224852071,0.3885350318471338,1.8333333333333333,2.25,0.41666666666666674,40.5,0.48183760683760685
2006,Eastern Illinois,1,1,0.0,17.0,42.0,-25.0,,,293.0,519.0,180.0,181.0,106.0,345.0,,3.212121212121212,7.1875,8.181818181818182,8.619047619047619,0.5454545454545454,0.7142857142857143,0.0,24.0,,0.7272727272727273,2.0,3.0,1.0,25.0,0.16666666666666666
2006,Eastern Kentucky,1,1,0.0,0.0,31.0,-31.0,,,250.0,411.0,150.0,292.0,73.0,129.0,,2.3548387096774195,3.5833333333333335,4.545454545454546,8.588235294117647,0.5151515151515151,0.5588235294117647,15.0,19.0,0.35714285714285715,0.4166666666666667,3.0,0.0,-3.0,39.0,0.5833333333333334
2006,Eastern Michigan,12,12,0.08333333333333333,13.916666666666666,26.833333333333332,-12.916666666666666,6.934214687571574,11.547989461636194,276.25,388.3333333333333,183.58333333333334,195.08333333333334,105.75,201.33333333333334,92.49287441842111,3.393048128342246,4.822355289421158,5.954054054054054,7.338557993730408,0.5864864864864865,0.6363636363636364,15.416666666666666,20.083333333333332,0.29878048780487804,0.41875,1.75,1.4166666666666667,-0.33333333333333326,58.666666666666664,0.5181623931623932
2006,Eastern Washington,2,2,0.0,10.0,54.0,-44.0,9.899494936611665,7.0710678118654755,155.5,537.0,105.5,239.5,31.0,301.5,41.71930009000631,1.2156862745098038,6.28125,3.7017543859649122,9.037735849056604,0.47368421052631576,0.6981132075471698,11.0,27.0,0.3333333333333333,0.6,2.5,1.0,-1.5,44.0,0.7628205128205128
2006,FIU,12,12,0.0,9.583333333333334,26.083333333333332,-16.5,9.365879401833924,14.50705157688996,233.08333333333334,300.9166666666667,194.66666666666666,162.91666666666666,56.833333333333336,153.25,66.07359303813965,2.280936454849498,3.6415841584158417,5.7254901960784315,6.582491582491582,0.5392156862745098,0.5656565656565656,12.416666666666666,17.5,0.23493975903614459,0.39080459770114945,2.4166666666666665,1.5,-0.9166666666666665,62.5,0.4861111111111111
2006,Florida,13,13,0.9230769230769231,28.846153846153847,13.461538461538462,15.384615384615385,12.601892409780854,19.04178940093981,397.84615384615387,267.38461538461536,249.69230769230768,206.53846153846155,160.3846153846154,74.23076923076923,112.88330711686747,4.815242494226328,2.7890173410404624,8.966850828729282,6.047297297297297,0.6325966850828729,0.5405405405405406,20.384615384615383,16.0,0.43243243243243246,0.3389830508474576,1.9230769230769231,2.076923076923077,0.15384615384615397,64.46153846153847,0.5616370808678501
2006,Florida A&M,1,1,0.0,10.0,51.0,-41.0,,,225.0,563.0,141.0,235.0,82.0,339.0,,3.5652173913043477,7.212765957446808,7.05,8.392857142857142,0.55,0.7142857142857143,13.0,31.0,,0.6,2.0,1.0,-1.0,64.0,0.5
2006,Florida Atlantic,12,12,0.4166666666666667,15.083333333333334,24.916666666666668,-9.833333333333334,11.468996415897896,28.99477486887887,297.3333333333333,334.0833333333333,203.0,181.58333333333334,109.5,163.33333333333334,84.1420155919668,2.9070796460176993,4.937027707808564,6.920454545454546,7.144262295081967,0.5369318181818182,0.5344262295081967,17.583333333333332,16.25,0.37142857142857144,0.3310344827586207,2.25,2.25,0.0,51.083333333333336,0.4236111111111111
2006,Florida State,12,12,0.5,25.083333333333332,19.25,5.833333333333332,15.453498181984754,21.070588434348412,322.0,278.9166666666667,236.75,210.91666666666666,95.83333333333333,84.08333333333333,121.10476306224969,3.4534534534534536,2.6139896373056994,7.174242424242424,6.695767195767195,0.5505050505050505,0.5608465608465608,15.833333333333334,15.333333333333334,0.3374233128834356,0.3142857142857143,2.1666666666666665,1.3333333333333333,-0.8333333333333333,53.333333333333336,0.5710470085470085
2006,Fresno State,12,12,0.3333333333333333,23.0,28.25,-5.25,9.380831519646858,18.6748493969831,338.1666666666667,362.9166666666667,164.41666666666666,235.25,180.0,140.75,87.46722329830273,5.023255813953488,4.180693069306931,6.127329192546584,7.734246575342466,0.5527950310559007,0.6383561643835617,17.416666666666668,19.0,0.37579617834394907,0.4573170731707317,1.6666666666666667,1.3333333333333333,-0.3333333333333335,36.333333333333336,0.5192307692307693
2006,Furman,1,1,0.0,42.0,45.0,-3.0,,,521.0,446.0,294.0,265.0,211.0,181.0,,4.586956521739131,5.027777777777778,10.88888888888889,13.25,0.7407407407407407,0.7,30.0,20.0,0.6923076923076923,0.6363636363636364,1.0,1.0,0.0,85.0,0.25
2006,Georgia,12,12,0.6666666666666666,24.666666666666668,17.083333333333332,7.583333333333336,11.146408580454255,16.533483014962716,318.1666666666667,261.9166666666667,192.25,162.25,131.66666666666666,114.33333333333333,72.54194189111105,4.01015228426396,3.3793103448275863,7.186915887850467,6.1613924050632916,0.5451713395638629,0.5316455696202531,17.25,14.75,0.4068965517241379,0.2706766917293233,2.6666666666666665,2.1666666666666665,-0.5,47.5,0.4748931623931624
2006,Georgia Tech,13,13,0.6923076923076923,24.153846153846153,16.846153846153847,7.307692307692307,14.35761211486874,14.539512918163245,320.2307692307692,289.6923076923077,169.69230769230768,221.53846153846155,162.6153846153846,88.92307692307692,97.28750677429744,4.279352226720648,2.89,6.488235294117647,6.457399103139013,0.45588235294117646,0.5134529147982063,16.846153846153847,14.846153846153847,0.3858695652173913,0.3314917127071823,1.6153846153846154,2.230769230769231,0.6153846153846154,52.0,0.5009861932938856
2006,Grambling State,1,1,0.0,22.0,42.0,-20.0,,,339.0,484.0,237.0,326.0,91.0,158.0,,2.6,5.096774193548387,9.115384615384615,9.055555555555555,0.6923076923076923,0.8333333333333334,18.0,31.0,0.3125,0.6666666666666666,1.0,2.0,1.0,50.0,0.7692307692307693
2006,Hawaii,12,12,0.75,47.583333333333336,25.333333333333332,22.250000000000004,15.848477605885128,23.199235880833346,548.1666666666666,383.9166666666667,431.5833333333333,271.9166666666667,124.0,122.58333333333333,73.8522275571395,5.858267716535433,3.5965770171149143,9.921455938697317,8.177944862155389,0.7203065134099617,0.5588972431077694,24.583333333333332,19.75,0.57,0.39473684210526316,2.0833333333333335,2.0833333333333335,0.0,60.5,0.46848290598290593
2006,Hofstra,1,1,0.0,31.0,54.0,-23.0,,,264.0,519.0,242.0,215.0,-5.0,313.0,,-0.2777777777777778,8.236842105263158,4.84,6.515151515151516,0.52,0.7575757575757576,15.0,26.0,0.13333333333333333,0.5,2.0,4.0,2.0,52.0,0.4166666666666667
2006,Houston,13,13,0.7692307692307693,32.76923076923077,21.923076923076923,10.846153846153843,9.86706513401905,11.922291123816162,439.84615384615387,339.0769230769231,284.38461538461536,207.15384615384616,170.84615384615384,139.92307692307693,91.40372544727609,4.8599562363238515,4.15296803652968,9.128395061728394,7.181333333333333,0.674074074074074,0.568,21.846153846153847,17.53846153846154,0.42857142857142855,0.4419889502762431,1.0769230769230769,1.8461538461538463,0.7692307692307694,57.53846153846154,0.44082840236686394
2006,Howard,1,1,0.0,7.0,56.0,-49.0,,,172.0,357.0,119.0,158.0,48.0,215.0,,1.5483870967741935,4.056603773584905,4.576923076923077,9.294117647058824,0.46153846153846156,0.5882352941176471,10.0,19.0,0.14285714285714285,0.46153846153846156,3.0,2.0,-1.0,83.0,0.8333333333333334
2006,Idaho,12,12,0.3333333333333333,16.916666666666668,34.75,-17.833333333333332,12.500606045914394,24.975745810443353,310.25,394.4166666666667,208.5,236.5,114.16666666666667,165.0,90.18680109034298,3.4335839598997495,4.852941176470588,7.23121387283237,7.97191011235955,0.48554913294797686,0.6264044943820225,15.916666666666666,20.583333333333332,0.3184713375796178,0.4444444444444444,2.25,2.3333333333333335,0.08333333333333348,70.0,0.46581196581196577
2006,Idaho State,2,2,0.0,17.0,40.5,-23.5,9.899494936611665,28.991378028648448,366.5,466.5,263.5,299.0,85.5,167.5,23.33452377915607,3.0535714285714284,4.589041095890411,7.219178082191781,7.973333333333334,0.589041095890411,0.6,20.0,22.5,0.38461538461538464,0.39285714285714285,2.0,0.5,-1.5,30.0,0.25
2006,Illinois,12,12,0.16666666666666666,19.583333333333332,26.75,-7.166666666666668,11.79721333299701,13.590326327832225,345.3333333333333,310.1666666666667,173.0,192.41666666666666,188.83333333333334,127.91666666666667,103.33910052332418,5.221198156682028,3.3225108225108224,6.253012048192771,6.892537313432836,0.42168674698795183,0.5552238805970149,16.5,16.083333333333332,0.3609467455621302,0.40828402366863903,3.0833333333333335,1.75,-1.3333333333333335,37.083333333333336,0.5534188034188033
2006,Illinois State,1,1,0.0,23.0,24.0,-1.0,,,346.0,207.0,236.0,173.0,93.0,44.0,,2.735294117647059,1.5714285714285714,6.2105263157894735,6.653846153846154,0.631578947368421,0.5769230769230769,0.0,13.0,,0.38461538461538464,2.0,2.0,0.0,7.0,0.5833333333333334
2006,Indiana,12,12,0.4166666666666667,23.083333333333332,32.833333333333336,-9.750000000000004,13.859413166989913,21.896969487289162,335.9166666666667,402.3333333333333,237.83333333333334,233.75,113.83333333333333,174.08333333333334,125.57320091436226,3.4846938775510203,4.6114790286975715,6.637209302325582,8.820754716981131,0.5395348837209303,0.6163522012578616,19.416666666666668,17.583333333333332,0.3333333333333333,0.41935483870967744,2.25,1.8333333333333333,-0.41666666666666674,42.5,0.6137820512820512
2006,Indiana State,2,2,0.0,24.5,54.0,-29.5,14.849242404917497,6.363961030678928,325.5,460.5,179.5,221.5,128.0,252.0,86.97413408594535,3.657142857142857,5.6,5.790322580645161,8.686274509803921,0.5967741935483871,0.6274509803921569,10.0,25.0,0.38461538461538464,0.696969696969697,2.0,0.0,-2.0,59.5,0.5993589743589745
2006,Iowa,12,12,0.5,23.833333333333332,20.25,3.583333333333332,11.792396111927637,17.557481354543754,385.0,340.9166666666667,245.58333333333334,210.58333333333334,148.0,138.91666666666666,98.34817556194743,4.4623115577889445,3.6318082788671022,7.4045226130653266,6.597911227154047,0.585427135678392,0.5613577023498695,20.333333333333332,19.416666666666668,0.39864864864864863,0.4147727272727273,2.6666666666666665,1.6666666666666667,-0.9999999999999998,44.666666666666664,0.5096153846153846
2006,Iowa State,12,12,0.3333333333333333,18.833333333333332,30.75,-11.916666666666668,10.196553190647169,12.645217085978205,314.5833333333333,391.5833333333333,229.91666666666666,248.75,101.75,153.83333333333334,70.52460348679529,3.0448877805486285,4.569306930693069,7.298941798941799,8.002680965147453,0.5634920634920635,0.7238605898123325,18.916666666666668,19.666666666666668,0.3860759493670886,0.44936708860759494,1.6666666666666667,1.25,-0.41666666666666674,35.75,0.48931623931623935
2006,Jacksonville State,1,1,0.0,3.0,35.0,-32.0,,,201.0,308.0,136.0,187.0,52.0,125.0,,1.625,3.676470588235294,5.230769230769231,7.48,0.46153846153846156,0.44,13.0,14.0,,0.2222222222222222,2.0,2.0,0.0,20.0,0.25
2006,Kansas,12,12,0.5,29.0,25.5,3.5,11.15184452741502,16.572156276005956,374.0833333333333,378.0833333333333,209.08333333333334,284.5833333333333,176.41666666666666,109.0,71.31678156880982,4.833333333333333,3.506702412868633,6.911845730027548,7.26595744680851,0.559228650137741,0.5276595744680851,18.666666666666668,19.0,0.3652694610778443,0.40476190476190477,2.75,2.5,-0.25,46.166666666666664,0.453525641025641
2006,Kansas State,12,12,0.5833333333333334,23.833333333333332,22.666666666666668,1.1666666666666643,14.496603572958568,20.23872675357965,328.0,334.5,220.75,205.83333333333334,122.16666666666667,143.41666666666666,59.0469766757406,4.176638176638177,3.947247706422018,6.774936061381074,6.938202247191011,0.5166240409207161,0.5842696629213483,16.166666666666668,16.583333333333332,0.3614457831325301,0.34415584415584416,2.4166666666666665,2.25,-0.16666666666666652,58.583333333333336,0.4743589743589743
2006,Kent State,12,12,0.5,17.833333333333332,20.083333333333332,-2.25,14.490331154590532,24.10629868651835,321.5833333333333,297.9166666666667,181.08333333333334,174.08333333333334,158.41666666666666,139.0,76.3573635591026,3.911522633744856,3.6740088105726874,8.138576779026216,6.4079754601226995,0.5355805243445693,0.5245398773006135,16.0,16.166666666666668,0.32450331125827814,0.3352941176470588,2.25,2.5833333333333335,0.3333333333333335,56.166666666666664,0.36324786324786323
2006,Kentucky,12,12,0.5833333333333334,26.583333333333332,29.083333333333332,-2.5,14.749165359025534,22.19950859406986,372.5,457.6666666666667,293.4166666666667,276.1666666666667,98.5,189.0,100.93607337860392,3.1859838274932613,5.028824833702883,8.65110565110565,9.029972752043596,0.6191646191646192,0.5776566757493188,19.416666666666668,21.916666666666668,0.3548387096774194,0.5,1.4166666666666667,2.5,1.0833333333333333,49.333333333333336,0.5512820512820512
2006,LSU,12,12,0.8333333333333334,33.083333333333336,12.5,20.583333333333336,15.47113637087013,21.37312812998149,404.0,236.33333333333334,255.66666666666666,159.91666666666666,159.16666666666666,93.16666666666667,78.36279265523449,4.624697336561743,3.029810298102981,9.18562874251497,5.832826747720365,0.6706586826347305,0.47720364741641336,21.083333333333332,13.666666666666666,0.4962962962962963,0.30120481927710846,1.5833333333333333,1.8333333333333333,0.25,46.833333333333336,0.5507478632478633
2006,Liberty,1,1,0.0,14.0,34.0,-20.0,,,301.0,438.0,206.0,249.0,85.0,196.0,,2.65625,5.444444444444445,7.103448275862069,10.826086956521738,0.5862068965517241,0.6521739130434783,15.0,23.0,0.42857142857142855,0.4,1.0,1.0,0.0,91.0,0.8461538461538461
2006,Louisiana Tech,13,13,0.23076923076923078,18.615384615384617,41.69230769230769,-23.076923076923077,13.69634051817286,22.084917698365775,344.53846153846155,483.2307692307692,233.3846153846154,261.0769230769231,130.15384615384616,225.3846153846154,98.3426114701518,4.0771084337349395,5.689320388349515,7.346246973365617,9.273224043715848,0.5181598062953995,0.6147540983606558,18.23076923076923,20.846153846153847,0.34911242603550297,0.5068493150684932,3.076923076923077,2.230769230769231,-0.8461538461538463,47.07692307692308,0.5019723865877712
2006,Louisville,12,12,0.9166666666666666,38.916666666666664,16.583333333333332,22.333333333333332,13.707717357441945,16.193900834648343,476.8333333333333,315.3333333333333,296.0833333333333,232.58333333333334,190.33333333333334,104.25,111.5484675200005,5.121076233183857,3.3449197860962565,10.180515759312321,7.3254593175853016,0.6303724928366762,0.49081364829396323,22.75,15.5,0.46621621621621623,0.30357142857142855,1.8333333333333333,2.0,0.16666666666666674,47.25,0.5347222222222222
2006,Maine,1,1,0.0,0.0,22.0,-22.0,,,148.0,339.0,82.0,191.0,66.0,148.0,,1.736842105263158,4.774193548387097,3.5652173913043477,6.586206896551724,0.6956521739130435,0.6206896551724138,11.0,17.0,0.375,0.3076923076923077,4.0,2.0,-2.0,42.0,0.75
2006,Marshall,12,12,0.4166666666666667,25.916666666666668,29.25,-3.333333333333332,17.14885807665727,21.984843263788196,354.3333333333333,390.9166666666667,195.08333333333334,263.9166666666667,167.08333333333334,139.25,108.3691782190803,4.938423645320197,4.115763546798029,7.935593220338983,7.957286432160804,0.6101694915254238,0.6381909547738693,17.5,21.25,0.4482758620689655,0.4691358024691358,2.75,2.0,-0.75,56.083333333333336,0.44711538461538464
2006,Maryland,12,12,0.6666666666666666,21.666666666666668,23.083333333333332,-1.4166666666666643,5.710171679210758,11.851032431690065,303.6666666666667,366.9166666666667,189.75,196.41666666666666,123.91666666666667,174.75,46.48036405219136,3.7175,4.680803571428571,7.298076923076923,7.142424242424243,0.6057692307692307,0.5818181818181818,16.666666666666668,18.75,0.3475177304964539,0.4251497005988024,1.9166666666666667,1.25,-0.6666666666666667,37.666666666666664,0.5032051282051282
2006,Massachusetts,1,1,0.0,20.0,21.0,-1.0,,,296.0,289.0,178.0,26.0,109.0,268.0,,3.0277777777777777,5.254901960784314,5.933333333333334,3.7142857142857144,0.5666666666666667,0.14285714285714285,0.0,14.0,,0.46153846153846156,3.0,4.0,1.0,0.0,0.75
2006,McNeese State,2,2,0.0,8.5,41.0,-32.5,2.1213203435596424,2.1213203435596424,217.0,450.0,87.5,214.0,118.5,252.5,76.36753236814714,3.2027027027027026,5.872093023255814,4.2682926829268295,8.392156862745098,0.4146341463414634,0.6078431372549019,13.0,23.5,,0.5185185185185185,2.5,1.5,-1.0,69.5,0.5416666666666666
2006,Memphis,12,12,0.16666666666666666,23.416666666666668,30.416666666666668,-7.0,8.195989410940111,15.550504230351564,336.25,408.6666666666667,231.75,239.66666666666666,111.66666666666667,178.0,95.43691395605026,3.6021505376344085,4.468619246861925,7.058375634517766,9.368078175895766,0.5939086294416244,0.6514657980456026,18.5,20.25,0.40853658536585363,0.5070422535211268,1.6666666666666667,1.75,0.08333333333333326,37.333333333333336,0.4695512820512821
2006,Miami (FL),12,12,0.5,19.5,15.083333333333334,4.416666666666666,13.048859232619812,18.807437278100835,314.5833333333333,252.08333333333334,205.66666666666666,203.33333333333334,123.33333333333333,66.0,104.89428299988808,3.7,2.2436260623229463,7.237536656891495,7.393939393939394,0.592375366568915,0.5212121212121212,16.166666666666668,13.5,0.34810126582278483,0.30344827586206896,2.0833333333333335,1.8333333333333333,-0.2500000000000002,60.75,0.4829059829059829
2006,Miami (OH),12,12,0.16666666666666666,18.5,25.333333333333332,-6.833333333333332,10.067950951590712,8.054736983836772,318.25,331.75,253.58333333333334,170.91666666666666,86.66666666666667,173.41666666666666,89.2953475322712,2.694300518134715,4.762013729977117,7.245238095238095,7.458181818181818,0.5738095238095238,0.5927272727272728,18.25,17.083333333333332,0.3136094674556213,0.4125,1.9166666666666667,1.8333333333333333,-0.08333333333333348,54.666666666666664,0.47008547008547014
2006,Michigan,12,12,0.9166666666666666,30.166666666666668,14.583333333333334,15.583333333333334,9.45643920427993,9.189503234504556,374.9166666666667,254.08333333333334,195.33333333333334,238.16666666666666,189.16666666666666,43.0,72.23630204636262,4.468503937007874,1.856115107913669,8.082758620689654,6.451467268623025,0.6206896551724138,0.5304740406320542,19.333333333333332,13.916666666666666,0.3939393939393939,0.2694610778443114,0.8333333333333334,2.4166666666666665,1.583333333333333,47.083333333333336,0.5785256410256411
2006,Michigan State,12,12,0.3333333333333333,25.166666666666668,28.416666666666668,-3.25,13.829042781133634,17.44667199314424,356.75,363.75,244.58333333333334,242.16666666666666,129.16666666666666,132.83333333333334,118.75040669786816,4.0051679586563305,3.831730769230769,7.038369304556355,8.185915492957747,0.5947242206235012,0.5802816901408451,18.5,18.583333333333332,0.42196531791907516,0.36024844720496896,1.8333333333333333,1.75,-0.08333333333333326,56.0,0.530448717948718
2006,Middle Tennessee,12,12,0.5833333333333334,23.5,22.583333333333332,0.9166666666666679,14.9878738864578,31.91026718025331,282.6666666666667,325.6666666666667,158.0,221.75,137.0,117.83333333333333,99.43781367205729,3.7027027027027026,3.543859649122807,6.970588235294118,7.690751445086705,0.5661764705882353,0.5722543352601156,15.666666666666666,17.916666666666668,0.4,0.3787878787878788,1.5833333333333333,2.25,0.6666666666666667,37.416666666666664,0.4663461538461539
2006,Minnesota,12,12,0.5,27.916666666666668,24.5,3.416666666666668,20.029334547713823,32.14868393554982,368.5833333333333,416.25,224.91666666666666,263.0,151.0,162.75,112.36908207358734,4.314285714285714,4.236442516268981,7.891812865497076,8.327176781002638,0.5818713450292398,0.6174142480211082,18.416666666666668,21.833333333333332,0.35947712418300654,0.47468354430379744,1.1666666666666667,2.75,1.5833333333333333,45.083333333333336,0.5998931623931624
2006,Mississippi State,12,12,0.25,18.416666666666668,25.75,-7.333333333333332,11.01617268410679,18.675863535266018,285.0833333333333,321.6666666666667,205.25,215.5,95.58333333333333,115.58333333333333,74.1613208832712,2.9185750636132317,3.4331683168316833,6.822714681440443,8.368932038834952,0.47368421052631576,0.5792880258899676,15.75,16.333333333333332,0.35802469135802467,0.3787878787878788,2.3333333333333335,1.75,-0.5833333333333335,51.916666666666664,0.5432692307692307
2006,Missouri,12,12,0.6666666666666666,29.416666666666668,17.916666666666668,11.5,11.524348400695201,17.88600265316683,414.3333333333333,308.8333333333333,280.75,185.0,145.08333333333334,137.33333333333334,75.82795518724468,4.106132075471698,3.779816513761468,7.780600461893765,6.416184971098266,0.6327944572748267,0.5780346820809249,22.5,18.0,0.4915254237288136,0.40131578947368424,2.0833333333333335,2.5833333333333335,0.5,38.75,0.4983974358974359
2006,Missouri State,1,1,0.0,10.0,52.0,-42.0,,,334.0,443.0,261.0,215.0,68.0,230.0,,2.2666666666666666,5.2272727272727275,8.419354838709678,8.958333333333334,0.6129032258064516,0.5,12.0,21.0,,0.3333333333333333,2.0,1.0,-1.0,32.0,0.5
2006,Montana,1,1,0.0,7.0,41.0,-34.0,,,144.0,416.0,114.0,253.0,10.0,166.0,,0.4166666666666667,4.368421052631579,3.6774193548387095,7.228571428571429,0.5483870967741935,0.5714285714285714,11.0,22.0,0.4,0.38461538461538464,1.0,1.0,0.0,117.0,0.5
2006,Montana State,1,1,1.0,19.0,10.0,9.0,,,288.0,216.0,224.0,124.0,50.0,106.0,,1.4285714285714286,3.3125,6.4,5.636363636363637,0.6857142857142857,0.36363636363636365,0.0,12.0,,0.35714285714285715,0.0,1.0,1.0,71.0,0.16666666666666666
2006,Murray State,1,1,0.0,7.0,47.0,-40.0,,,150.0,589.0,107.0,366.0,27.0,256.0,,1.08,6.4,3.566666666666667,10.457142857142857,0.6666666666666666,0.6857142857142857,10.0,27.0,,0.6923076923076923,2.0,2.0,0.0,25.0,0.6666666666666666
2006,NC State,12,12,0.25,17.5,21.833333333333332,-4.333333333333332,5.535012523595917,8.435135751813077,302.0,317.1666666666667,192.66666666666666,177.08333333333334,119.66666666666667,150.5,31.030776511539166,3.8293333333333335,3.7546777546777546,6.100263852242744,7.899628252788104,0.5171503957783641,0.5130111524163569,16.083333333333332,16.0,0.3235294117647059,0.34868421052631576,2.0,1.0,-1.0,58.0,0.5336538461538461
2006,Navy,12,12,0.75,28.583333333333332,19.666666666666668,8.916666666666664,13.674517331241502,21.45379107559201,381.3333333333333,336.8333333333333,63.5,228.91666666666666,327.4166666666667,120.33333333333333,117.9578764053533,5.573049645390071,3.7506493506493506,7.326923076923077,7.5467032967032965,0.4326923076923077,0.6126373626373627,20.833333333333332,16.333333333333332,0.48125,0.43661971830985913,1.8333333333333333,1.75,-0.08333333333333326,34.0,0.34027777777777773
2006,Nebraska,13,13,0.6923076923076923,31.846153846153847,18.384615384615383,13.461538461538463,15.63567584002556,23.567687570822418,428.7692307692308,343.6923076923077,267.61538461538464,239.15384615384616,175.6153846153846,120.38461538461539,105.81284881506109,4.424418604651163,3.9027431421446384,9.059895833333334,7.315294117647059,0.5989583333333334,0.5364705882352941,20.615384615384617,17.23076923076923,0.4594594594594595,0.3277777777777778,2.0,1.8461538461538463,-0.15384615384615374,43.76923076923077,0.5187376725838264
2006,Nevada,12,12,0.6666666666666666,30.916666666666668,19.0,11.916666666666668,12.168949557514539,26.134123751188298,363.0,327.5833333333333,199.16666666666666,205.83333333333334,177.25,136.91666666666666,88.37317569159876,4.50635593220339,4.301047120418848,7.709677419354839,7.159420289855072,0.6290322580645161,0.5971014492753624,20.416666666666668,17.0,0.44366197183098594,0.3581081081081081,2.0833333333333335,3.0833333333333335,1.0,35.583333333333336,0.4289529914529915
2006,New Hampshire,1,1,1.0,34.0,17.0,17.0,,,329.0,360.0,205.0,177.0,123.0,187.0,,2.86046511627907,5.3428571428571425,8.541666666666666,5.53125,0.75,0.59375,18.0,18.0,0.35714285714285715,0.4166666666666667,0.0,3.0,3.0,47.0,0.3333333333333333
2006,New Mexico,12,12,0.5,22.666666666666668,24.333333333333332,-1.6666666666666643,12.168015699390185,13.838899938765058,311.9166666666667,361.6666666666667,222.75,256.5833333333333,109.66666666666667,121.91666666666667,86.10718303194554,3.27363184079602,3.533816425120773,7.747826086956522,7.528117359413203,0.5217391304347826,0.5990220048899756,16.5,19.583333333333332,0.39520958083832336,0.46987951807228917,1.6666666666666667,2.4166666666666665,0.7499999999999998,41.666666666666664,0.46527777777777785
2006,New Mexico State,12,12,0.3333333333333333,31.166666666666668,30.75,0.41666666666666785,10.994488977610004,19.275317864768894,475.1666666666667,389.4166666666667,416.9166666666667,235.75,75.83333333333333,155.91666666666666,102.24999073868226,2.8173374613003097,4.519323671497585,8.242174629324547,8.521084337349398,0.6935749588138386,0.5873493975903614,24.583333333333332,17.166666666666668,0.41714285714285715,0.3018867924528302,3.0833333333333335,2.0,-1.0833333333333335,66.16666666666667,0.4150641025641026
2006,Nicholls State,2,2,0.0,14.0,43.5,-29.5,9.899494936611665,27.577164466275352,205.5,439.5,37.5,231.5,164.0,219.5,26.16295090390226,3.381443298969072,4.771739130434782,5.357142857142857,9.645833333333334,0.2857142857142857,0.7083333333333334,3.5,26.0,0.23076923076923078,0.5238095238095238,2.5,2.5,0.0,40.0,0.46153846153846156
2006,North Carolina,12,12,0.25,18.0,30.5,-12.5,15.105688272363434,15.617589151629355,293.0,368.25,192.75,206.08333333333334,113.33333333333333,172.75,101.40467982745713,3.56020942408377,4.467672413793103,6.945945945945946,8.081699346405228,0.5075075075075075,0.6209150326797386,15.833333333333334,19.75,0.3419354838709677,0.43137254901960786,2.3333333333333335,1.4166666666666667,-0.9166666666666667,54.666666666666664,0.5448717948717948
2006,North Carolina A&T,1,1,0.0,7.0,48.0,-41.0,,,195.0,408.0,129.0,78.0,41.0,330.0,,1.4642857142857142,7.173913043478261,4.961538461538462,7.090909090909091,0.5384615384615384,0.45454545454545453,0.0,22.0,,0.42857142857142855,1.0,0.0,-1.0,74.0,0.5
2006,North Dakota State,2,2,0.5,19.0,17.0,2.0,14.142135623730951,4.242640687119285,457.5,324.0,339.5,284.5,113.5,56.5,109.60155108391487,3.661290322580645,2.0925925925925926,8.083333333333334,10.160714285714286,0.6071428571428571,0.5714285714285714,22.5,12.5,0.4375,0.35714285714285715,1.5,0.0,-1.5,40.0,0.45833333333333337
2006,North Texas,12,12,0.25,12.833333333333334,25.333333333333332,-12.499999999999998,9.86115734802078,19.128750375000738,232.16666666666666,338.4166666666667,129.5,197.08333333333334,117.0,149.33333333333334,105.20701094278436,3.2128146453089244,3.8537634408602153,6.142292490118577,7.460567823343848,0.5375494071146245,0.637223974763407,12.75,18.916666666666668,0.2893081761006289,0.4397590361445783,2.5833333333333335,1.25,-1.3333333333333335,51.583333333333336,0.4567307692307692
2006,Northeastern,1,1,0.0,0.0,38.0,-38.0,,,207.0,382.0,86.0,280.0,101.0,111.0,,2.72972972972973,4.111111111111111,3.3076923076923075,10.37037037037037,0.5769230769230769,0.7777777777777778,15.0,19.0,,0.4444444444444444,2.0,1.0,-1.0,78.0,0.8333333333333334
2006,Northern Arizona,2,2,0.0,10.5,40.0,-29.5,4.949747468305833,12.020815280171307,258.5,463.5,157.0,285.5,63.5,183.5,75.66042558696059,1.9538461538461538,5.097222222222222,7.3023255813953485,11.196078431372548,0.627906976744186,0.6666666666666666,13.5,23.0,0.18181818181818182,0.5454545454545454,1.0,1.0,0.0,49.5,0.5833333333333334
2006,Northern Illinois,12,12,0.5833333333333334,27.0,19.833333333333332,7.166666666666668,12.336199503162154,17.74482425606937,388.5,357.0833333333333,220.58333333333334,251.75,180.16666666666666,115.58333333333333,133.6606966096684,5.222222222222222,3.511392405063291,7.212534059945504,7.908376963350785,0.5749318801089919,0.643979057591623,20.0,16.916666666666668,0.3803680981595092,0.41496598639455784,1.5833333333333333,1.8333333333333333,0.25,42.75,0.4070512820512821
2006,Northern Iowa,1,1,0.0,27.0,28.0,-1.0,,,334.0,404.0,156.0,345.0,176.0,81.0,,4.756756756756757,2.892857142857143,5.2,11.89655172413793,0.7666666666666667,0.8275862068965517,18.0,24.0,0.5294117647058824,0.6666666666666666,0.0,3.0,3.0,58.0,0.3333333333333333
2006,Northwestern,12,12,0.3333333333333333,16.5,26.166666666666668,-9.666666666666668,9.784031517082962,19.66692347033157,311.0833333333333,362.5,182.5,214.0,142.08333333333334,158.33333333333334,83.79787189024154,4.040284360189573,4.269662921348314,6.596385542168675,7.530791788856305,0.5662650602409639,0.6158357771260997,16.416666666666668,18.75,0.3625,0.4088050314465409,2.5,1.9166666666666667,-0.5833333333333333,28.0,0.5860042735042735
2006,Northwestern State,3,3,0.0,11.666666666666666,41.0,-29.333333333333336,5.686240703077327,8.621678104251709,289.6666666666667,359.0,155.0,228.0,126.33333333333333,140.33333333333334,35.23256069793017,3.679611650485437,5.767123287671233,5.406976744186046,7.276595744680851,0.5348837209302325,0.5638297872340425,13.333333333333334,19.666666666666668,0.3333333333333333,0.3548387096774194,2.3333333333333335,1.0,-1.3333333333333335,71.0,0.38888888888888884
2006,Notre Dame,12,12,0.8333333333333334,32.416666666666664,22.416666666666668,9.999999999999996,10.184286767844716,18.010098177512425,398.0,320.5,290.9166666666667,210.83333333333334,124.25,127.83333333333333,61.942788853175564,3.8035714285714284,3.5591647331786542,8.006880733944953,8.295081967213115,0.6307339449541285,0.5442622950819672,21.833333333333332,17.5,0.38509316770186336,0.3466666666666667,1.0833333333333333,1.5,0.41666666666666674,54.583333333333336,0.5256410256410257
2006,Ohio,13,13,0.6923076923076923,20.692307692307693,17.307692307692307,3.384615384615387,11.721665235683703,17.76953601691418,280.6923076923077,304.3076923076923,135.76923076923077,184.07692307692307,155.3846153846154,131.07692307692307,111.94149112772007,4.0159045725646125,4.096153846153846,6.003401360544218,6.089058524173028,0.5612244897959183,0.5165394402035624,15.076923076923077,16.23076923076923,0.3575418994413408,0.3333333333333333,2.1538461538461537,1.7692307692307692,-0.3846153846153846,55.23076923076923,0.40581854043392507
2006,Ohio State,12,12,1.0,36.333333333333336,10.416666666666666,25.91666666666667,9.847319278346617,13.276488674161987,409.75,273.0,237.58333333333334,202.41666666666666,180.08333333333334,93.5,96.44982209324277,4.728665207877461,3.2903225806451615,8.745398773006135,6.425925925925926,0.6656441717791411,0.5714285714285714,21.083333333333332,15.083333333333334,0.5133333333333333,0.3037974683544304,1.4166666666666667,2.25,0.8333333333333333,41.25,0.5069444444444444
2006,Oklahoma,13,13,0.8461538461538461,29.384615384615383,15.307692307692308,14.076923076923075,11.934113998243728,18.02526716612701,365.7692307692308,280.2307692307692,195.6153846153846,197.30769230769232,177.3846153846154,97.84615384615384,66.53213991016402,4.443159922928709,3.269922879177378,8.256493506493506,6.349009900990099,0.6038961038961039,0.5074257425742574,18.0,14.846153846153847,0.41317365269461076,0.30337078651685395,2.3846153846153846,2.230769230769231,-0.15384615384615374,37.38461538461539,0.5083826429980276
2006,Oklahoma State,12,12,0.5,35.333333333333336,25.166666666666668,10.166666666666668,15.411526579646532,22.886412536434776,409.0,371.4166666666667,210.41666666666666,240.08333333333334,208.08333333333334,149.91666666666666,103.26752547718871,5.1912681912681915,4.097949886104783,8.676975945017182,8.498525073746313,0.5463917525773195,0.6135693215339233,20.5,19.916666666666668,0.44805194805194803,0.3691275167785235,1.5833333333333333,2.25,0.6666666666666667,44.75,0.5603632478632479
2006,Ole Miss,12,12,0.3333333333333333,15.666666666666666,22.916666666666668,-7.250000000000002,8.626948616065961,15.766045218068538,261.5,353.9166666666667,152.16666666666666,200.58333333333334,125.41666666666667,158.91666666666666,79.64637753561335,3.566350710900474,4.154684095860566,6.521428571428571,7.079411764705882,0.4785714285714286,0.5970588235294118,15.0,19.583333333333332,0.29333333333333333,0.43333333333333335,1.5,1.0,-0.5,37.833333333333336,0.5373931623931624
2006,Oregon,12,12,0.5833333333333334,31.25,25.583333333333332,5.666666666666668,14.0655930941752,24.49984539221471,436.4166666666667,303.25,251.83333333333334,168.5,189.16666666666666,146.58333333333334,73.27837127672596,5.135746606334842,4.178147268408551,6.685840707964601,6.419047619047619,0.6017699115044248,0.5428571428571428,24.25,16.916666666666668,0.49696969696969695,0.3333333333333333,2.5,1.75,-0.75,58.75,0.5379273504273504
2006,Oregon State,13,13,0.6923076923076923,26.923076923076923,21.0,5.923076923076923,14.930179383056869,22.914557012452217,353.15384615384613,316.38461538461536,249.46153846153845,231.76923076923077,119.53846153846153,103.07692307692308,73.71436557624091,3.492134831460674,3.2603406326034063,8.74123989218329,7.5703517587939695,0.6145552560646901,0.542713567839196,17.076923076923077,14.923076923076923,0.36129032258064514,0.32142857142857145,2.076923076923077,2.4615384615384617,0.3846153846153846,60.30769230769231,0.532051282051282
2006,Penn State,12,12,0.6666666666666666,22.5,14.75,7.75,13.734495390671025,21.76371041226865,347.4166666666667,279.0,216.91666666666666,208.91666666666666,147.25,87.83333333333333,130.7283500819601,4.237410071942446,2.7957559681697615,6.523809523809524,6.220843672456576,0.531328320802005,0.543424317617866,18.666666666666668,15.583333333333334,0.3793103448275862,0.3107344632768362,2.0833333333333335,2.1666666666666665,0.08333333333333304,31.833333333333332,0.5096153846153847
2006,Pittsburgh,12,12,0.5,31.75,22.833333333333332,8.916666666666668,14.492160890382333,25.64604641986162,372.25,363.0833333333333,262.8333333333333,187.91666666666666,123.0,181.25,83.3035249717998,3.8842105263157896,4.559748427672956,9.5,6.612903225806452,0.6867469879518072,0.6304985337243402,17.833333333333332,18.0,0.40559440559440557,0.4451219512195122,1.5,2.4166666666666665,0.9166666666666665,43.083333333333336,0.5
2006,Portland State,3,3,0.3333333333333333,15.0,34.333333333333336,-19.333333333333336,2.6457513110645907,27.610384519838423,236.66666666666666,424.0,130.33333333333334,287.3333333333333,89.33333333333333,151.33333333333334,34.645827069552446,2.9450549450549453,4.4950495049504955,5.077922077922078,7.908256880733945,0.4805194805194805,0.5963302752293578,14.0,23.0,0.24,0.43243243243243246,2.3333333333333335,1.6666666666666667,-0.6666666666666667,52.666666666666664,0.6111111111111112
2006,Purdue,13,13,0.6153846153846154,27.46153846153846,26.923076923076923,0.5384615384615365,16.266608869170124,16.28708785416321,425.7692307692308,432.6923076923077,304.0769230769231,255.69230769230768,132.07692307692307,190.07692307692307,85.90998568865929,4.4366925064599485,5.022357723577236,7.827722772277228,7.7122969837587005,0.592079207920792,0.6125290023201856,22.53846153846154,22.153846153846153,0.47191011235955055,0.3872832369942196,2.076923076923077,2.3076923076923075,0.2307692307692304,39.61538461538461,0.46153846153846156
2006,Rhode Island,1,1,0.0,7.0,52.0,-45.0,,,293.0,567.0,94.0,150.0,198.0,418.0,,4.040816326530612,8.038461538461538,5.222222222222222,11.538461538461538,0.3888888888888889,0.6153846153846154,0.0,22.0,0.3125,0.5454545454545454,2.0,0.0,-2.0,35.0,0.3333333333333333
2006,Rice,12,12,0.5833333333333334,27.75,32.583333333333336,-4.833333333333336,13.430799069167985,22.734968394057375,345.1666666666667,417.6666666666667,227.33333333333334,245.83333333333334,138.66666666666666,191.16666666666666,109.33254803856929,3.9904076738609113,5.334883720930232,7.16010498687664,8.966565349544073,0.5590551181102362,0.5683890577507599,19.583333333333332,20.083333333333332,0.3597560975609756,0.3958333333333333,1.4166666666666667,2.5833333333333335,1.1666666666666667,42.333333333333336,0.4946581196581197
2006,Richmond,1,1,1.0,13.0,0.0,13.0,,,225.0,210.0,106.0,174.0,105.0,51.0,,2.5609756097560976,1.7,4.608695652173913,5.612903225806452,0.4782608695652174,0.5483870967741935,12.0,12.0,,0.21428571428571427,1.0,2.0,1.0,30.0,0.0
2006,Rutgers,12,12,0.8333333333333334,29.166666666666668,14.666666666666666,14.500000000000002,11.75378726843034,19.062099474182702,333.9166666666667,259.75,161.5,171.83333333333334,177.58333333333334,106.83333333333333,51.71329762754597,4.642701525054466,3.0093896713615025,7.177777777777778,7.159722222222222,0.5518518518518518,0.5208333333333334,16.5,13.333333333333334,0.40384615384615385,0.31213872832369943,1.5833333333333333,2.5833333333333335,1.0000000000000002,39.333333333333336,0.5021367521367521
2006,SE Missouri State,1,1,0.0,7.0,63.0,-56.0,,,144.0,530.0,94.0,151.0,31.0,381.0,,1.3478260869565217,9.292682926829269,2.8484848484848486,6.565217391304348,0.2727272727272727,0.5652173913043478,8.0,22.0,0.14285714285714285,0.5454545454545454,3.0,1.0,-2.0,37.0,0.7692307692307693
2006,SMU,12,12,0.5,27.083333333333332,24.5,2.583333333333332,14.531835480222119,21.64363577814434,319.5,353.3333333333333,213.58333333333334,262.3333333333333,125.25,107.5,86.74151779333187,3.7202970297029703,3.2009925558312653,8.110759493670885,7.5311004784688995,0.6424050632911392,0.6411483253588517,17.083333333333332,18.083333333333332,0.4,0.45222929936305734,1.9166666666666667,2.0833333333333335,0.16666666666666674,53.083333333333336,0.44604700854700857
2006,Sacramento State,1,1,0.0,0.0,45.0,-45.0,,,82.0,427.0,32.0,217.0,50.0,215.0,,1.7857142857142858,5.119047619047619,2.1333333333333333,9.041666666666666,0.4,0.625,3.0,22.0,0.08333333333333333,0.5454545454545454,2.0,1.0,-1.0,86.0,1.0
2006,Sam Houston State,2,2,0.0,8.5,50.5,-42.0,7.7781745930520225,15.556349186104045,251.0,431.0,163.0,278.0,76.5,157.0,83.43860018001261,3.06,4.131578947368421,4.233766233766234,12.355555555555556,0.6363636363636364,0.8444444444444444,4.5,20.0,0.3076923076923077,0.5454545454545454,3.5,0.5,-3.0,27.0,0.625
2006,Samford,1,1,0.0,6.0,38.0,-32.0,,,163.0,315.0,152.0,138.0,11.0,177.0,,0.7333333333333333,4.916666666666667,3.3777777777777778,4.3125,0.4444444444444444,0.59375,0.0,19.0,,0.5,2.0,1.0,-1.0,60.0,0.6923076923076923
2006,San Diego State,12,12,0.25,14.166666666666666,27.083333333333332,-12.916666666666666,8.621678104251709,19.901842460770645,269.5,351.75,162.5,180.16666666666666,119.16666666666667,180.08333333333334,99.75287646798142,3.3886255924170614,4.42827868852459,6.63265306122449,7.328813559322034,0.5816326530612245,0.5932203389830508,14.5,19.5,0.3395061728395062,0.47019867549668876,2.0833333333333335,1.5833333333333333,-0.5000000000000002,48.916666666666664,0.548611111111111
2006,San Jose State,12,12,0.6666666666666666,25.333333333333332,21.5,3.833333333333332,9.773185331055148,18.254928765745,363.6666666666667,353.0833333333333,188.25,208.91666666666666,184.33333333333334,150.5,118.02413723343614,4.7982646420824295,4.1045454545454545,8.184782608695652,7.266666666666667,0.6376811594202898,0.6260869565217392,18.0,17.5,0.42105263157894735,0.4246575342465753,1.75,2.1666666666666665,0.4166666666666665,36.75,0.4150641025641026
2006,South Carolina,12,12,0.5833333333333334,25.166666666666668,17.25,7.916666666666668,13.822467437494874,18.850890180733128,385.25,321.0,256.0833333333333,188.25,140.58333333333334,147.83333333333334,88.27037493354774,4.522788203753351,4.068807339449541,8.536111111111111,8.274725274725276,0.6222222222222222,0.5238095238095238,20.416666666666668,17.0,0.4748201438848921,0.35333333333333333,2.0,1.6666666666666667,-0.33333333333333326,48.333333333333336,0.5646367521367521
2006,Southeastern Louisiana,3,3,0.0,5.0,45.666666666666664,-40.666666666666664,8.660254037844387,23.79775899813538,185.33333333333334,490.6666666666667,84.66666666666667,333.0,86.0,165.33333333333334,57.448527686384914,2.8043478260869565,4.723809523809524,3.175,9.99,0.5875,0.71,7.333333333333333,24.666666666666668,0.14285714285714285,0.4117647058823529,2.3333333333333335,2.0,-0.3333333333333335,54.0,0.5106837606837606
2006,Southern Illinois,1,1,1.0,35.0,28.0,7.0,,,386.0,314.0,141.0,258.0,244.0,76.0,,4.88,2.303030303030303,7.421052631578948,6.45,0.5263157894736842,0.5,0.0,23.0,0.5,0.25,1.0,2.0,1.0,74.0,0.4166666666666667
2006,Southern Miss,13,13,0.6153846153846154,25.23076923076923,19.46153846153846,5.76923076923077,14.036582241615692,23.342214427062707,334.6923076923077,314.53846153846155,169.69230769230768,190.3846153846154,173.3846153846154,134.0,92.85866017357115,4.544354838709677,4.013824884792626,6.664652567975831,6.952247191011236,0.5558912386706949,0.5365168539325843,19.0,16.46153846153846,0.40718562874251496,0.32666666666666666,1.3846153846153846,1.8461538461538463,0.4615384615384617,41.07692307692308,0.48422090729783035
2006,Southern Utah,1,1,0.0,7.0,32.0,-25.0,,,291.0,488.0,173.0,295.0,118.0,193.0,,5.363636363636363,4.7073170731707314,5.242424242424242,8.428571428571429,0.5151515151515151,0.6,12.0,25.0,0.18181818181818182,0.6153846153846154,2.0,3.0,1.0,20.0,0.4166666666666667
2006,Stanford,12,12,0.08333333333333333,10.583333333333334,31.416666666666668,-20.833333333333336,9.481640952467837,16.937496505646514,231.91666666666666,387.5,196.91666666666666,186.25,65.08333333333333,210.5,97.14044035063435,2.128065395095368,4.867052023121388,7.477848101265823,6.876923076923077,0.5284810126582279,0.6030769230769231,13.583333333333334,22.333333333333332,0.30201342281879195,0.48466257668711654,2.5833333333333335,1.25,-1.3333333333333335,34.833333333333336,0.6410256410256411
2006,Stephen F. Austin,2,2,0.0,8.5,36.5,-28.0,2.1213203435596424,14.142135623730951,190.5,464.0,85.5,245.0,96.0,219.0,7.7781745930520225,3.84,5.214285714285714,3.42,9.245283018867925,0.54,0.6981132075471698,5.0,23.5,,0.52,1.0,1.0,0.0,42.0,0.5833333333333333
2006,Syracuse,12,12,0.3333333333333333,17.416666666666668,24.583333333333332,-7.166666666666664,11.610796960614119,14.92912548941792,264.0,399.3333333333333,185.08333333333334,232.16666666666666,106.91666666666667,185.08333333333334,68.93607051596297,3.0547619047619046,4.755888650963597,7.141479099678457,8.005747126436782,0.5176848874598071,0.6494252873563219,15.25,20.416666666666668,0.36627906976744184,0.44785276073619634,1.5833333333333333,2.4166666666666665,0.8333333333333333,46.0,0.5705128205128205
2006,TCU,12,12,0.8333333333333334,28.583333333333332,12.75,15.833333333333332,14.2921360025418,18.71719352182194,404.5,249.5,217.58333333333334,198.16666666666666,194.33333333333334,67.58333333333333,125.47545938983811,4.563600782778865,2.399408284023669,8.08359133126935,6.479564032697548,0.6099071207430341,0.547683923705722,22.0,13.583333333333334,0.43902439024390244,0.3150684931506849,1.75,2.1666666666666665,0.4166666666666665,58.333333333333336,0.3888888888888889
2006,Temple,12,11,0.08333333333333333,10.916666666666666,41.333333333333336,-30.41666666666667,10.13955650216547,23.542836522287445,215.1818181818182,442.72727272727275,196.0909090909091,216.36363636363637,48.45454545454545,235.0909090909091,72.95864332869435,1.6867088607594938,5.81123595505618,7.6219081272084805,8.095238095238095,0.6042402826855123,0.5748299319727891,11.545454545454545,22.818181818181817,0.2517482517482518,0.373134328358209,2.5454545454545454,1.3636363636363635,-1.1818181818181819,44.45454545454545,0.5646367521367521
2006,Tennessee,12,12,0.75,29.333333333333332,19.5,9.833333333333332,11.40441169287597,15.12273023289676,374.3333333333333,323.1666666666667,274.6666666666667,189.41666666666666,110.08333333333333,143.66666666666666,104.4198982546677,3.67966573816156,4.018648018648019,8.71957671957672,7.428104575163399,0.6349206349206349,0.5751633986928104,19.333333333333332,17.666666666666668,0.48322147651006714,0.4177215189873418,1.4166666666666667,1.75,0.33333333333333326,36.25,0.5715811965811965
2006,Tennessee State,1,1,0.0,9.0,38.0,-29.0,,,252.0,308.0,152.0,136.0,71.0,179.0,,1.9722222222222223,4.837837837837838,6.909090909090909,8.0,0.5,0.7058823529411765,14.0,17.0,,0.4,4.0,2.0,-2.0,58.0,0.3333333333333333
2006,Tennessee Tech,1,1,0.0,0.0,44.0,-44.0,,,135.0,301.0,104.0,135.0,10.0,174.0,,0.30303030303030304,6.0,3.7142857142857144,5.625,0.4642857142857143,0.5,11.0,14.0,,0.38461538461538464,5.0,1.0,-4.0,27.0,0.5833333333333334
2006,Tennessee-Martin,1,1,0.0,3.0,29.0,-26.0,,,123.0,144.0,62.0,98.0,49.0,62.0,,1.6896551724137931,1.7222222222222223,2.5833333333333335,4.454545454545454,0.5,0.5,9.0,13.0,,0.2857142857142857,1.0,1.0,0.0,85.0,0.6923076923076923
2006,Texas,12,12,0.75,36.75,17.833333333333332,18.916666666666668,18.484022584629432,23.03538121843847,392.5833333333333,291.9166666666667,233.58333333333334,257.5833333333333,170.33333333333334,58.833333333333336,93.36580874401636,4.424242424242424,2.270096463022508,8.468277945619336,8.028571428571428,0.6586102719033232,0.5818181818181818,22.166666666666668,15.25,0.41843971631205673,0.35668789808917195,1.9166666666666667,3.0,1.0833333333333333,47.583333333333336,0.5379273504273504
2006,Texas A&M,12,12,0.75,29.333333333333332,18.5,10.833333333333332,11.080969216989946,15.718161662885581,401.4166666666667,309.8333333333333,199.25,196.0,210.5,123.0,75.19605687598897,5.031872509960159,4.021798365122616,7.943521594684386,6.837209302325581,0.6112956810631229,0.5348837209302325,20.333333333333332,15.416666666666666,0.5120481927710844,0.2923076923076923,1.0,1.8333333333333333,0.8333333333333333,48.333333333333336,0.4877136752136752
2006,Texas Southern,1,1,0.0,14.0,48.0,-34.0,,,212.0,520.0,129.0,415.0,64.0,111.0,,2.6666666666666665,4.269230769230769,4.448275862068965,8.3,0.4827586206896552,0.66,0.0,27.0,,0.5,4.0,2.0,-2.0,73.0,0.3333333333333333
2006,Texas State,1,1,0.0,7.0,41.0,-34.0,,,210.0,425.0,132.0,260.0,55.0,178.0,,2.1153846153846154,4.45,4.888888888888889,10.0,0.48148148148148145,0.6923076923076923,0.0,22.0,,0.5384615384615384,2.0,2.0,0.0,0.0,0.5833333333333334
2006,Texas Tech,12,12,0.5833333333333334,31.5,23.75,7.75,17.26530941196563,24.647054037496506,438.8333333333333,319.8333333333333,371.3333333333333,179.75,76.41666666666667,147.41666666666666,122.60715783148696,4.678571428571429,3.8125,7.43906510851419,6.458083832335329,0.669449081803005,0.5808383233532934,23.416666666666668,19.0,0.34532374100719426,0.40606060606060607,2.0833333333333335,1.9166666666666667,-0.16666666666666674,66.91666666666667,0.5080128205128206
2006,Toledo,12,12,0.4166666666666667,23.416666666666668,27.666666666666668,-4.25,13.337972677716623,20.69310381394114,326.9166666666667,333.0833333333333,187.66666666666666,205.91666666666666,156.25,137.91666666666666,79.83102419637635,3.9893617021276597,3.866822429906542,5.83419689119171,7.24633431085044,0.5569948186528497,0.5659824046920822,18.333333333333332,17.75,0.3917525773195876,0.3493150684931507,2.0,1.6666666666666667,-0.33333333333333326,66.75,0.4188034188034188
2006,Troy,12,12,0.5833333333333334,21.25,22.666666666666668,-1.4166666666666679,12.166459109894188,22.77741438488149,315.25,344.4166666666667,205.91666666666666,222.83333333333334,126.91666666666667,137.08333333333334,92.82840964038776,3.7791563275434243,3.7643020594965675,6.519788918205805,7.286103542234333,0.6253298153034301,0.5694822888283378,16.666666666666668,18.5,0.3312883435582822,0.375,2.75,1.75,-1.0,56.666666666666664,0.39316239316239315
2006,Tulane,12,12,0.3333333333333333,18.666666666666668,33.333333333333336,-14.666666666666668,13.686976778431873,19.828048697527326,338.6666666666667,399.6666666666667,264.8333333333333,260.25,92.16666666666667,149.5,147.80658942952402,3.13314447592068,4.191588785046729,7.222727272727273,8.090673575129534,0.5568181818181818,0.6398963730569949,18.916666666666668,21.166666666666668,0.3988439306358382,0.453416149068323,2.3333333333333335,1.25,-1.0833333333333335,48.666666666666664,0.5389957264957265
2006,Tulsa,12,12,0.6666666666666666,28.916666666666668,19.75,9.166666666666668,9.42393792745931,20.198259751020554,399.75,287.8333333333333,237.41666666666666,161.16666666666666,167.58333333333334,135.33333333333334,92.30396918482288,4.41978021978022,4.174807197943445,8.428994082840237,6.218649517684887,0.6597633136094675,0.5305466237942122,20.416666666666668,15.0,0.48,0.375,1.4166666666666667,0.9166666666666666,-0.5000000000000001,43.833333333333336,0.48344017094017094
2006,UAB,12,12,0.25,18.75,24.75,-6.0,9.743296063541235,13.073220372543672,310.0833333333333,359.25,203.33333333333334,225.33333333333334,125.58333333333333,146.75,92.70918198453928,3.488425925925926,4.30562347188264,8.026315789473685,8.529968454258675,0.5822368421052632,0.6309148264984227,17.583333333333332,18.666666666666668,0.3221476510067114,0.42567567567567566,1.75,2.1666666666666665,0.4166666666666665,58.5,0.4967948717948718
2006,UC-Davis,1,1,0.0,13.0,46.0,-33.0,,,251.0,461.0,213.0,202.0,26.0,271.0,,0.9285714285714286,5.113207547169812,7.607142857142857,8.782608695652174,0.5357142857142857,0.782608695652174,12.0,27.0,,0.5833333333333334,2.0,0.0,-2.0,39.0,0.8333333333333334
2006,UCF,12,12,0.3333333333333333,19.333333333333332,28.75,-9.416666666666668,11.372481406154654,18.918285206421725,373.1666666666667,398.0833333333333,244.16666666666666,261.9166666666667,139.41666666666666,149.25,115.21587117101953,3.7850678733031673,4.4775,7.690288713910761,8.017857142857142,0.5958005249343832,0.6224489795918368,19.25,20.916666666666668,0.4318181818181818,0.48,1.75,1.0,-0.75,40.333333333333336,0.483974358974359
2006,UCLA,12,12,0.5833333333333334,22.666666666666668,17.916666666666668,4.75,5.898125023079689,16.526150076882285,321.4166666666667,304.8333333333333,208.5,236.75,124.41666666666667,89.91666666666667,91.8362755949495,3.7231920199501247,2.7737789203084833,6.873626373626373,7.515873015873016,0.5741758241758241,0.5687830687830688,17.583333333333332,17.166666666666668,0.3592814371257485,0.2777777777777778,1.8333333333333333,2.6666666666666665,0.8333333333333333,62.25,0.5785256410256411
2006,UL-Lafayette,12,12,0.5,20.666666666666668,24.666666666666668,-4.0,13.580288745981893,24.779023386727733,317.5833333333333,331.0833333333333,139.58333333333334,213.0,188.41666666666666,126.91666666666667,93.73313989807188,4.7301255230125525,3.895140664961637,6.068840579710145,7.888888888888889,0.5144927536231884,0.6172839506172839,16.916666666666668,15.416666666666666,0.34375,0.36619718309859156,1.9166666666666667,1.3333333333333333,-0.5833333333333335,44.166666666666664,0.42521367521367526
2006,UL-Monroe,12,12,0.3333333333333333,21.833333333333332,22.25,-0.41666666666666785,11.440226740707017,21.038744921662694,346.8333333333333,346.5,197.33333333333334,204.66666666666666,155.25,150.41666666666666,94.07041205523883,4.186516853932584,4.257075471698113,7.589743589743589,6.822222222222222,0.5705128205128205,0.5944444444444444,17.416666666666668,18.5,0.3935483870967742,0.39568345323741005,2.0833333333333335,2.9166666666666665,0.833333333333333,54.0,0.4321581196581197
2006,UNLV,12,12,0.16666666666666666,19.833333333333332,31.833333333333332,-12.0,16.47495804013602,21.995867380446306,316.75,387.3333333333333,243.75,232.58333333333334,89.41666666666667,161.41666666666666,108.97966866263717,3.110144927536232,4.060796645702306,6.63265306122449,8.86031746031746,0.5487528344671202,0.6698412698412698,17.583333333333332,21.333333333333332,0.3128834355828221,0.43884892086330934,2.5833333333333335,1.5,-1.0833333333333335,52.333333333333336,0.4930555555555556
2006,USC,12,12,0.8333333333333334,30.333333333333332,14.916666666666666,15.416666666666666,11.211465992320973,14.087120702860812,387.9166666666667,293.75,261.6666666666667,211.5,134.66666666666666,97.66666666666667,54.88741921313834,4.111959287531807,3.150537634408602,7.810945273631841,6.425316455696202,0.6119402985074627,0.5367088607594936,20.916666666666668,16.0,0.4539877300613497,0.3806818181818182,1.5,1.75,0.25,51.916666666666664,0.5822649572649573
2006,USF,12,12,0.6666666666666666,22.916666666666668,17.75,5.166666666666668,11.858700935548882,15.770129032350043,367.9166666666667,296.9166666666667,236.08333333333334,191.66666666666666,143.16666666666666,120.33333333333333,86.42648829373942,3.8868778280542986,3.3738317757009346,8.381656804733728,6.666666666666667,0.6331360946745562,0.5246376811594203,18.916666666666668,17.166666666666668,0.3933333333333333,0.38271604938271603,2.3333333333333335,2.0,-0.3333333333333335,71.75,0.4513888888888889
2006,UTEP,12,12,0.4166666666666667,27.333333333333332,31.25,-3.916666666666668,9.537803571561797,14.189998611911863,370.4166666666667,394.9166666666667,328.3333333333333,252.66666666666666,57.583333333333336,152.41666666666666,100.11398806390945,2.3993055555555554,4.16628701594533,8.814317673378076,7.656565656565657,0.6487695749440716,0.6464646464646465,17.666666666666668,21.75,0.36666666666666664,0.43902439024390244,2.1666666666666665,2.0833333333333335,-0.08333333333333304,52.583333333333336,0.4460470085470085
2006,Utah,12,12,0.5833333333333334,28.166666666666668,20.416666666666668,7.75,14.91694176147214,24.528740100320906,338.9166666666667,318.5833333333333,222.58333333333334,221.66666666666666,126.08333333333333,103.66666666666667,142.19861803019384,3.9401041666666665,3.133501259445844,7.523943661971831,8.26086956521739,0.5661971830985916,0.6086956521739131,17.416666666666668,17.0,0.43478260869565216,0.4,1.5833333333333333,1.75,0.16666666666666674,52.5,0.4513888888888889
2006,Utah State,12,12,0.08333333333333333,10.833333333333334,38.5,-27.666666666666664,10.752025883807228,16.843306376628362,245.16666666666666,409.5833333333333,141.66666666666666,243.58333333333334,111.08333333333333,173.91666666666666,108.54394445931969,3.2751842751842752,5.102689486552567,6.049822064056939,10.01027397260274,0.5338078291814946,0.6438356164383562,13.5,19.916666666666668,0.28289473684210525,0.4701492537313433,1.75,1.5833333333333333,-0.16666666666666674,43.583333333333336,0.5833333333333334
2006,Vanderbilt,12,12,0.3333333333333333,22.0,23.666666666666668,-1.6666666666666679,13.490737563232042,18.460440915316155,350.9166666666667,350.6666666666667,210.33333333333334,205.08333333333334,149.66666666666666,155.66666666666666,131.81216548443837,4.664935064935065,4.123620309050772,7.489614243323442,8.399317406143345,0.5548961424332344,0.6006825938566553,17.666666666666668,18.25,0.3288590604026846,0.40714285714285714,2.3333333333333335,2.4166666666666665,0.08333333333333304,32.916666666666664,0.5090811965811967
2006,Villanova,1,1,0.0,16.0,35.0,-19.0,,,322.0,304.0,228.0,217.0,81.0,105.0,,2.6129032258064515,2.763157894736842,7.125,10.85,0.6875,0.75,16.0,18.0,,0.5833333333333334,1.0,0.0,-1.0,5.0,0.3333333333333333
2006,Virginia,12,12,0.4166666666666667,15.083333333333334,17.833333333333332,-2.7499999999999982,10.68948789770359,20.00511298279881,257.1666666666667,289.5,175.5,187.08333333333334,99.91666666666667,119.33333333333333,90.61389952914942,3.293956043956044,3.3302325581395347,6.104347826086957,7.714776632302406,0.5884057971014492,0.5876288659793815,14.0,13.666666666666666,0.30538922155688625,0.3235294117647059,1.3333333333333333,1.5,0.16666666666666674,31.75,0.4951923076923077
2006,Virginia Military,1,1,0.0,7.0,62.0,-55.0,,,191.0,426.0,13.0,148.0,170.0,278.0,,4.594594594594595,5.346153846153846,1.1818181818181819,9.866666666666667,0.2727272727272727,0.7333333333333333,8.0,23.0,0.09090909090909091,0.7857142857142857,4.0,2.0,-2.0,5.0,0.25
2006,Virginia Tech,12,12,0.8333333333333334,26.0,9.333333333333334,16.666666666666664,10.180194675759576,17.23280873710658,304.0,221.08333333333334,201.5,141.75,119.33333333333333,92.91666666666667,92.40621781519407,3.337995337995338,2.801507537688442,8.196610169491525,5.805460750853243,0.5661016949152542,0.5187713310580204,15.583333333333334,11.5,0.36875,0.28205128205128205,1.8333333333333333,2.5,0.6666666666666667,48.833333333333336,0.48504273504273504
2006,Wake Forest,13,13,0.8461538461538461,22.23076923076923,14.692307692307692,7.538461538461538,9.238992064017285,13.562296908558572,301.2307692307692,312.15384615384613,160.84615384615384,220.30769230769232,152.92307692307693,104.3076923076923,68.59804886213824,3.875243664717349,3.0888382687927107,8.23228346456693,6.968369829683699,0.65748031496063,0.559610705596107,16.384615384615383,18.153846153846153,0.3522012578616352,0.3391812865497076,1.2307692307692308,2.230769230769231,1.0,44.92307692307692,0.4314595660749507
2006,Washington,12,12,0.4166666666666667,21.833333333333332,25.916666666666668,-4.083333333333336,8.799104637645948,10.612671100094824,321.75,379.75,204.0,254.58333333333334,127.91666666666667,139.58333333333334,111.35049087535187,3.818407960199005,3.9976133651551313,6.563002680965147,7.873711340206185,0.47989276139410186,0.6134020618556701,15.75,19.0,0.3352601156069364,0.33727810650887574,2.0,1.25,-0.75,39.666666666666664,0.5795940170940171
2006,Washington State,12,12,0.5,24.583333333333332,23.083333333333332,1.5,14.650214601799794,22.677582042023953,388.0833333333333,357.1666666666667,274.8333333333333,260.6666666666667,128.33333333333334,114.08333333333333,116.84602014721091,3.9285714285714284,3.4225,7.669767441860465,8.167101827676241,0.6046511627906976,0.5587467362924282,20.25,17.583333333333332,0.37349397590361444,0.3869047619047619,2.0,2.5,0.5,48.583333333333336,0.5438034188034188
2006,Weber State,1,1,0.0,6.0,30.0,-24.0,,,86.0,361.0,110.0,226.0,-38.0,149.0,,-1.5833333333333333,3.8205128205128207,4.583333333333333,10.272727272727273,0.5416666666666666,0.6818181818181818,0.0,24.0,,0.6363636363636364,0.0,1.0,1.0,55.0,0.3333333333333333
2006,West Virginia,12,12,0.8333333333333334,38.916666666666664,20.583333333333332,18.333333333333332,8.784887160586777,16.333642545001368,463.0,324.1666666666667,166.75,253.5,302.3333333333333,87.75,100.63073811984812,6.656880733944954,2.808,9.178899082568808,7.681818181818182,0.6422018348623854,0.5681818181818182,21.333333333333332,18.833333333333332,0.5070422535211268,0.41566265060240964,1.5,1.9166666666666667,0.41666666666666674,68.5,0.5069444444444444
2006,Western Carolina,1,1,0.0,0.0,62.0,-62.0,,,59.0,582.0,29.0,300.0,24.0,282.0,,0.8571428571428571,8.294117647058824,2.4166666666666665,12.5,0.4166666666666667,0.7916666666666666,4.0,27.0,0.16666666666666666,0.7777777777777778,0.0,0.0,0.0,35.0,0.9230769230769231
2006,Western Illinois,1,1,0.0,10.0,34.0,-24.0,,,246.0,336.0,166.0,248.0,80.0,109.0,,3.6363636363636362,2.7948717948717947,3.9523809523809526,8.857142857142858,0.5,0.5357142857142857,16.0,20.0,0.5,0.5625,3.0,2.0,-1.0,41.0,0.9166666666666666
2006,Western Kentucky,1,1,0.0,12.0,48.0,-36.0,,,193.0,295.0,149.0,166.0,67.0,136.0,,1.9142857142857144,5.037037037037037,5.518518518518518,6.64,0.4444444444444444,0.48,0.0,16.0,,0.36363636363636365,2.0,2.0,0.0,0.0,0.6666666666666666
2006,Western Michigan,12,12,0.6666666666666666,22.916666666666668,19.333333333333332,3.5833333333333357,10.25544940137888,16.648550760478898,315.5,269.4166666666667,189.0,222.41666666666666,136.91666666666666,71.91666666666667,80.08801976007965,3.7171945701357467,2.494219653179191,6.24793388429752,7.736231884057971,0.628099173553719,0.5971014492753624,17.25,14.583333333333334,0.3812154696132597,0.2967741935483871,1.8333333333333333,2.6666666666666665,0.8333333333333333,58.0,0.4070512820512821
2006,William & Mary,1,1,0.0,14.0,27.0,-13.0,,,310.0,366.0,213.0,153.0,84.0,213.0,,2.896551724137931,5.325,5.195121951219512,7.65,0.6097560975609756,0.45,16.0,18.0,0.26666666666666666,0.2,0.0,4.0,4.0,15.0,0.6666666666666666
2006,Wisconsin,12,12,0.9166666666666666,30.25,11.916666666666666,18.333333333333336,13.143439428094915,15.167748879138463,387.5,243.5,226.16666666666666,152.08333333333334,175.58333333333334,105.0,86.46544238753845,4.147637795275591,3.559322033898305,9.138047138047138,5.140845070422535,0.6094276094276094,0.4788732394366197,19.166666666666668,13.333333333333334,0.41935483870967744,0.2874251497005988,2.1666666666666665,2.0,-0.16666666666666652,35.833333333333336,0.4054487179487179
2006,Wofford,1,1,0.0,20.0,27.0,-7.0,,,357.0,361.0,64.0,213.0,290.0,165.0,,4.754098360655738,5.32258064516129,5.818181818181818,10.65,0.45454545454545453,0.6,17.0,13.0,0.47368421052631576,0.4166666666666667,1.0,2.0,1.0,70.0,0.5833333333333334
2006,Wyoming,12,12,0.5,21.5,22.0,-0.5,11.866683690828783,20.99134020581734,311.3333333333333,262.9166666666667,197.91666666666666,172.41666666666666,132.33333333333334,106.58333333333333,93.82704914636905,3.600907029478458,3.1658415841584158,6.864161849710983,6.4858934169279,0.6069364161849711,0.5203761755485894,18.333333333333332,13.666666666666666,0.32142857142857145,0.34705882352941175,2.0833333333333335,1.9166666666666667,-0.16666666666666674,45.333333333333336,0.47222222222222227
2006,Youngstown State,1,1,0.0,3.0,37.0,-34.0,,,184.0,568.0,111.0,179.0,47.0,389.0,,1.6785714285714286,9.974358974358974,4.111111111111111,5.59375,0.5925925925925926,0.4375,10.0,26.0,0.23076923076923078,0.36363636363636365,3.0,1.0,-2.0,20.0,0.6666666666666666
2007,Air Force,12,12,0.75,29.416666666666668,19.333333333333332,10.083333333333336,13.351597339462852,17.085125552699786,418.9166666666667,357.1666666666667,128.58333333333334,236.33333333333334,298.5,131.0,114.03943363697675,5.427272727272728,3.275,7.953608247422681,7.1077694235588975,0.6237113402061856,0.5714285714285714,21.083333333333332,19.416666666666668,0.43023255813953487,0.3901098901098901,1.5,2.4166666666666665,0.9166666666666665,44.25,0.4236111111111111
2007,Akron,12,12,0.3333333333333333,21.166666666666668,29.166666666666668,-8.0,14.351644399499905,13.954471424144762,311.6666666666667,408.6666666666667,200.66666666666666,234.58333333333334,127.83333333333333,183.75,114.15008727216299,3.4943052391799543,4.4817073170731705,6.438502673796791,7.162849872773537,0.5374331550802139,0.6132315521628499,17.416666666666668,21.75,0.3551912568306011,0.4124293785310734,2.3333333333333335,2.0,-0.3333333333333335,52.916666666666664,0.5133547008547009
2007,Alabama,12,12,0.5,26.833333333333332,21.833333333333332,5.0,13.320069159889616,16.158307742177367,372.5,341.0833333333333,235.5,223.0,150.66666666666666,128.25,102.51607412764818,3.9911699779249448,3.481900452488688,6.422727272727273,6.896907216494846,0.5545454545454546,0.5360824742268041,22.666666666666668,18.166666666666668,0.3695652173913043,0.38823529411764707,1.6666666666666667,1.8333333333333333,0.16666666666666652,36.0,0.5587606837606838
2007,Alcorn State,1,1,0.0,0.0,22.0,-22.0,,,233.0,332.0,137.0,121.0,96.0,211.0,,3.310344827586207,4.688888888888889,5.269230769230769,5.5,0.5384615384615384,0.4090909090909091,11.0,16.0,0.23076923076923078,0.375,2.0,1.0,-1.0,50.0,0.16666666666666666
2007,Appalachian State,1,1,1.0,34.0,32.0,2.0,,,387.0,479.0,211.0,243.0,160.0,246.0,,3.6363636363636362,6.15,9.173913043478262,6.5675675675675675,0.7391304347826086,0.5135135135135135,19.0,22.0,,0.4666666666666667,3.0,2.0,-1.0,45.0,0.6666666666666666
2007,Arizona,12,12,0.4166666666666667,28.0,26.833333333333332,1.1666666666666679,14.006492001276344,14.102439075521223,385.25,372.1666666666667,329.5833333333333,246.75,76.75,138.0,117.94923792578199,2.878125,3.592190889370933,7.448210922787194,6.550884955752212,0.6252354048964218,0.5752212389380531,19.916666666666668,20.5,0.3502824858757062,0.4321608040201005,2.25,2.0833333333333335,-0.16666666666666652,53.416666666666664,0.5464743589743589
2007,Arizona State,12,12,0.8333333333333334,32.166666666666664,20.083333333333332,12.083333333333332,9.427554713645945,18.282919666047636,405.6666666666667,334.4166666666667,287.6666666666667,249.0,146.58333333333334,100.91666666666667,86.59029268849244,3.3697318007662833,3.4305949008498584,9.132275132275133,6.567032967032967,0.6349206349206349,0.5186813186813187,22.166666666666668,17.333333333333332,0.39267015706806285,0.3131868131868132,1.75,2.3333333333333335,0.5833333333333335,57.0,0.49091880341880345
2007,Arkansas,12,12,0.6666666666666666,39.833333333333336,25.583333333333332,14.250000000000004,17.108388869118265,24.068557383969953,457.4166666666667,357.8333333333333,167.16666666666666,224.75,296.75,146.66666666666666,140.38353848933954,6.193043478260869,3.8260869565217392,7.164285714285715,5.9144736842105265,0.5714285714285714,0.45614035087719296,21.166666666666668,20.666666666666668,0.4519774011299435,0.324468085106383,1.75,2.25,0.5,54.75,0.4615384615384615
2007,Arkansas State,12,12,0.4166666666666667,24.25,27.583333333333332,-3.333333333333332,15.852301238162697,16.55477592903649,379.8333333333333,363.4166666666667,224.5,206.75,176.0,166.16666666666666,139.844610734612,4.591304347826087,4.119834710743802,6.943298969072165,7.170520231213873,0.5283505154639175,0.5722543352601156,20.083333333333332,19.583333333333332,0.36257309941520466,0.37714285714285717,2.0833333333333335,1.8333333333333333,-0.2500000000000002,60.083333333333336,0.4465811965811966
2007,Arkansas-Pine Bluff,1,1,0.0,17.0,20.0,-3.0,,,297.0,367.0,234.0,253.0,63.0,118.0,,2.032258064516129,3.806451612903226,6.685714285714286,5.883720930232558,0.45714285714285713,0.7441860465116279,15.0,22.0,0.375,0.3076923076923077,1.0,2.0,1.0,70.0,0.3076923076923077
2007,Army,12,12,0.25,16.916666666666668,30.333333333333332,-13.416666666666664,11.325420588885496,16.07063009079456,275.5,423.5,206.66666666666666,195.91666666666666,87.41666666666667,233.5,92.8317148001009,2.6225,4.7572156196943975,6.526315789473684,7.78476821192053,0.5289473684210526,0.6456953642384106,14.25,22.083333333333332,0.25862068965517243,0.4444444444444444,2.75,1.75,-1.0,30.833333333333332,0.5272435897435898
2007,Auburn,12,12,0.6666666666666666,24.333333333333332,16.666666666666668,7.666666666666664,12.27957160441189,17.530925056406275,327.8333333333333,298.3333333333333,188.25,192.41666666666666,154.16666666666666,119.33333333333333,64.0750033991888,3.7298387096774195,3.4757281553398056,7.217252396166134,6.2405405405405405,0.5686900958466453,0.5648648648648649,18.5,16.25,0.36585365853658536,0.37640449438202245,2.0,2.0833333333333335,0.08333333333333348,48.25,0.5267094017094017
2007,BYU,12,12,0.8333333333333334,31.166666666666668,18.75,12.416666666666668,10.768922739517494,13.426285842151266,457.5833333333333,307.1666666666667,312.5833333333333,230.33333333333334,153.58333333333334,92.08333333333333,89.06428560145177,3.9634408602150537,2.892670157068063,8.014957264957266,6.5966587112171835,0.5961538461538461,0.5871121718377088,24.75,16.833333333333332,0.4585635359116022,0.35359116022099446,2.4166666666666665,1.5833333333333333,-0.8333333333333333,63.583333333333336,0.453525641025641
2007,Ball State,12,12,0.5833333333333334,31.583333333333332,26.333333333333332,5.25,10.858246412359371,17.20531101935467,430.9166666666667,417.3333333333333,291.4166666666667,229.08333333333334,147.25,197.0,85.612720309472,4.062068965517241,4.854209445585216,8.039080459770116,7.809659090909091,0.5701149425287356,0.6363636363636364,21.75,18.916666666666668,0.4734042553191489,0.423841059602649,0.9166666666666666,2.3333333333333335,1.416666666666667,56.166666666666664,0.45085470085470086
2007,Baylor,12,12,0.25,18.166666666666668,37.0,-18.833333333333332,12.790858478071776,22.081803834969204,351.3333333333333,461.5833333333333,288.5,288.5,77.91666666666667,182.33333333333334,99.82014128451534,3.1375838926174495,4.393574297188755,6.171122994652406,8.01388888888889,0.5508021390374331,0.6481481481481481,18.5,21.75,0.35135135135135137,0.36875,3.4166666666666665,1.5833333333333333,-1.8333333333333333,43.416666666666664,0.5357905982905983
2007,Boise State,12,12,0.8333333333333334,42.75,20.0,22.75,17.035390968643647,24.702318625071317,475.6666666666667,326.8333333333333,291.4166666666667,227.58333333333334,192.16666666666666,115.25,103.0386805863201,4.668016194331984,3.431761786600496,8.40625,6.726600985221675,0.6658653846153846,0.5369458128078818,23.583333333333332,17.416666666666668,0.5187165775401069,0.3373493975903614,1.5,1.75,0.25,64.0,0.405448717948718
2007,Boston College,13,13,0.7692307692307693,28.615384615384617,20.307692307692307,8.30769230769231,11.521996799878494,12.893051199416266,436.53846153846155,331.38461538461536,341.53846153846155,277.53846153846155,106.84615384615384,68.07692307692308,76.18247325185256,3.5433673469387754,2.229219143576826,7.254901960784314,6.70631970260223,0.6013071895424836,0.5910780669144982,24.0,17.692307692307693,0.4321608040201005,0.3838383838383838,2.0,2.3076923076923075,0.3076923076923075,59.61538461538461,0.5212031558185404
2007,Bowling Green,12,12,0.6666666666666666,32.083333333333336,29.5,2.5833333333333357,10.422513510607116,20.11990571699097,416.9166666666667,413.0,302.1666666666667,218.58333333333334,130.08333333333334,205.33333333333334,76.41686907213536,4.065104166666667,4.6403013182674195,7.325252525252525,7.8532934131736525,0.6303030303030303,0.6017964071856288,23.833333333333332,20.5,0.42168674698795183,0.4620253164556962,1.9166666666666667,2.3333333333333335,0.41666666666666674,57.833333333333336,0.3872863247863248
2007,Buffalo,12,12,0.4166666666666667,24.25,27.583333333333332,-3.333333333333332,11.80234953496356,21.88122205883115,347.9166666666667,405.5833333333333,232.83333333333334,242.33333333333334,130.0,174.66666666666666,69.85108619358931,3.6533957845433256,4.3395445134575565,7.31413612565445,7.418367346938775,0.6858638743455497,0.5994897959183674,18.25,22.5,0.3508771929824561,0.4470588235294118,1.4166666666666667,1.75,0.33333333333333326,53.5,0.4342948717948718
2007,Cal Poly SLO,1,1,0.0,13.0,20.0,-7.0,,,346.0,336.0,175.0,109.0,171.0,235.0,,3.3529411764705883,5.7317073170731705,7.291666666666667,4.954545454545454,0.4166666666666667,0.3181818181818182,20.0,19.0,0.3125,0.4666666666666667,4.0,2.0,-2.0,25.0,0.08333333333333333
2007,California,12,12,0.5,28.25,26.0,2.25,11.144709303276844,13.34251577749591,399.1666666666667,375.0,241.75,236.58333333333334,162.66666666666666,152.16666666666666,50.40171954738584,4.796068796068796,3.8768577494692145,6.9735576923076925,6.695754716981132,0.5889423076923077,0.6132075471698113,20.333333333333332,20.666666666666668,0.4311377245508982,0.3858695652173913,2.1666666666666665,2.4166666666666665,0.25,64.5,0.5277777777777778
2007,Central Arkansas,1,1,0.0,7.0,28.0,-21.0,,,386.0,261.0,246.0,75.0,110.0,190.0,,2.619047619047619,5.277777777777778,4.730769230769231,3.260869565217391,0.5769230769230769,0.5217391304347826,28.0,13.0,,0.18181818181818182,6.0,2.0,-4.0,41.0,0.4166666666666667
2007,Central Conn. State,1,1,0.0,14.0,51.0,-37.0,,,223.0,389.0,3.0,205.0,196.0,184.0,,3.5636363636363635,5.111111111111111,0.375,6.029411764705882,0.375,0.7058823529411765,15.0,23.0,0.5625,0.5,5.0,1.0,-4.0,21.0,0.4166666666666667
2007,Central Michigan,13,13,0.6153846153846154,33.76923076923077,35.84615384615385,-2.07692307692308,15.583933212092973,27.852173878237757,447.9230769230769,450.2307692307692,273.38461538461536,297.46153846153845,182.84615384615384,165.3846153846154,120.81422483746243,5.00421052631579,4.142581888246628,6.8084291187739465,7.95679012345679,0.6590038314176245,0.654320987654321,23.615384615384617,24.46153846153846,0.41379310344827586,0.4387755102040816,1.8461538461538463,2.076923076923077,0.23076923076923084,61.76923076923077,0.4970414201183432
2007,Charleston Southern,1,1,0.0,10.0,66.0,-56.0,,,292.0,510.0,220.0,363.0,72.0,147.0,,1.8,5.653846153846154,5.365853658536586,8.066666666666666,0.4634146341463415,0.6222222222222222,15.0,22.0,0.25,0.38461538461538464,4.0,3.0,-1.0,50.0,1.0
2007,Chattanooga,1,1,0.0,15.0,34.0,-19.0,,,172.0,373.0,11.0,131.0,161.0,257.0,,3.926829268292683,4.849056603773585,0.5,5.954545454545454,0.18181818181818182,0.5909090909090909,7.0,20.0,0.0625,0.35714285714285715,1.0,3.0,2.0,20.0,0.6666666666666666
2007,Cincinnati,12,12,0.75,36.75,18.583333333333332,18.166666666666668,13.478096709442731,19.49281141779443,436.3333333333333,370.6666666666667,294.4166666666667,283.0833333333333,154.16666666666666,105.66666666666667,100.54246803608851,4.101995565410199,3.004739336492891,8.575242718446601,7.368763557483731,0.6213592233009708,0.6008676789587852,21.833333333333332,19.666666666666668,0.39156626506024095,0.3532934131736527,1.9166666666666667,3.4166666666666665,1.4999999999999998,81.41666666666667,0.4759615384615385
2007,Citadel,1,1,0.0,31.0,45.0,-14.0,,,377.0,463.0,254.0,236.0,123.0,253.0,,3.4166666666666665,5.5,7.257142857142857,11.238095238095237,0.6571428571428571,0.7142857142857143,23.0,24.0,0.4166666666666667,0.5454545454545454,1.0,1.0,0.0,64.0,0.75
2007,Clemson,12,12,0.75,34.166666666666664,18.333333333333332,15.833333333333332,17.78065002050024,21.51461800448216,412.4166666666667,296.4166666666667,274.3333333333333,199.5,158.83333333333334,111.66666666666667,128.3174035764676,4.072649572649572,3.308641975308642,7.800947867298579,6.267015706806283,0.6658767772511849,0.5785340314136126,23.25,16.583333333333332,0.4375,0.3595505617977528,1.0833333333333333,2.0833333333333335,1.0000000000000002,46.25,0.5053418803418803
2007,Colorado,12,12,0.5,27.583333333333332,29.416666666666668,-1.8333333333333357,16.70850808493213,22.586533933995163,377.0,389.4166666666667,236.16666666666666,272.5833333333333,150.0,127.66666666666667,124.33751719339655,3.938730853391685,3.958656330749354,6.5,7.383747178329571,0.5573394495412844,0.5733634311512416,19.333333333333332,19.666666666666668,0.34536082474226804,0.3468208092485549,2.1666666666666665,1.75,-0.4166666666666665,58.416666666666664,0.5614316239316239
2007,Colorado State,12,12,0.25,25.333333333333332,30.75,-5.416666666666668,12.572215638486561,14.298495364791698,378.8333333333333,415.1666666666667,232.0,221.58333333333334,166.66666666666666,207.25,79.3998320737099,3.838771593090211,4.905325443786983,8.810126582278482,8.009036144578314,0.6234177215189873,0.6295180722891566,19.833333333333332,21.166666666666668,0.41530054644808745,0.42771084337349397,2.0,2.0,0.0,42.25,0.5069444444444444
2007,Connecticut,12,12,0.75,27.833333333333332,18.583333333333332,9.25,12.51786602009183,24.338988549986286,358.3333333333333,346.3333333333333,211.0,201.08333333333334,165.25,158.5,82.71345205899192,3.9345238095238093,4.382488479262673,7.626506024096385,6.155612244897959,0.5692771084337349,0.576530612244898,19.5,17.5,0.35428571428571426,0.3539325842696629,1.25,2.3333333333333335,1.0833333333333335,47.0,0.4583333333333333
2007,Delaware,1,1,1.0,59.0,52.0,7.0,,,581.0,506.0,420.0,164.0,147.0,342.0,,4.454545454545454,5.2615384615384615,10.24390243902439,10.933333333333334,0.7317073170731707,0.6666666666666666,29.0,26.0,0.5384615384615384,0.6428571428571429,0.0,2.0,2.0,61.0,0.6666666666666666
2007,Delaware State,1,1,0.0,7.0,38.0,-31.0,,,191.0,468.0,74.0,288.0,117.0,201.0,,2.8536585365853657,5.583333333333333,3.5238095238095237,8.727272727272727,0.5238095238095238,0.5454545454545454,9.0,21.0,0.0,0.42857142857142855,1.0,5.0,4.0,54.0,0.25
2007,Duke,12,12,0.08333333333333333,17.916666666666668,33.166666666666664,-15.249999999999996,11.309355204940516,12.785823114968888,271.0833333333333,424.3333333333333,231.16666666666666,257.4166666666667,64.0,180.25,105.20495869175244,2.0425531914893615,4.291666666666667,7.242819843342037,8.215425531914894,0.5483028720626631,0.6436170212765957,14.333333333333334,21.75,0.31666666666666665,0.4371584699453552,1.9166666666666667,1.5,-0.41666666666666674,52.5,0.5913461538461539
2007,East Carolina,12,12,0.5833333333333334,30.166666666666668,29.75,0.41666666666666785,17.48679155213668,20.478184992964113,377.9166666666667,436.4166666666667,220.25,304.1666666666667,171.33333333333334,145.83333333333334,132.6372074038005,4.7373271889400925,3.90625,7.085790884718499,7.668067226890757,0.5656836461126006,0.6386554621848739,18.5,23.083333333333332,0.3869047619047619,0.4,1.0833333333333333,2.5,1.4166666666666667,59.583333333333336,0.5096153846153846
2007,Eastern Illinois,1,1,0.0,6.0,52.0,-46.0,,,236.0,533.0,153.0,361.0,83.0,178.0,,3.772727272727273,4.684210526315789,4.026315789473684,7.078431372549019,0.5,0.7647058823529411,11.0,34.0,0.2,0.5555555555555556,1.0,0.0,-1.0,30.0,0.5833333333333334
2007,Eastern Kentucky,1,1,0.0,10.0,50.0,-40.0,,,202.0,568.0,59.0,294.0,130.0,288.0,,4.333333333333333,6.545454545454546,1.903225806451613,8.909090909090908,0.5161290322580645,0.696969696969697,13.0,31.0,,0.5833333333333334,2.0,2.0,0.0,39.0,0.5833333333333334
2007,Eastern Michigan,12,12,0.3333333333333333,24.166666666666668,31.166666666666668,-7.0,13.842184098113295,15.834369982012946,337.8333333333333,423.25,187.0,232.75,157.08333333333334,195.58333333333334,98.5603952668186,4.12472647702407,5.2155555555555555,6.21606648199446,7.31151832460733,0.5955678670360111,0.6047120418848168,18.166666666666668,23.25,0.4111111111111111,0.5,1.6666666666666667,2.4166666666666665,0.7499999999999998,50.083333333333336,0.4471153846153846
2007,Eastern Washington,1,1,0.0,7.0,42.0,-35.0,,,266.0,377.0,212.0,156.0,42.0,221.0,,1.4482758620689655,4.702127659574468,6.057142857142857,5.2,0.6,0.5,14.0,23.0,0.26666666666666666,0.3125,3.0,1.0,-2.0,47.0,0.8333333333333334
2007,Elon University,1,1,0.0,13.0,28.0,-15.0,,,259.0,373.0,198.0,249.0,33.0,135.0,,1.1,4.090909090909091,3.6,6.384615384615385,0.6181818181818182,0.5897435897435898,19.0,19.0,,0.4666666666666667,2.0,2.0,0.0,60.0,0.75
2007,FIU,12,12,0.08333333333333333,15.083333333333334,39.083333333333336,-24.0,11.204368736697251,22.811480363265257,269.6666666666667,447.25,169.5,256.6666666666667,119.08333333333333,203.66666666666666,90.4768512165438,3.3232558139534882,5.081081081081081,5.861671469740634,8.148148148148149,0.45821325648414984,0.6243386243386243,13.75,21.0,0.2413793103448276,0.4152046783625731,2.8333333333333335,1.6666666666666667,-1.1666666666666667,46.0,0.513888888888889
2007,Florida,12,12,0.75,43.083333333333336,24.166666666666668,18.916666666666668,14.418790349801025,19.388179779224124,461.5,345.0833333333333,269.0833333333333,257.5833333333333,197.66666666666666,99.33333333333333,90.03181255937966,5.213186813186813,3.017721518987342,9.874617737003058,7.23887587822014,0.6788990825688074,0.5901639344262295,23.916666666666668,18.5,0.562962962962963,0.40963855421686746,1.25,1.3333333333333333,0.08333333333333326,63.0,0.5657051282051282
2007,Florida Atlantic,12,12,0.5833333333333334,30.083333333333332,33.75,-3.666666666666668,12.908477364847796,21.295895179943752,413.0833333333333,417.0833333333333,296.8333333333333,245.41666666666666,126.91666666666667,179.5,101.13578481278014,3.525462962962963,4.797327394209354,7.594882729211087,6.444201312910285,0.5650319829424307,0.6477024070021882,20.75,22.666666666666668,0.390625,0.4463276836158192,1.25,2.75,1.5,52.5,0.4305555555555556
2007,Florida State,12,12,0.5833333333333334,22.916666666666668,21.916666666666668,1.0,6.0371325724195986,15.403659541574115,360.0,350.4166666666667,248.41666666666666,248.58333333333334,121.08333333333333,114.41666666666667,99.99090867764839,3.5181598062953996,3.284688995215311,7.165865384615385,7.205314009661835,0.5625,0.5603864734299517,17.75,18.5,0.31693989071038253,0.3315508021390374,1.8333333333333333,2.0833333333333335,0.2500000000000002,64.0,0.530448717948718
2007,Fresno State,12,12,0.6666666666666666,32.25,26.916666666666668,5.333333333333332,10.575486234254624,16.41137816678823,406.9166666666667,409.8333333333333,211.66666666666666,237.75,204.66666666666666,182.75,76.87115351303272,4.704980842911877,4.995444191343964,8.14102564102564,6.65034965034965,0.6153846153846154,0.578088578088578,21.25,21.166666666666668,0.39634146341463417,0.3942857142857143,1.75,1.25,-0.5,52.416666666666664,0.44925213675213677
2007,Furman,1,1,0.0,10.0,38.0,-28.0,,,384.0,377.0,242.0,364.0,142.0,60.0,,3.9444444444444446,1.8181818181818181,5.627906976744186,16.545454545454547,0.6511627906976745,0.8181818181818182,21.0,19.0,0.4444444444444444,0.5555555555555556,5.0,2.0,-3.0,30.0,0.75
2007,Gardner Webb,2,2,0.0,14.5,33.5,-19.0,0.7071067811865476,4.242640687119285,333.5,408.0,222.0,204.5,99.5,212.0,0.7071067811865476,3.3728813559322033,4.930232558139535,5.285714285714286,8.18,0.5714285714285714,0.58,21.5,19.5,0.21428571428571427,0.3793103448275862,2.0,1.5,-0.5,51.0,0.5416666666666667
2007,Georgia,12,12,0.8333333333333334,31.916666666666668,21.0,10.916666666666668,12.536915187726303,14.450280483803978,379.0833333333333,324.6666666666667,211.33333333333334,226.0,178.75,119.5,68.1128186217988,4.573560767590618,3.4061757719714962,7.502958579881657,7.290322580645161,0.5473372781065089,0.5887096774193549,19.333333333333332,18.5,0.44970414201183434,0.3395061728395062,1.3333333333333333,1.75,0.41666666666666674,56.833333333333336,0.5090811965811967
2007,Georgia Southern,1,1,0.0,34.0,42.0,-8.0,,,509.0,507.0,160.0,244.0,349.0,263.0,,5.816666666666666,6.116279069767442,7.2727272727272725,15.25,0.6363636363636364,0.8125,28.0,22.0,0.4,0.6363636363636364,1.0,2.0,1.0,72.0,0.25
2007,Georgia Tech,12,12,0.5833333333333334,26.083333333333332,19.25,6.833333333333332,17.354372429570667,22.03234536821358,385.4166666666667,310.3333333333333,194.83333333333334,233.83333333333334,202.5,100.16666666666667,94.94348398660726,4.783464566929134,2.7953488372093025,7.063444108761329,7.837988826815643,0.48942598187311176,0.547486033519553,19.833333333333332,15.833333333333334,0.3583815028901734,0.3114754098360656,2.0,1.8333333333333333,-0.16666666666666674,59.083333333333336,0.48183760683760685
2007,Grambling State,2,2,0.0,12.0,31.0,-19.0,2.8284271247461903,7.0710678118654755,202.0,355.5,141.5,199.0,40.0,165.5,52.32590180780452,1.4545454545454546,3.7613636363636362,3.8767123287671232,8.652173913043478,0.4520547945205479,0.6739130434782609,13.0,18.0,0.2903225806451613,0.4230769230769231,2.5,4.5,2.0,83.5,0.45833333333333337
2007,Hawaii,12,12,1.0,46.166666666666664,24.166666666666668,21.999999999999996,11.060440015358038,20.171987777834165,528.5833333333334,341.9166666666667,460.25,223.75,79.08333333333333,131.66666666666666,51.785323181087676,3.636015325670498,3.4347826086956523,9.113861386138614,6.288056206088993,0.6996699669966997,0.5737704918032787,27.25,20.5,0.475177304964539,0.2864864864864865,2.5,2.5,0.0,61.0,0.32211538461538464
2007,Houston,12,12,0.6666666666666666,36.333333333333336,29.916666666666668,6.416666666666668,14.079858814719138,26.348911770984994,513.1666666666666,365.6666666666667,288.9166666666667,234.83333333333334,239.91666666666666,141.83333333333334,114.53688039097698,5.059753954305799,3.9126436781609195,8.68922305764411,7.8277777777777775,0.6716791979949874,0.5055555555555555,26.083333333333332,17.75,0.47802197802197804,0.38011695906432746,2.5833333333333335,2.0,-0.5833333333333335,65.91666666666667,0.34241452991452986
2007,Howard,1,1,0.0,15.0,38.0,-23.0,,,434.0,329.0,152.0,214.0,257.0,115.0,,5.711111111111111,3.3823529411764706,4.3428571428571425,10.19047619047619,0.6,0.6666666666666666,28.0,14.0,0.5555555555555556,0.16666666666666666,4.0,0.0,-4.0,77.0,0.3333333333333333
2007,Idaho,12,12,0.08333333333333333,21.5,36.916666666666664,-15.416666666666664,7.090326316378343,13.118053717428259,349.6666666666667,418.6666666666667,209.41666666666666,265.4166666666667,158.16666666666666,161.41666666666666,105.24286487007376,4.0042194092827,3.874,6.410714285714286,8.678474114441418,0.45153061224489793,0.662125340599455,19.5,23.666666666666668,0.31746031746031744,0.41916167664670656,3.0,2.1666666666666665,-0.8333333333333335,64.75,0.47702991452991456
2007,Idaho State,1,1,0.0,10.0,61.0,-51.0,,,335.0,607.0,300.0,458.0,35.0,175.0,,1.25,4.375,7.5,10.904761904761905,0.6,0.6904761904761905,18.0,29.0,0.4117647058823529,0.7058823529411765,4.0,1.0,-3.0,49.0,0.6666666666666666
2007,Illinois,12,12,0.75,28.75,19.5,9.25,10.821905394321112,11.717314305994122,423.3333333333333,355.4166666666667,163.58333333333334,262.5,266.1666666666667,114.5,110.69723929655511,5.724014336917563,3.279236276849642,6.839721254355401,7.142857142857143,0.5574912891986062,0.5850340136054422,21.5,19.5,0.4431137724550898,0.37967914438502676,1.9166666666666667,2.0833333333333335,0.16666666666666674,47.5,0.5219017094017094
2007,Illinois State,1,1,0.0,17.0,38.0,-21.0,,,397.0,581.0,229.0,341.0,155.0,240.0,,3.7804878048780486,6.857142857142857,6.1891891891891895,8.525,0.5945945945945946,0.6,22.0,31.0,0.47058823529411764,0.7272727272727273,1.0,3.0,2.0,25.0,0.8461538461538461
2007,Indiana,12,11,0.5833333333333334,31.583333333333332,26.75,4.833333333333332,13.48708697797694,21.737413634449513,382.1818181818182,414.09090909090907,251.63636363636363,270.8181818181818,150.0,165.36363636363637,93.04925381948871,4.219948849104859,3.8619957537154987,7.28421052631579,7.466165413533835,0.6078947368421053,0.6140350877192983,19.90909090909091,23.272727272727273,0.43125,0.43575418994413406,2.8181818181818183,2.5454545454545454,-0.27272727272727293,49.27272727272727,0.4791666666666667
2007,Indiana State,1,0,0.0,7.0,55.0,-48.0,,,,,,,,,,,,,,,,,,,,,,,,0.5833333333333334
2007,Iowa,12,12,0.5,18.5,18.75,-0.25,9.718772836862968,16.66310568018732,316.3333333333333,351.1666666666667,213.16666666666666,245.16666666666666,126.25,122.0,79.63819701777801,3.458904109589041,3.2246696035242293,6.803191489361702,6.906103286384977,0.5292553191489362,0.57981220657277,16.916666666666668,18.916666666666668,0.3155080213903743,0.40298507462686567,1.1666666666666667,1.8333333333333333,0.6666666666666665,45.833333333333336,0.4583333333333333
2007,Iowa State,12,12,0.25,18.166666666666668,31.75,-13.583333333333332,10.6415423808029,18.143159659338348,326.9166666666667,390.3333333333333,212.66666666666666,266.0,123.66666666666667,136.08333333333334,65.55560905664655,3.1374207188160677,3.953995157384988,6.033096926713948,8.0,0.6004728132387707,0.6967418546365914,19.166666666666668,21.166666666666668,0.41904761904761906,0.432258064516129,2.1666666666666665,1.5,-0.6666666666666665,42.416666666666664,0.6271367521367521
2007,Jacksonville State,1,1,0.0,14.0,35.0,-21.0,,,392.0,485.0,228.0,304.0,164.0,184.0,,3.6444444444444444,5.257142857142857,5.3023255813953485,11.25925925925926,0.5581395348837209,0.6296296296296297,23.0,24.0,0.3684210526315789,0.45454545454545453,2.0,2.0,0.0,55.0,0.5833333333333334
2007,James Madison,1,1,0.0,14.0,37.0,-23.0,,,250.0,327.0,100.0,227.0,150.0,100.0,,3.409090909090909,2.9411764705882355,4.545454545454546,11.947368421052632,0.6363636363636364,0.7368421052631579,15.0,14.0,,0.36363636363636365,3.0,2.0,-1.0,58.0,0.3333333333333333
2007,Kansas,12,12,0.9166666666666666,44.333333333333336,16.0,28.333333333333336,17.665237220615126,22.349835603761193,491.0833333333333,318.25,306.75,237.91666666666666,196.58333333333334,91.41666666666667,86.62506285799459,4.955882352941177,3.0557103064066853,8.423340961098399,5.744466800804829,0.6407322654462243,0.5814889336016097,25.583333333333332,16.333333333333332,0.43529411764705883,0.3128205128205128,1.0833333333333333,2.75,1.6666666666666667,36.5,0.40651709401709407
2007,Kansas State,12,12,0.4166666666666667,35.166666666666664,30.833333333333332,4.333333333333332,13.55013138704052,26.830556980405532,418.1666666666667,400.5833333333333,298.1666666666667,272.0833333333333,132.75,141.58333333333334,79.27952083761875,4.538461538461538,3.6616379310344827,7.015686274509804,7.905569007263923,0.6313725490196078,0.6004842615012107,22.25,22.0,0.4022346368715084,0.3609467455621302,2.0,2.4166666666666665,0.4166666666666665,74.25,0.514957264957265
2007,Kent State,12,12,0.25,21.583333333333332,29.166666666666668,-7.583333333333336,9.529459903929816,19.621223821220333,366.6666666666667,385.5833333333333,187.25,242.08333333333334,200.25,157.25,99.79737046393133,4.409174311926606,3.8198380566801617,7.156050955414012,8.420289855072463,0.5159235668789809,0.6608695652173913,20.333333333333332,20.333333333333332,0.3567251461988304,0.3411764705882353,2.5,1.4166666666666667,-1.0833333333333333,55.666666666666664,0.43696581196581197
2007,Kentucky,12,12,0.5833333333333334,36.666666666666664,29.75,6.916666666666664,14.246743381197579,19.303595206043557,435.3333333333333,389.75,296.75,209.91666666666666,156.5,190.0,90.85286139821036,4.182628062360802,4.470588235294118,7.449790794979079,6.611548556430447,0.6255230125523012,0.5616797900262467,25.5,22.166666666666668,0.4861878453038674,0.48484848484848486,2.25,2.0833333333333335,-0.16666666666666652,53.0,0.5518162393162394
2007,LSU,13,13,0.8461538461538461,38.69230769230769,19.615384615384617,19.076923076923077,10.274439282223755,19.284974887467612,448.15384615384613,283.84615384615387,244.15384615384616,200.53846153846155,218.92307692307693,103.07692307692308,81.82282297118793,5.0550621669627,3.087557603686636,7.648192771084338,6.134117647058823,0.5710843373493976,0.46352941176470586,22.53846153846154,16.307692307692307,0.45365853658536587,0.35978835978835977,1.1538461538461537,2.6153846153846154,1.4615384615384617,64.92307692307692,0.5542406311637081
2007,Liberty,1,1,0.0,34.0,35.0,-1.0,,,282.0,493.0,96.0,236.0,181.0,267.0,,5.838709677419355,4.8545454545454545,5.052631578947368,10.26086956521739,0.5263157894736842,0.8260869565217391,15.0,27.0,0.36363636363636365,0.8,0.0,2.0,2.0,25.0,0.4166666666666667
2007,Louisiana Tech,12,12,0.4166666666666667,20.75,30.666666666666668,-9.916666666666668,12.976377138337327,21.618419475208185,351.25,424.1666666666667,217.75,294.3333333333333,155.58333333333334,137.08333333333334,96.26584875418507,3.8102040816326532,3.9448441247002397,6.2214285714285715,7.6949891067538125,0.5666666666666667,0.5773420479302832,19.833333333333332,21.5,0.29411764705882354,0.38323353293413176,2.25,2.25,0.0,66.83333333333333,0.46420940170940167
2007,Louisville,12,12,0.5,35.166666666666664,31.416666666666668,3.7499999999999964,16.179860283323794,23.59940292002783,488.0,416.5,355.5,260.25,146.08333333333334,165.33333333333334,124.94071321303484,4.19377990430622,4.448430493273543,8.688391038696537,8.44054054054054,0.6435845213849287,0.6243243243243243,25.75,21.0,0.44242424242424244,0.38461538461538464,2.1666666666666665,2.0833333333333335,-0.08333333333333304,68.16666666666667,0.5277777777777778
2007,Maine,1,1,0.0,0.0,38.0,-38.0,,,152.0,379.0,88.0,196.0,64.0,183.0,,2.064516129032258,4.357142857142857,3.3846153846153846,6.758620689655173,0.5769230769230769,0.6206896551724138,7.0,20.0,0.14285714285714285,0.42857142857142855,2.0,1.0,-1.0,48.0,0.75
2007,Marshall,12,12,0.25,24.833333333333332,34.25,-9.416666666666668,11.432277537611204,16.822378673731734,412.8333333333333,450.8333333333333,287.6666666666667,266.9166666666667,141.75,191.0,86.26474401866652,4.169117647058823,4.825263157894737,7.9907407407407405,8.08838383838384,0.6157407407407407,0.6388888888888888,21.333333333333332,23.5,0.38650306748466257,0.47560975609756095,1.4166666666666667,0.5833333333333334,-0.8333333333333334,57.916666666666664,0.6079059829059829
2007,Maryland,12,12,0.5,24.916666666666668,21.583333333333332,3.3333333333333357,9.699656351300973,15.11972422387593,350.5833333333333,355.9166666666667,225.83333333333334,229.25,147.33333333333334,136.66666666666666,83.8661903199846,3.4871794871794872,3.9423076923076925,8.548895899053628,7.017857142857143,0.6498422712933754,0.6020408163265306,18.666666666666668,19.083333333333332,0.4111111111111111,0.36666666666666664,1.25,2.0833333333333335,0.8333333333333335,44.333333333333336,0.5293803418803419
2007,Massachusetts,1,1,0.0,14.0,24.0,-10.0,,,277.0,323.0,195.0,214.0,69.0,119.0,,2.3,3.2162162162162162,6.09375,5.095238095238095,0.53125,0.5714285714285714,0.0,26.0,,0.5882352941176471,0.0,0.0,0.0,0.0,0.7692307692307693
2007,McNeese State,1,1,1.0,38.0,17.0,21.0,,,427.0,318.0,151.0,182.0,276.0,156.0,,5.63265306122449,3.391304347826087,7.190476190476191,7.583333333333333,0.5714285714285714,0.4583333333333333,22.0,17.0,0.46153846153846156,0.4,3.0,5.0,2.0,36.0,0.25
2007,Memphis,12,12,0.5833333333333334,29.416666666666668,31.25,-1.8333333333333321,12.011042898730798,14.959541396308872,447.4166666666667,439.5,313.9166666666667,234.83333333333334,139.58333333333334,209.75,97.70312950541307,3.859447004608295,5.200413223140496,7.45940594059406,7.37696335078534,0.5881188118811881,0.6178010471204188,23.666666666666668,23.0,0.4292929292929293,0.509090909090909,1.3333333333333333,2.0833333333333335,0.7500000000000002,55.666666666666664,0.34188034188034183
2007,Miami (FL),12,12,0.4166666666666667,20.583333333333332,26.0,-5.416666666666668,10.655415467633292,23.313898832839584,315.0833333333333,345.9166666666667,184.08333333333334,227.75,145.58333333333334,133.75,103.28289335899755,3.6548117154811717,3.422174840085288,7.338870431893688,7.921739130434783,0.5348837209302325,0.5681159420289855,15.833333333333334,17.833333333333332,0.30357142857142855,0.3850574712643678,2.6666666666666665,2.25,-0.4166666666666665,51.833333333333336,0.5106837606837608
2007,Miami (OH),13,12,0.46153846153846156,19.23076923076923,25.615384615384617,-6.384615384615387,12.975321743948177,19.834895435143512,366.5833333333333,381.8333333333333,243.08333333333334,228.58333333333334,136.91666666666666,173.41666666666666,121.190652454817,3.9026128266033253,4.264344262295082,6.863529411764706,6.961928934010152,0.5458823529411765,0.5939086294416244,19.25,20.833333333333332,0.3783783783783784,0.453551912568306,2.25,2.1666666666666665,-0.08333333333333348,44.083333333333336,0.4319526627218935
2007,Michigan,12,12,0.6666666666666666,26.083333333333332,20.25,5.833333333333332,12.950663958643085,19.427409565462977,373.5,330.4166666666667,223.33333333333334,194.58333333333334,166.08333333333334,150.75,116.69423916605932,4.0425963488843815,3.824524312896406,6.979166666666667,6.504178272980502,0.5208333333333334,0.5543175487465181,20.833333333333332,17.5,0.41578947368421054,0.3546511627906977,2.0,2.75,0.75,42.916666666666664,0.5902777777777778
2007,Michigan State,12,12,0.5833333333333334,34.083333333333336,26.833333333333332,7.2500000000000036,12.731195282978474,14.353491814632678,426.25,351.3333333333333,242.0,239.16666666666666,200.33333333333334,134.08333333333334,116.36316583711688,4.44362292051756,3.840095465393795,8.134453781512605,7.632978723404255,0.6106442577030813,0.5957446808510638,20.666666666666668,18.166666666666668,0.41621621621621624,0.3485714285714286,1.1666666666666667,1.8333333333333333,0.6666666666666665,51.166666666666664,0.5555555555555555
2007,Middle Tennessee,12,12,0.4166666666666667,25.666666666666668,28.25,-2.583333333333332,15.922159134839456,24.1452360568793,336.8333333333333,415.1666666666667,217.58333333333334,232.0,134.75,199.83333333333334,137.00088475715194,3.522875816993464,4.8640973630831645,8.058641975308642,7.345646437994723,0.5771604938271605,0.5567282321899736,17.333333333333332,20.5,0.3373493975903614,0.4025974025974026,1.5833333333333333,2.5833333333333335,1.0000000000000002,55.916666666666664,0.4594017094017094
2007,Minnesota,12,12,0.08333333333333333,26.25,36.666666666666664,-10.416666666666664,12.969369508751976,10.807895542639466,407.5,518.6666666666666,253.08333333333334,295.8333333333333,161.75,229.33333333333334,115.86394842855366,4.482678983833718,5.6977225672877845,6.68942731277533,8.255813953488373,0.5770925110132159,0.6395348837209303,21.666666666666668,24.0,0.4262295081967213,0.4426229508196721,2.4166666666666665,1.1666666666666667,-1.2499999999999998,41.833333333333336,0.6634615384615384
2007,Mississippi State,12,12,0.5833333333333334,22.416666666666668,24.833333333333332,-2.4166666666666643,10.387565410215965,20.32221504271678,305.3333333333333,341.1666666666667,183.66666666666666,188.25,135.33333333333334,159.0,110.841683440296,3.4775160599571735,4.249443207126949,6.261363636363637,6.223140495867769,0.5113636363636364,0.5426997245179064,17.083333333333332,18.25,0.39325842696629215,0.3812154696132597,2.25,2.0833333333333335,-0.16666666666666652,50.833333333333336,0.5032051282051282
2007,Missouri,13,13,0.8461538461538461,40.0,24.53846153846154,15.46153846153846,9.530652303663866,17.840101758937102,492.6923076923077,380.3076923076923,340.0,277.6923076923077,164.92307692307693,118.84615384615384,100.4907828405045,4.402464065708419,3.6267605633802815,7.992766726943942,6.850094876660341,0.6907775768535263,0.6223908918406073,27.23076923076923,20.615384615384617,0.5343915343915344,0.4375,1.3846153846153846,2.3846153846153846,1.0,43.30769230769231,0.5276134122287969
2007,Missouri State,1,1,0.0,10.0,61.0,-51.0,,,191.0,546.0,122.0,325.0,69.0,221.0,,1.725,5.815789473684211,5.304347826086956,7.738095238095238,0.5217391304347826,0.6904761904761905,14.0,30.0,0.25,0.5384615384615384,1.0,1.0,0.0,92.0,0.4166666666666667
2007,Montana State,1,1,0.0,7.0,38.0,-31.0,,,403.0,390.0,291.0,134.0,99.0,261.0,,2.675675675675676,7.457142857142857,6.0625,5.826086956521739,0.5416666666666666,0.4782608695652174,23.0,16.0,,0.46153846153846156,2.0,1.0,-1.0,15.0,0.5833333333333334
2007,Murray State,1,1,0.0,10.0,73.0,-63.0,,,271.0,655.0,141.0,394.0,130.0,261.0,,3.7142857142857144,6.365853658536586,4.548387096774194,17.130434782608695,0.6129032258064516,0.782608695652174,17.0,30.0,,0.7142857142857143,1.0,0.0,-1.0,30.0,0.5
2007,NC State,12,12,0.4166666666666667,20.75,28.25,-7.5,11.02991799194767,17.370298579105448,334.9166666666667,393.9166666666667,262.8333333333333,219.0,89.25,186.41666666666666,67.97253233119353,3.016901408450704,4.326885880077369,6.282868525896414,6.586466165413534,0.5597609561752988,0.5463659147869674,18.333333333333332,20.25,0.3641025641025641,0.3465346534653465,2.9166666666666665,1.3333333333333333,-1.5833333333333333,54.5,0.5518162393162394
2007,Navy,12,12,0.6666666666666666,39.916666666666664,36.5,3.4166666666666643,14.266670206739862,14.650214601799794,444.5833333333333,438.1666666666667,99.16666666666667,271.0,351.5,172.66666666666666,120.51062445303569,5.654155495978553,4.245901639344262,9.754098360655737,8.741935483870968,0.5491803278688525,0.6908602150537635,23.916666666666668,23.666666666666668,0.525,0.47305389221556887,1.3333333333333333,1.25,-0.08333333333333326,30.583333333333332,0.4375
2007,Nebraska,12,12,0.4166666666666667,33.416666666666664,37.916666666666664,-4.5,19.246998978982926,27.28136226937224,468.25,476.8333333333333,333.4166666666667,252.5,144.41666666666666,232.16666666666666,127.68934247547124,4.155875299760192,5.2368421052631575,8.318087318087318,7.408312958435208,0.6153846153846154,0.5770171149144254,24.333333333333332,24.916666666666668,0.4269005847953216,0.5027624309392266,2.5833333333333335,1.0,-1.5833333333333335,48.666666666666664,0.6121794871794871
2007,Nevada,12,11,0.5,36.25,32.916666666666664,3.3333333333333357,15.00984525388102,20.89076931145051,494.6363636363636,401.3636363636364,276.6363636363636,233.63636363636363,230.54545454545453,180.45454545454547,151.95148747364914,5.031746031746032,4.627039627039627,9.277439024390244,7.6946107784431135,0.5365853658536586,0.5838323353293413,24.727272727272727,20.272727272727273,0.41139240506329117,0.391304347826087,1.7272727272727273,1.4545454545454546,-0.2727272727272727,55.36363636363637,0.4561965811965812
2007,New Hampshire,1,1,1.0,48.0,35.0,13.0,,,502.0,562.0,289.0,483.0,213.0,87.0,,4.346938775510204,3.782608695652174,8.757575757575758,8.327586206896552,0.696969696969697,0.6551724137931034,27.0,29.0,0.6875,0.5,1.0,1.0,0.0,29.0,0.25
2007,New Mexico,12,12,0.6666666666666666,24.833333333333332,20.583333333333332,4.25,15.993369838401124,22.895513653433188,357.4166666666667,329.0833333333333,236.41666666666666,213.58333333333334,131.08333333333334,126.66666666666667,99.82389797067938,3.3974082073434126,3.3043478260869565,7.0925,6.6571428571428575,0.5825,0.561038961038961,18.166666666666668,18.166666666666668,0.365,0.34594594594594597,2.1666666666666665,2.0,-0.16666666666666652,54.0,0.421474358974359
2007,New Mexico State,13,13,0.3076923076923077,24.0,36.23076923076923,-12.230769230769234,11.972189997378647,22.94614653979271,421.61538461538464,429.84615384615387,342.46153846153845,265.53846153846155,91.53846153846153,168.0,120.01565068880147,3.2162162162162162,4.385542168674699,7.146067415730337,8.608478802992519,0.6886035313001605,0.5835411471321695,22.384615384615383,20.307692307692307,0.39215686274509803,0.44642857142857145,2.230769230769231,1.0769230769230769,-1.153846153846154,46.15384615384615,0.4423076923076923
2007,Nicholls State,2,1,0.5,16.5,33.0,-16.5,0.7071067811865476,26.16295090390226,211.0,581.0,0.0,249.0,211.0,333.0,,3.6379310344827585,6.529411764705882,0.0,9.576923076923077,0.0,0.46153846153846156,11.0,29.0,0.14285714285714285,0.4444444444444444,1.0,3.0,2.0,49.0,0.375
2007,Norfolk State,1,1,0.0,0.0,59.0,-59.0,,,122.0,537.0,112.0,297.0,10.0,240.0,,0.2702702702702703,6.315789473684211,3.8620689655172415,16.5,0.4482758620689655,0.5555555555555556,10.0,23.0,0.15789473684210525,0.3,1.0,0.0,-1.0,127.0,0.5833333333333334
2007,North Carolina,12,12,0.3333333333333333,21.166666666666668,24.5,-3.333333333333332,9.427554713645945,13.660382886510195,325.3333333333333,349.75,244.5,226.66666666666666,99.16666666666667,142.5,76.632930653904,2.9601990049751246,3.475609756097561,7.9728260869565215,7.68361581920904,0.5978260869565217,0.6242937853107344,16.75,19.0,0.2926829268292683,0.39766081871345027,2.4166666666666665,2.0,-0.4166666666666665,54.0,0.5080128205128206
2007,North Dakota State,2,2,1.0,35.5,17.5,18.0,12.020815280171307,16.97056274847714,510.5,309.0,222.0,212.5,284.5,108.0,105.35891039679558,6.053191489361702,3.857142857142857,7.928571428571429,5.985915492957746,0.8035714285714286,0.5492957746478874,26.0,19.5,0.4166666666666667,0.19047619047619047,0.5,2.0,1.5,51.5,0.3493589743589744
2007,North Texas,12,12,0.16666666666666666,24.833333333333332,45.083333333333336,-20.250000000000004,14.794552642063493,23.672481146604884,408.4166666666667,486.4166666666667,313.1666666666667,264.4166666666667,118.75,229.66666666666666,131.81147579598354,3.7401574803149606,5.6591375770020536,6.795660036166366,8.177835051546392,0.596745027124774,0.5876288659793815,21.5,21.083333333333332,0.3544973544973545,0.41830065359477125,3.0,2.0833333333333335,-0.9166666666666665,66.08333333333333,0.4455128205128205
2007,Northeastern,1,1,0.0,0.0,27.0,-27.0,,,260.0,417.0,151.0,277.0,109.0,163.0,,4.541666666666667,3.326530612244898,4.71875,8.935483870967742,0.59375,0.8064516129032258,14.0,27.0,,0.5,0.0,0.0,0.0,54.0,0.5
2007,Northern Arizona,1,1,0.0,24.0,45.0,-21.0,,,243.0,490.0,187.0,323.0,56.0,195.0,,2.0,5.909090909090909,4.560975609756097,6.729166666666667,0.5365853658536586,0.5416666666666666,11.0,30.0,0.25,0.4666666666666667,0.0,1.0,1.0,152.0,0.4166666666666667
2007,Northern Colorado,1,1,0.0,6.0,63.0,-57.0,,,179.0,577.0,129.0,540.0,50.0,37.0,,1.4705882352941178,3.7,4.448275862068965,9.152542372881356,0.6206896551724138,0.7627118644067796,14.0,30.0,0.2,0.2222222222222222,3.0,2.0,-1.0,18.0,1.0
2007,Northern Illinois,12,12,0.16666666666666666,19.083333333333332,30.833333333333332,-11.75,11.341463215951805,17.848478417450092,337.9166666666667,434.25,216.41666666666666,239.08333333333334,135.5,210.08333333333334,117.66938146065584,3.7990654205607477,4.7033582089552235,6.87037037037037,7.83879781420765,0.582010582010582,0.5956284153005464,17.75,22.333333333333332,0.3216374269005848,0.39766081871345027,2.8333333333333335,1.4166666666666667,-1.4166666666666667,46.166666666666664,0.49572649572649574
2007,Northern Iowa,1,1,1.0,24.0,13.0,11.0,,,327.0,399.0,180.0,274.0,147.0,129.0,,3.5853658536585367,3.5833333333333335,6.206896551724138,5.708333333333333,0.7931034482758621,0.6041666666666666,19.0,25.0,0.4375,0.4375,0.0,4.0,4.0,55.0,0.25
2007,Northwestern,12,12,0.5,25.833333333333332,31.0,-5.166666666666668,13.217298123934773,19.59514472949095,427.3333333333333,410.75,324.75,252.16666666666666,119.58333333333333,167.58333333333334,131.15939874361987,3.6146095717884132,4.41978021978022,7.366729678638942,7.758974358974359,0.6086956521739131,0.6282051282051282,23.083333333333332,21.083333333333332,0.45789473684210524,0.43506493506493504,2.3333333333333335,1.5,-0.8333333333333335,47.75,0.46527777777777785
2007,Northwestern State,2,2,0.0,19.0,56.5,-37.5,16.97056274847714,43.1335136523794,308.5,507.5,194.5,355.5,104.5,152.0,269.4076836320746,2.6455696202531644,5.527272727272727,7.203703703703703,8.8875,0.5925925925925926,0.5625,16.5,23.0,0.1724137931034483,0.4444444444444444,2.0,1.0,-1.0,75.5,0.4583333333333333
2007,Notre Dame,12,12,0.25,16.416666666666668,28.75,-12.333333333333332,12.66676634729518,19.156453141688235,242.25,357.0,203.41666666666666,172.58333333333334,75.25,195.41666666666666,120.16664565208072,2.066361556064073,4.279197080291971,6.275064267352185,6.020348837209302,0.5578406169665809,0.5261627906976745,15.583333333333334,21.25,0.31088082901554404,0.42162162162162165,2.5,2.25,-0.25,59.0,0.5849358974358975
2007,Ohio,12,12,0.5,30.5,29.916666666666668,0.5833333333333321,12.236309604095212,13.865970990707845,364.5,407.6666666666667,229.91666666666666,234.33333333333334,150.83333333333334,186.5,125.64488196355776,3.8347457627118646,4.512096774193548,7.9971014492753625,6.926108374384237,0.5594202898550724,0.5665024630541872,18.25,22.916666666666668,0.38333333333333336,0.3765432098765432,2.0,2.1666666666666665,0.16666666666666652,70.5,0.3936965811965812
2007,Ohio State,12,12,0.9166666666666666,32.0,10.666666666666666,21.333333333333336,12.677826025280233,15.721053245616693,397.0,225.25,204.75,167.5,200.58333333333334,77.08333333333333,56.03408053870593,4.602294455066922,2.453580901856764,8.082236842105264,5.303430079155673,0.6447368421052632,0.5197889182058048,20.916666666666668,12.916666666666666,0.4764705882352941,0.2988505747126437,1.75,1.6666666666666667,-0.08333333333333326,40.916666666666664,0.4561965811965812
2007,Oklahoma,13,13,0.8461538461538461,43.38461538461539,18.153846153846153,25.230769230769234,17.090633212076828,21.84854627564439,451.84615384615387,323.46153846153845,265.84615384615387,249.0,192.53846153846155,92.0,121.17813757291796,4.7137476459510355,2.8274231678487,9.391304347826088,6.8872340425531915,0.6766304347826086,0.6063829787234043,22.23076923076923,17.076923076923077,0.5144508670520231,0.32663316582914576,1.4615384615384615,2.1538461538461537,0.6923076923076923,54.0,0.5103550295857988
2007,Oklahoma State,12,12,0.5,33.416666666666664,29.25,4.166666666666664,11.94272949868613,24.025869895644238,483.4166666666667,447.3333333333333,242.75,303.75,245.83333333333334,154.66666666666666,110.84178596157459,5.432780847145488,4.061269146608315,8.275568181818182,8.321917808219178,0.5823863636363636,0.6552511415525114,23.416666666666668,22.833333333333332,0.47368421052631576,0.4057142857142857,1.6666666666666667,1.6666666666666667,0.0,63.583333333333336,0.577457264957265
2007,Ole Miss,12,12,0.25,20.083333333333332,28.5,-8.416666666666668,9.090037837038297,15.848477605885128,345.25,423.4166666666667,228.66666666666666,235.91666666666666,131.5,199.08333333333334,101.86901125732719,4.163588390501319,4.693516699410609,7.017902813299233,7.148989898989899,0.5089514066496164,0.6313131313131313,18.666666666666668,23.5,0.37735849056603776,0.4318181818181818,2.25,1.5,-0.75,46.333333333333336,0.5924145299145299
2007,Oregon,12,12,0.6666666666666666,36.666666666666664,23.833333333333332,12.833333333333332,16.97234827773122,19.60905789463511,462.0833333333333,386.8333333333333,233.66666666666666,270.25,243.25,136.5,142.6823925770631,5.103146853146853,3.6238938053097347,7.321148825065274,7.370454545454545,0.5926892950391645,0.5318181818181819,24.666666666666668,19.583333333333332,0.4175257731958763,0.328125,1.9166666666666667,2.4166666666666665,0.4999999999999998,48.083333333333336,0.5673076923076923
2007,Oregon State,12,12,0.6666666666666666,28.416666666666668,23.333333333333332,5.083333333333336,17.280879256530554,24.55960590938386,370.6666666666667,313.0,221.75,265.9166666666667,166.58333333333334,74.91666666666667,117.0752153985038,4.104722792607803,2.1303317535545023,6.412048192771084,7.6891566265060245,0.5614457831325301,0.5277108433734939,19.083333333333332,16.5,0.3541666666666667,0.28272251308900526,2.75,2.75,0.0,58.5,0.5186965811965812
2007,Penn State,12,12,0.6666666666666666,30.833333333333332,17.583333333333332,13.25,13.12757911167681,21.621222738949633,399.0,306.5833333333333,222.08333333333334,244.58333333333334,187.41666666666666,87.91666666666667,89.80281429078632,4.618069815195072,2.5669099756690996,6.940104166666667,7.229064039408867,0.5859375,0.583743842364532,22.166666666666668,17.583333333333332,0.46629213483146065,0.3602150537634409,2.0833333333333335,2.25,0.16666666666666652,35.916666666666664,0.5347222222222222
2007,Pittsburgh,12,12,0.4166666666666667,22.833333333333332,24.25,-1.4166666666666679,10.760477628241173,15.704419374137585,319.5,297.6666666666667,195.25,187.91666666666666,141.41666666666666,130.41666666666666,66.7417001990101,3.6183368869936032,3.220164609053498,6.850877192982456,7.003105590062112,0.6052631578947368,0.5527950310559007,17.5,17.416666666666668,0.3103448275862069,0.3668639053254438,2.1666666666666665,2.0,-0.16666666666666652,63.5,0.5555555555555556
2007,Portland State,1,1,0.0,17.0,52.0,-35.0,,,458.0,596.0,445.0,474.0,13.0,122.0,,0.7222222222222222,3.696969696969697,7.295081967213115,13.941176470588236,0.6885245901639344,0.6470588235294118,24.0,26.0,0.3333333333333333,0.6363636363636364,4.0,0.0,-4.0,45.0,0.3333333333333333
2007,Purdue,12,12,0.5833333333333334,32.916666666666664,24.75,8.166666666666664,13.87907734248887,21.95380825664871,423.3333333333333,385.3333333333333,300.5,250.41666666666666,136.08333333333334,149.41666666666666,102.11075389304528,4.230569948186528,4.047404063205418,6.677777777777778,6.313025210084033,0.6185185185185185,0.5756302521008403,23.833333333333332,21.083333333333332,0.40106951871657753,0.37244897959183676,1.9166666666666667,2.3333333333333335,0.41666666666666674,48.666666666666664,0.48183760683760685
2007,Rhode Island,1,1,0.0,7.0,14.0,-7.0,,,303.0,276.0,145.0,245.0,158.0,46.0,,2.6333333333333333,1.6428571428571428,11.153846153846153,7.424242424242424,0.8461538461538461,0.6363636363636364,17.0,14.0,0.4444444444444444,0.35714285714285715,2.0,4.0,2.0,41.0,0.25
2007,Rice,12,11,0.25,31.416666666666668,42.916666666666664,-11.499999999999996,13.94442432289586,15.768207369145156,420.90909090909093,531.7272727272727,331.3636363636364,344.3636363636364,110.36363636363636,198.8181818181818,137.61791638115625,3.5290697674418605,4.903587443946188,7.319277108433735,8.788863109048723,0.6024096385542169,0.5823665893271461,23.636363636363637,25.09090909090909,0.39375,0.4915254237288136,2.3636363636363638,2.3636363636363638,0.0,45.36363636363637,0.4743589743589744
2007,Richmond,1,1,0.0,17.0,41.0,-24.0,,,310.0,446.0,154.0,290.0,149.0,162.0,,4.257142857142857,4.628571428571429,5.133333333333334,11.153846153846153,0.6,0.7307692307692307,18.0,19.0,,0.5384615384615384,3.0,1.0,-2.0,41.0,0.4166666666666667
2007,Rutgers,12,12,0.5833333333333334,31.166666666666668,21.833333333333332,9.333333333333336,14.44005372272387,25.32455988429677,437.1666666666667,316.5,253.91666666666666,178.58333333333334,190.16666666666666,155.91666666666666,99.81239978837876,4.591549295774648,3.8817427385892116,8.65625,6.781645569620253,0.5568181818181818,0.5063291139240507,22.416666666666668,16.75,0.4303030303030303,0.33695652173913043,2.1666666666666665,1.6666666666666667,-0.4999999999999998,59.75,0.5
2007,SE Missouri State,1,1,0.0,3.0,59.0,-56.0,,,262.0,615.0,57.0,310.0,175.0,314.0,,4.72972972972973,6.680851063829787,2.590909090909091,8.61111111111111,0.5454545454545454,0.6666666666666666,13.0,33.0,,0.5833333333333334,6.0,2.0,-4.0,119.0,0.75
2007,SMU,12,12,0.08333333333333333,28.333333333333332,39.75,-11.416666666666668,15.715269548108202,14.151507040423345,423.4166666666667,498.6666666666667,269.1666666666667,316.5833333333333,171.33333333333334,197.25,90.47697681362554,4.383795309168444,5.036170212765957,7.476851851851852,7.753061224489796,0.5787037037037037,0.6244897959183674,23.416666666666668,27.083333333333332,0.425414364640884,0.5393258426966292,2.9166666666666665,1.8333333333333333,-1.0833333333333333,68.16666666666667,0.5037393162393162
2007,Sacramento State,2,2,0.0,1.5,41.0,-39.5,2.1213203435596424,26.16295090390226,103.0,487.0,32.5,257.5,59.5,244.0,1.4142135623730951,2.0517241379310347,5.304347826086956,1.7105263157894737,8.306451612903226,0.47368421052631576,0.6935483870967742,8.0,25.5,0.18181818181818182,0.5454545454545454,1.5,1.5,0.0,35.5,0.6666666666666666
2007,Sam Houston State,1,1,0.0,3.0,39.0,-36.0,,,355.0,584.0,270.0,287.0,85.0,297.0,,2.9310344827586206,6.1875,5.4,9.566666666666666,0.44,0.6666666666666666,19.0,28.0,0.3333333333333333,0.6666666666666666,1.0,3.0,2.0,50.0,0.5
2007,Samford,1,1,0.0,14.0,69.0,-55.0,,,240.0,498.0,156.0,109.0,84.0,389.0,,3.0,7.072727272727272,5.379310344827586,9.083333333333334,0.5172413793103449,0.8333333333333334,12.0,20.0,0.2857142857142857,0.18181818181818182,2.0,0.0,-2.0,44.0,0.5833333333333334
2007,San Diego State,12,12,0.3333333333333333,25.083333333333332,34.416666666666664,-9.333333333333332,11.965543966917776,19.56031852005638,376.5833333333333,498.1666666666667,290.1666666666667,262.4166666666667,103.91666666666667,241.5,102.08682430641917,3.4735376044568245,5.29798903107861,7.602620087336245,7.93198992443325,0.5895196506550219,0.6700251889168766,18.166666666666668,26.833333333333332,0.39361702127659576,0.4689265536723164,1.4166666666666667,1.8333333333333333,0.4166666666666665,48.25,0.5277777777777778
2007,San Jose State,12,11,0.4166666666666667,20.416666666666668,29.333333333333332,-8.916666666666664,15.968482214738641,24.133938130710657,340.45454545454544,406.3636363636364,270.1818181818182,251.36363636363637,83.54545454545455,164.63636363636363,145.64845597284142,2.663768115942029,4.5049751243781095,7.374689826302729,6.810344827586207,0.6104218362282878,0.6330049261083743,18.545454545454547,22.636363636363637,0.3271604938271605,0.48466257668711654,1.2727272727272727,2.272727272727273,1.0000000000000002,44.54545454545455,0.4631410256410256
2007,South Carolina,12,12,0.5,26.083333333333332,23.5,2.583333333333332,10.50937532382252,15.75066136177568,371.8333333333333,378.0833333333333,276.8333333333333,180.91666666666666,113.66666666666667,209.33333333333334,79.33798051069331,3.5706806282722514,4.8494208494208495,7.498871331828442,6.064245810055866,0.582392776523702,0.5558659217877095,21.25,20.166666666666668,0.3503184713375796,0.3611111111111111,2.4166666666666665,1.8333333333333333,-0.5833333333333333,44.333333333333336,0.5587606837606838
2007,South Carolina State,2,2,0.0,3.0,36.0,-33.0,0.0,2.8284271247461903,212.0,431.5,55.5,191.0,133.0,251.0,73.53910524340094,3.2839506172839505,5.175257731958763,2.2653061224489797,8.127659574468085,0.42857142857142855,0.5957446808510638,13.0,25.5,0.26666666666666666,0.48148148148148145,3.0,4.0,1.0,77.0,0.625
2007,Southeastern Louisiana,3,3,0.0,13.666666666666666,44.0,-30.333333333333336,13.503086067019394,28.18391976523729,228.0,451.0,154.0,234.33333333333334,51.666666666666664,224.66666666666666,137.43725841270262,1.631578947368421,6.18348623853211,4.2,7.725274725274725,0.6090909090909091,0.5604395604395604,12.666666666666666,21.0,0.2777777777777778,0.4864864864864865,1.0,2.6666666666666665,1.6666666666666665,67.33333333333333,0.5192307692307693
2007,Southern Illinois,1,1,1.0,34.0,31.0,3.0,,,340.0,430.0,238.0,236.0,102.0,207.0,,2.7567567567567566,4.928571428571429,7.212121212121212,8.74074074074074,0.6363636363636364,0.7777777777777778,19.0,24.0,0.21428571428571427,0.6363636363636364,1.0,5.0,4.0,57.0,0.16666666666666666
2007,Southern Miss,12,12,0.5833333333333334,28.333333333333332,23.583333333333332,4.75,11.412380305721689,18.046027011757765,393.9166666666667,363.1666666666667,204.25,239.0,200.33333333333334,139.58333333333334,82.52983849750491,4.649903288201161,3.913551401869159,7.043103448275862,7.410852713178294,0.5718390804597702,0.5684754521963824,21.25,20.0,0.4585635359116022,0.4375,2.3333333333333335,2.1666666666666665,-0.16666666666666696,50.583333333333336,0.4134615384615385
2007,Stanford,12,12,0.3333333333333333,19.583333333333332,28.25,-8.666666666666668,11.040901917484602,19.64379769491602,322.5,435.5,241.08333333333334,289.8333333333333,111.16666666666667,169.33333333333334,91.73826405000854,2.991031390134529,4.233333333333333,6.82311320754717,8.320574162679426,0.535377358490566,0.6124401913875598,19.166666666666668,21.166666666666668,0.2864864864864865,0.3567567567567568,2.1666666666666665,2.5,0.3333333333333335,49.75,0.5325854700854701
2007,Syracuse,12,12,0.16666666666666666,16.416666666666668,34.833333333333336,-18.416666666666668,10.184286767844716,15.882857158431902,291.9166666666667,468.75,255.58333333333334,266.3333333333333,62.75,207.83333333333334,105.07093563470116,2.008,4.842718446601942,8.007832898172325,8.132315521628499,0.5274151436031331,0.6793893129770993,15.083333333333334,23.916666666666668,0.2804878048780488,0.4685714285714286,1.8333333333333333,1.1666666666666667,-0.6666666666666665,58.916666666666664,0.5849358974358975
2007,TCU,12,12,0.5833333333333334,26.583333333333332,19.166666666666668,7.416666666666664,9.737073793527811,16.610283415749265,388.4166666666667,320.0,233.0,232.41666666666666,169.08333333333334,109.41666666666667,119.95412633270448,3.7925233644859815,3.046403712296984,6.769975786924939,6.546948356807512,0.576271186440678,0.5328638497652582,22.416666666666668,17.166666666666668,0.39285714285714285,0.32663316582914576,2.5,1.75,-0.75,54.416666666666664,0.4583333333333333
2007,Temple,12,11,0.3333333333333333,16.416666666666668,26.25,-9.833333333333332,10.326121628122918,14.102439075521223,301.09090909090907,362.8181818181818,237.63636363636363,198.1818181818182,91.72727272727273,174.54545454545453,106.56683775495503,2.600515463917526,4.343891402714932,7.53314121037464,7.266666666666667,0.5878962536023055,0.5966666666666667,17.09090909090909,18.545454545454547,0.3271604938271605,0.3561643835616438,2.5454545454545454,2.1818181818181817,-0.36363636363636376,49.54545454545455,0.46207264957264954
2007,Tennessee,13,13,0.6923076923076923,33.38461538461539,28.076923076923077,5.30769230769231,13.51257723714257,23.3822746804234,399.15384615384613,407.53846153846155,257.9230769230769,255.92307692307693,144.6153846153846,162.53846153846155,83.2594800947077,4.372093023255814,4.192460317460317,6.828920570264766,7.139484978540772,0.6272912423625254,0.5944206008583691,21.153846153846153,21.846153846153847,0.3891891891891892,0.40404040404040403,1.4615384615384615,1.8461538461538463,0.3846153846153848,44.23076923076923,0.5714990138067061
2007,Tennessee Tech,1,1,0.0,3.0,35.0,-32.0,,,304.0,374.0,168.0,259.0,136.0,115.0,,4.0,3.1944444444444446,6.0,8.931034482758621,0.6785714285714286,0.5172413793103449,15.0,18.0,0.5333333333333333,0.4666666666666667,4.0,1.0,-3.0,25.0,0.6666666666666666
2007,Tennessee-Martin,1,1,0.0,13.0,35.0,-22.0,,,257.0,432.0,178.0,128.0,72.0,310.0,,3.0,5.636363636363637,5.741935483870968,4.413793103448276,0.5806451612903226,0.41379310344827586,15.0,25.0,,0.5789473684210527,1.0,1.0,0.0,49.0,0.5833333333333334
2007,Texas,12,12,0.75,36.0,24.583333333333332,11.416666666666668,14.212670403551895,21.155091084367346,462.0,374.8333333333333,272.0833333333333,292.5,199.83333333333334,99.33333333333333,93.15578350268973,4.944329896907217,2.9949748743718594,8.081683168316832,7.516059957173447,0.6336633663366337,0.6188436830835118,23.666666666666668,20.75,0.48,0.391304347826087,2.25,2.0,-0.25,53.833333333333336,0.49572649572649574
2007,Texas A&M,12,12,0.5833333333333334,28.833333333333332,26.083333333333332,2.75,14.757637981326104,22.796032350150124,402.75,416.0,196.0,270.9166666666667,215.58333333333334,151.83333333333334,102.02239059058644,4.808550185873606,4.057906458797327,6.817391304347826,8.007389162561577,0.5652173913043478,0.625615763546798,21.5,22.166666666666668,0.4673913043478261,0.47770700636942676,1.25,2.0833333333333335,0.8333333333333335,47.416666666666664,0.5646367521367521
2007,Texas Southern,2,2,0.0,9.0,55.5,-46.5,4.242640687119285,9.192388155425117,231.5,556.5,160.0,274.5,71.5,291.5,74.24621202458749,2.4237288135593222,6.940476190476191,4.63768115942029,10.166666666666666,0.4782608695652174,0.6481481481481481,12.5,24.5,0.1724137931034483,0.36363636363636365,4.0,1.0,-3.0,65.5,0.5
2007,Texas State,1,1,0.0,27.0,34.0,-7.0,,,418.0,439.0,334.0,427.0,84.0,28.0,,2.4705882352941178,1.4736842105263157,5.964285714285714,8.372549019607844,0.5535714285714286,0.6078431372549019,0.0,20.0,,0.42857142857142855,1.0,2.0,1.0,0.0,0.25
2007,Texas Tech,12,11,0.6666666666666666,41.75,25.75,16.0,16.10829825671454,27.386127875258307,534.8181818181819,361.27272727272725,484.1818181818182,205.9090909090909,60.0,167.0,90.42877659442064,3.2195121951219514,3.7954545454545454,8.453968253968254,6.4714285714285715,0.7174603174603175,0.5485714285714286,27.363636363636363,20.727272727272727,0.45588235294117646,0.4034090909090909,2.0,1.8181818181818181,-0.18181818181818188,72.27272727272727,0.4326923076923077
2007,Toledo,12,12,0.4166666666666667,32.916666666666664,39.166666666666664,-6.25,16.6540103460416,23.806511714234823,448.4166666666667,444.0833333333333,249.75,232.41666666666666,209.16666666666666,214.91666666666666,154.67705849363188,4.97029702970297,5.1272365805168985,7.291970802919708,8.014367816091953,0.5888077858880778,0.5775862068965517,22.333333333333332,22.833333333333332,0.4574468085106383,0.44171779141104295,2.1666666666666665,2.1666666666666665,0.0,64.0,0.45405982905982906
2007,Troy,12,12,0.6666666666666666,34.0,24.583333333333332,9.416666666666668,8.954430086935638,21.563682993459725,452.8333333333333,378.25,282.5833333333333,197.58333333333334,182.58333333333334,195.16666666666666,84.37129340904495,4.742424242424242,4.940928270042194,6.55899419729207,6.272486772486772,0.6073500967117988,0.5661375661375662,23.583333333333332,16.5,0.42105263157894735,0.2564102564102564,2.6666666666666665,2.6666666666666665,0.0,58.083333333333336,0.4444444444444444
2007,Tulane,12,12,0.3333333333333333,24.416666666666668,31.25,-6.833333333333332,12.176417844142485,15.827670438670106,395.9166666666667,420.25,204.75,299.9166666666667,201.0,132.58333333333334,97.64356175148033,4.932515337423313,3.8899755501222493,6.825,8.350348027842227,0.5111111111111111,0.6496519721577726,18.583333333333332,20.333333333333332,0.4083769633507853,0.4294117647058823,1.9166666666666667,1.6666666666666667,-0.25,51.916666666666664,0.4198717948717949
2007,Tulsa,13,13,0.6923076923076923,39.46153846153846,35.38461538461539,4.076923076923073,12.183427162990611,22.18656327022258,542.5384615384615,469.0,390.7692307692308,283.61538461538464,167.92307692307693,195.92307692307693,98.06682703188966,4.173996175908222,4.614130434782608,9.825918762088975,8.032679738562091,0.5938104448742747,0.5925925925925926,26.384615384615383,23.923076923076923,0.48186528497409326,0.3939393939393939,2.3076923076923075,1.6153846153846154,-0.6923076923076921,57.69230769230769,0.46548323471400394
2007,UAB,12,12,0.16666666666666666,19.583333333333332,35.083333333333336,-15.500000000000004,10.765756599120897,18.078113336799884,325.5833333333333,487.5833333333333,226.58333333333334,237.16666666666666,110.25,256.8333333333333,78.18679071572284,3.695530726256983,5.707407407407407,6.069196428571429,7.905555555555556,0.49107142857142855,0.5861111111111111,17.583333333333332,24.416666666666668,0.3551912568306011,0.42138364779874216,1.6666666666666667,1.25,-0.41666666666666674,50.916666666666664,0.5176282051282052
2007,UC-Davis,1,1,0.0,14.0,34.0,-20.0,,,286.0,345.0,186.0,344.0,91.0,15.0,,3.1379310344827585,0.5769230769230769,4.133333333333334,10.117647058823529,0.6,0.7352941176470589,19.0,19.0,0.3333333333333333,0.1,4.0,0.0,-4.0,52.0,0.4166666666666667
2007,UCF,13,13,0.7692307692307693,38.38461538461539,27.846153846153847,10.53846153846154,11.354429836987716,23.503954931796002,426.46153846153845,379.3076923076923,194.23076923076923,267.7692307692308,242.76923076923077,131.07692307692307,115.37014011766315,5.065810593900482,3.736842105263158,7.841614906832298,6.852362204724409,0.5838509316770186,0.5551181102362205,21.46153846153846,20.153846153846153,0.40437158469945356,0.39631336405529954,1.7692307692307692,2.076923076923077,0.30769230769230793,49.23076923076923,0.4718934911242604
2007,UCLA,12,12,0.5,22.916666666666668,22.75,0.16666666666666785,14.90246064693121,20.13514942641952,335.0833333333333,349.75,205.58333333333334,255.5,150.08333333333334,115.41666666666667,131.18997906113333,3.752083333333333,3.119369369369369,6.852777777777778,6.565310492505353,0.48333333333333334,0.5396145610278372,16.666666666666668,19.583333333333332,0.32105263157894737,0.2864321608040201,2.6666666666666665,2.5,-0.16666666666666652,63.416666666666664,0.5603632478632479
2007,UL-Lafayette,12,12,0.25,23.75,35.833333333333336,-12.083333333333336,10.644033753490943,18.07287436681802,406.9166666666667,446.6666666666667,163.41666666666666,227.91666666666666,251.41666666666666,228.41666666666666,90.58342045101887,5.5664206642066425,5.038602941176471,6.305466237942122,7.661064425770308,0.5466237942122186,0.6302521008403361,19.5,23.416666666666668,0.3693181818181818,0.4581005586592179,2.0,1.4166666666666667,-0.5833333333333333,51.666666666666664,0.5245726495726496
2007,UL-Monroe,12,12,0.5,23.5,27.666666666666668,-4.166666666666668,9.100449539345943,17.62659835864452,385.6666666666667,414.3333333333333,185.75,265.8333333333333,209.0,153.5,96.49430820080279,4.518918918918919,4.385714285714286,6.633928571428571,7.31651376146789,0.5773809523809523,0.5779816513761468,20.916666666666668,21.0,0.42408376963350786,0.38333333333333336,1.75,1.75,0.0,67.91666666666667,0.42574786324786323
2007,UNLV,12,12,0.16666666666666666,18.166666666666668,28.583333333333332,-10.416666666666664,7.358771307189479,16.289753239569364,353.1666666666667,386.8333333333333,229.83333333333334,213.08333333333334,140.66666666666666,183.58333333333334,112.33782924192491,3.871559633027523,4.58004158004158,6.759803921568627,7.4985337243401755,0.5490196078431373,0.5953079178885631,19.5,19.75,0.3776595744680851,0.39520958083832336,1.75,1.9166666666666667,0.16666666666666674,59.916666666666664,0.576388888888889
2007,USC,12,12,0.8333333333333334,31.25,15.916666666666666,15.333333333333334,11.242168991629846,13.838899938765056,418.4166666666667,258.8333333333333,243.5,201.91666666666666,185.0,79.16666666666667,76.912533951157,4.6835443037974684,2.4111675126903553,6.924170616113744,5.938725490196078,0.6161137440758294,0.5367647058823529,21.666666666666668,16.333333333333332,0.43478260869565216,0.3118279569892473,2.1666666666666665,2.1666666666666665,0.0,69.33333333333333,0.4492521367521367
2007,USF,12,12,0.75,35.833333333333336,20.666666666666668,15.166666666666668,14.256311733489284,18.398781250809833,421.5833333333333,326.75,245.83333333333334,225.83333333333334,193.08333333333334,112.0,90.94399708645209,4.36346516007533,3.1549295774647885,7.783641160949868,6.103603603603603,0.5963060686015831,0.5112612612612613,21.0,17.5,0.3701657458563536,0.2976190476190476,2.5,3.4166666666666665,0.9166666666666665,72.33333333333333,0.5293803418803419
2007,UTEP,12,11,0.3333333333333333,33.583333333333336,37.083333333333336,-3.5,13.83315078375352,16.345697237555154,422.09090909090907,499.6363636363636,304.1818181818182,294.8181818181818,141.54545454545453,214.36363636363637,118.25942207321542,4.208108108108108,4.8921161825726145,8.12135922330097,7.987684729064039,0.5533980582524272,0.5985221674876847,21.454545454545453,24.818181818181817,0.3782051282051282,0.48295454545454547,1.7272727272727273,2.4545454545454546,0.7272727272727273,64.27272727272727,0.46688034188034183
2007,Utah,12,12,0.6666666666666666,25.5,15.583333333333334,9.916666666666666,15.923110705683564,22.232074836037043,362.8333333333333,319.4166666666667,213.0,211.83333333333334,163.66666666666666,130.0,124.55143759130445,3.9596774193548385,3.6363636363636362,6.834224598930481,6.140096618357488,0.6042780748663101,0.5048309178743962,19.083333333333332,17.5,0.3473684210526316,0.2887700534759358,1.75,2.8333333333333335,1.0833333333333335,58.5,0.4861111111111111
2007,Utah State,12,12,0.16666666666666666,20.583333333333332,33.833333333333336,-13.250000000000004,11.090194959621957,20.25350699149521,274.75,449.75,158.91666666666666,258.0833333333333,124.91666666666667,196.16666666666666,62.99945887213491,3.1825902335456475,4.8838174273858925,7.011029411764706,8.002583979328165,0.6507352941176471,0.6925064599483204,15.166666666666666,23.75,0.3235294117647059,0.45,1.75,1.8333333333333333,0.08333333333333326,54.0,0.5267094017094017
2007,Vanderbilt,12,12,0.4166666666666667,21.666666666666668,22.583333333333332,-0.9166666666666643,9.345230512584124,17.829792908262146,326.5833333333333,325.25,185.5,210.91666666666666,150.16666666666666,128.16666666666666,78.85713011324322,3.7463617463617465,3.733009708737864,6.270422535211267,6.8964577656675745,0.543661971830986,0.5912806539509536,19.083333333333332,17.916666666666668,0.3967391304347826,0.35333333333333333,2.25,2.0,-0.25,39.916666666666664,0.5197649572649573
2007,Villanova,1,1,0.0,14.0,31.0,-17.0,,,187.0,428.0,155.0,209.0,11.0,221.0,,0.5,4.702127659574468,5.535714285714286,6.966666666666667,0.6071428571428571,0.7666666666666667,11.0,28.0,,0.5833333333333334,1.0,3.0,2.0,20.0,0.5
2007,Virginia,12,12,0.75,24.083333333333332,18.75,5.333333333333332,11.988315017953814,18.06218215616331,329.1666666666667,323.4166666666667,218.91666666666666,232.25,126.16666666666667,113.0,88.20619781700906,3.4176072234762978,3.0,6.5675,7.276762402088773,0.5825,0.5718015665796344,19.0,17.0,0.4,0.3386243386243386,1.5,1.8333333333333333,0.33333333333333326,42.25,0.4871794871794872
2007,Virginia Tech,13,13,0.8461538461538461,29.307692307692307,15.461538461538462,13.846153846153845,13.117320708288815,20.03682507221039,331.6923076923077,293.3076923076923,219.84615384615384,222.69230769230768,132.84615384615384,86.0,106.53902619493057,3.333976833976834,2.7536945812807883,8.21264367816092,6.03125,0.5890804597701149,0.5333333333333333,16.76923076923077,15.846153846153847,0.35714285714285715,0.28502415458937197,1.4615384615384615,2.4615384615384617,1.0000000000000002,55.53846153846154,0.5359960552268245
2007,Wake Forest,12,12,0.6666666666666666,28.166666666666668,23.25,4.916666666666668,10.777361233229364,16.25064101299802,334.5,351.0,203.5,259.5,143.25,108.91666666666667,59.90674571213314,3.3443579766536966,3.141826923076923,6.898305084745763,6.4875,0.7062146892655368,0.5395833333333333,18.5,19.0,0.39086294416243655,0.35751295336787564,2.0,3.0,1.0,51.25,0.4946581196581197
2007,Washington,13,13,0.3076923076923077,29.23076923076923,31.615384615384617,-2.384615384615387,8.358168122200842,16.535509575549128,394.2307692307692,446.38461538461536,202.46153846153845,276.6923076923077,203.07692307692307,184.46153846153845,103.11737151271994,4.916201117318436,4.913934426229508,6.836363636363636,7.853711790393013,0.4597402597402597,0.6441048034934498,19.46153846153846,21.384615384615383,0.375,0.387434554973822,2.0,1.9230769230769231,-0.07692307692307687,47.15384615384615,0.6217948717948718
2007,Washington State,12,12,0.4166666666666667,25.666666666666668,32.416666666666664,-6.7499999999999964,12.758835322547226,25.053125372078647,435.5833333333333,421.0833333333333,335.0833333333333,273.9166666666667,115.91666666666667,162.58333333333334,117.10947351892071,3.7292225201072386,3.909819639278557,7.659047619047619,7.715962441314554,0.5885714285714285,0.6103286384976526,23.0,22.5,0.39325842696629215,0.5077720207253886,2.25,2.0,-0.25,50.0,0.5186965811965812
2007,Weber State,1,1,0.0,7.0,56.0,-49.0,,,145.0,569.0,60.0,208.0,74.0,371.0,,2.8461538461538463,6.745454545454545,2.0,7.428571428571429,0.36666666666666664,0.5714285714285714,8.0,30.0,,0.4166666666666667,2.0,1.0,-1.0,33.0,0.8333333333333334
2007,West Virginia,12,12,0.8333333333333334,38.916666666666664,17.25,21.666666666666664,17.845082507429595,18.277324915331732,450.5,291.9166666666667,162.41666666666666,204.66666666666666,292.9166666666667,107.58333333333333,118.31045446774193,5.967741935483871,2.9142212189616252,7.9227642276422765,6.9772727272727275,0.6747967479674797,0.5539772727272727,21.416666666666668,16.333333333333332,0.4906832298136646,0.3701657458563536,2.0,3.0,1.0,48.0,0.5208333333333334
2007,Western Carolina,2,2,0.0,11.0,48.5,-37.5,7.0710678118654755,12.020815280171307,224.0,468.5,143.5,256.0,69.5,226.5,32.526911934581186,1.9305555555555556,5.8076923076923075,5.627450980392157,8.533333333333333,0.5882352941176471,0.7,13.0,28.0,0.3076923076923077,0.5454545454545454,1.0,0.5,-0.5,59.5,0.6666666666666667
2007,Western Illinois,1,1,0.0,0.0,21.0,-21.0,,,152.0,400.0,71.0,141.0,81.0,277.0,,2.3823529411764706,5.326923076923077,3.380952380952381,5.423076923076923,0.5238095238095238,0.46153846153846156,4.0,21.0,0.17647058823529413,0.35294117647058826,1.0,2.0,1.0,19.0,0.75
2007,Western Kentucky,6,6,0.16666666666666666,16.5,31.666666666666668,-15.166666666666668,8.068457101577724,18.38930848799559,356.5,391.0,153.33333333333334,248.33333333333334,216.16666666666666,156.5,81.39471727329729,4.699275362318841,4.492822966507177,6.666666666666667,7.680412371134021,0.6304347826086957,0.6134020618556701,0.0,20.833333333333332,,0.39473684210526316,2.8333333333333335,1.1666666666666667,-1.6666666666666667,0.0,0.5416666666666666
2007,Western Michigan,12,12,0.4166666666666667,26.916666666666668,28.916666666666668,-2.0,12.859084749936935,20.059003872666167,396.5833333333333,398.5,279.3333333333333,231.08333333333334,130.41666666666666,179.08333333333334,86.80852318159603,3.3801295896328294,4.601713062098501,7.318777292576419,7.146907216494846,0.62882096069869,0.5180412371134021,21.083333333333332,19.25,0.38341968911917096,0.3901098901098901,2.75,2.0833333333333335,-0.6666666666666665,65.41666666666667,0.46207264957264954
2007,William & Mary,1,1,0.0,3.0,44.0,-41.0,,,262.0,287.0,215.0,179.0,5.0,133.0,,0.17857142857142858,3.5,4.673913043478261,6.62962962962963,0.41304347826086957,0.5555555555555556,13.0,12.0,0.16666666666666666,0.25,3.0,0.0,-3.0,25.0,0.8461538461538461
2007,Wisconsin,12,12,0.75,30.5,23.333333333333332,7.166666666666668,12.695740158880781,20.01741665892404,413.9166666666667,350.4166666666667,229.83333333333334,225.91666666666666,201.5,139.75,78.063445447607,4.428571428571429,4.256345177664975,8.565217391304348,7.059895833333333,0.5745341614906833,0.5494791666666666,21.166666666666668,17.916666666666668,0.44886363636363635,0.36904761904761907,1.75,1.5833333333333333,-0.16666666666666674,46.75,0.4583333333333333
2007,Wofford,1,1,0.0,17.0,38.0,-21.0,,,353.0,330.0,142.0,113.0,211.0,217.0,,3.7017543859649122,4.822222222222222,6.173913043478261,3.53125,0.4782608695652174,0.5,19.0,19.0,0.17647058823529413,0.35294117647058826,3.0,1.0,-2.0,108.0,0.4166666666666667
2007,Wyoming,12,12,0.4166666666666667,19.416666666666668,25.916666666666668,-6.5,11.325420588885496,18.525167156649847,322.75,332.0833333333333,211.08333333333334,227.41666666666666,129.83333333333334,122.75,96.10044461159092,3.336188436830835,3.0,6.148058252427185,7.476712328767123,0.587378640776699,0.5698630136986301,20.083333333333332,18.166666666666668,0.39378238341968913,0.3541666666666667,2.8333333333333335,1.6666666666666667,-1.1666666666666667,53.166666666666664,0.5416666666666666
2007,Youngstown State,1,1,0.0,6.0,38.0,-32.0,,,176.0,417.0,75.0,286.0,85.0,147.0,,2.5,3.5853658536585367,3.9473684210526314,9.225806451612904,0.5789473684210527,0.6774193548387096,11.0,25.0,,0.6666666666666666,0.0,2.0,2.0,43.0,0.9166666666666666
2008,Air Force,12,12,0.6666666666666666,26.666666666666668,21.25,5.416666666666668,8.876253645985946,18.990228747405542,348.8333333333333,335.3333333333333,81.16666666666667,209.66666666666666,268.9166666666667,139.75,134.1863245527267,4.545070422535211,3.5833333333333335,8.116666666666667,7.356725146198831,0.55,0.5760233918128655,18.25,19.166666666666668,0.4198895027624309,0.42613636363636365,1.25,2.5,1.25,49.25,0.4930555555555556
2008,Akron,12,12,0.4166666666666667,30.0,31.25,-1.25,13.142574813455418,13.929204114834677,396.6666666666667,397.5833333333333,240.66666666666666,215.16666666666666,165.16666666666666,187.16666666666666,78.20292174654968,4.55632183908046,4.4563492063492065,7.148514851485149,7.252808988764045,0.5742574257425742,0.6348314606741573,21.25,22.416666666666668,0.40625,0.45,1.8333333333333333,2.1666666666666665,0.33333333333333326,46.5,0.4626068376068376
2008,Alabama,13,13,0.9230769230769231,31.153846153846153,13.0,18.153846153846153,9.494262775014478,15.049065053163899,367.15384615384613,256.9230769230769,180.30769230769232,191.84615384615384,196.46153846153845,78.84615384615384,84.42535771698587,4.773831775700935,2.79291553133515,7.7105263157894735,5.854460093896714,0.5822368421052632,0.5140845070422535,19.076923076923077,12.76923076923077,0.4235294117647059,0.27167630057803466,1.2307692307692308,1.8461538461538463,0.6153846153846154,34.84615384615385,0.4940828402366864
2008,Alabama A&M,1,1,0.0,15.0,37.0,-22.0,,,333.0,455.0,266.0,224.0,67.0,244.0,,2.392857142857143,6.1,8.866666666666667,8.296296296296296,0.5666666666666667,0.5555555555555556,19.0,23.0,0.3333333333333333,0.36363636363636365,3.0,0.0,-3.0,52.0,0.3333333333333333
2008,Alabama State,1,1,0.0,10.0,45.0,-35.0,,,276.0,486.0,229.0,248.0,17.0,248.0,,0.68,6.702702702702703,6.9393939393939394,11.272727272727273,0.7575757575757576,0.6363636363636364,15.0,21.0,0.25,0.5,2.0,0.0,-2.0,30.0,0.3333333333333333
2008,Alcorn State,2,2,0.0,5.0,55.0,-50.0,7.0710678118654755,21.213203435596427,157.5,653.5,104.5,393.0,29.5,267.5,53.033008588991066,1.2291666666666667,6.445783132530121,2.75,8.637362637362637,0.42105263157894735,0.6923076923076923,11.5,30.0,0.07692307692307693,0.4444444444444444,4.5,4.0,-0.5,44.0,0.4583333333333333
2008,Appalachian State,1,1,0.0,13.0,41.0,-28.0,,,239.0,459.0,174.0,199.0,52.0,266.0,,1.8571428571428572,6.65,5.2727272727272725,8.291666666666666,0.42424242424242425,0.5416666666666666,11.0,20.0,0.14285714285714285,0.35714285714285715,0.0,1.0,1.0,30.0,0.5833333333333334
2008,Arizona,12,12,0.5833333333333334,37.083333333333336,21.333333333333332,15.750000000000004,17.259823728865687,23.335984697847696,401.25,302.0833333333333,251.83333333333334,180.25,164.0,132.33333333333334,103.32484080448772,4.1344537815126055,4.189973614775726,8.015915119363395,5.991689750692521,0.6419098143236074,0.5484764542936288,22.25,14.75,0.4472049689440994,0.3333333333333333,1.5,1.9166666666666667,0.41666666666666674,32.333333333333336,0.42254273504273504
2008,Arizona State,12,12,0.4166666666666667,22.833333333333332,22.666666666666668,0.1666666666666643,12.733872747578216,22.630764793782713,309.4166666666667,335.1666666666667,239.41666666666666,220.83333333333334,89.08333333333333,126.5,118.68097675038001,2.897018970189702,3.5384615384615383,7.273417721518987,6.54320987654321,0.5772151898734177,0.5703703703703704,17.083333333333332,19.166666666666668,0.29375,0.3806818181818182,1.5833333333333333,2.0833333333333335,0.5000000000000002,65.58333333333333,0.4711538461538462
2008,Arkansas,12,12,0.4166666666666667,21.916666666666668,31.166666666666668,-9.25,7.982461836407173,17.008687619727002,363.6666666666667,373.0,270.9166666666667,212.58333333333334,113.08333333333333,170.5,84.61714132526936,3.628342245989305,4.4868421052631575,7.595794392523365,7.415697674418604,0.572429906542056,0.5348837209302325,18.833333333333332,19.0,0.3684210526315789,0.4176470588235294,2.1666666666666665,1.3333333333333333,-0.8333333333333333,48.666666666666664,0.5790598290598291
2008,Arkansas State,12,12,0.5,27.0,23.75,3.25,20.41389900845188,26.751805376630024,399.25,336.5,213.66666666666666,224.16666666666666,203.75,125.16666666666667,118.64164913339206,5.010245901639344,3.745635910224439,8.324675324675324,7.078947368421052,0.5422077922077922,0.5473684210526316,19.75,17.833333333333332,0.37341772151898733,0.4176470588235294,1.3333333333333333,2.0833333333333335,0.7500000000000002,64.16666666666667,0.4310897435897436
2008,Army,12,12,0.25,14.75,23.666666666666668,-8.916666666666668,12.976377138337327,18.04266828348509,287.6666666666667,339.5,51.833333333333336,206.0,241.41666666666666,145.08333333333334,88.11081177423775,4.562204724409449,4.011520737327189,4.859375,8.524137931034483,0.4453125,0.6068965517241379,15.416666666666666,17.25,0.37790697674418605,0.32653061224489793,2.5,1.5,-1.0,36.416666666666664,0.5373931623931624
2008,Auburn,12,12,0.4166666666666667,17.333333333333332,18.0,-0.6666666666666679,11.499670614518672,17.520550703950406,302.9166666666667,317.75,178.66666666666666,186.58333333333334,137.5,138.91666666666666,93.6594006671692,3.518123667377399,4.08578431372549,6.287390029325513,6.067750677506775,0.5395894428152492,0.5392953929539296,16.5,16.916666666666668,0.3551912568306011,0.28654970760233917,2.1666666666666665,1.5833333333333333,-0.5833333333333333,47.333333333333336,0.5074786324786325
2008,BYU,12,12,0.8333333333333334,35.333333333333336,21.166666666666668,14.166666666666668,13.607039176526065,24.505410657957796,444.0833333333333,350.9166666666667,318.5,218.75,135.16666666666666,144.41666666666666,78.78792977853828,4.137755102040816,3.89438202247191,8.550335570469798,7.018716577540107,0.6890380313199105,0.6042780748663101,24.416666666666668,20.666666666666668,0.5590062111801242,0.44642857142857145,2.4166666666666665,2.4166666666666665,0.0,67.41666666666667,0.40277777777777773
2008,Ball State,13,13,0.9230769230769231,36.61538461538461,18.615384615384617,17.999999999999996,7.932406754767238,13.30413469565007,459.38461538461536,347.9230769230769,273.0,215.15384615384616,192.69230769230768,141.76923076923077,48.40719378621746,5.091463414634147,4.25635103926097,9.438829787234043,6.535046728971962,0.6702127659574468,0.572429906542056,24.153846153846153,16.153846153846153,0.5068493150684932,0.4049079754601227,1.1538461538461537,1.8461538461538463,0.6923076923076925,26.846153846153847,0.3870808678500986
2008,Baylor,12,12,0.3333333333333333,28.0,29.333333333333332,-1.3333333333333321,13.584750809104099,25.850385378992407,376.4166666666667,393.1666666666667,196.58333333333334,261.5833333333333,195.75,137.91666666666666,118.620447672653,4.883575883575884,3.57451403887689,8.13448275862069,7.351288056206089,0.5862068965517241,0.6744730679156908,19.75,22.75,0.3680555555555556,0.49122807017543857,0.9166666666666666,2.4166666666666665,1.5,54.666666666666664,0.5571581196581197
2008,Boise State,12,12,1.0,39.416666666666664,12.25,27.166666666666664,12.033727853853353,15.97061695929766,456.75,294.5,301.75,202.58333333333334,162.66666666666666,104.91666666666667,81.74141600748725,4.55011655011655,2.9623529411764706,8.985111662531017,5.886198547215496,0.684863523573201,0.513317191283293,22.5,16.666666666666668,0.4503311258278146,0.3089005235602094,2.0,2.75,0.75,67.83333333333333,0.4337606837606838
2008,Boston College,13,13,0.6923076923076923,25.53846153846154,18.53846153846154,7.0,8.685384127135508,17.387735140993303,318.46153846153845,273.38461538461536,184.92307692307693,195.15384615384616,143.0,92.15384615384616,93.54821874717463,3.872916666666667,2.8660287081339715,5.834951456310679,6.113253012048193,0.529126213592233,0.563855421686747,18.384615384615383,15.153846153846153,0.3544973544973545,0.3333333333333333,2.5384615384615383,2.8461538461538463,0.30769230769230793,36.92307692307692,0.5295857988165681
2008,Bowling Green,12,12,0.5,27.666666666666668,23.166666666666668,4.5,12.412115293559195,17.175564037317667,359.75,343.4166666666667,241.0,196.75,134.0,162.58333333333334,96.57604163653541,3.9508599508599507,4.2229437229437226,7.036496350364963,6.669491525423729,0.6666666666666666,0.5819209039548022,20.0,19.916666666666668,0.4682080924855491,0.4268292682926829,1.75,1.9166666666666667,0.16666666666666674,53.416666666666664,0.4610042735042735
2008,Buffalo,13,13,0.6153846153846154,31.076923076923077,27.46153846153846,3.6153846153846168,9.087184551714744,12.964942868741982,380.53846153846155,408.3076923076923,253.69230769230768,255.84615384615384,141.07692307692307,158.76923076923077,70.28586318814448,3.9271948608137044,4.617449664429531,7.687645687645688,7.246187363834423,0.6456876456876457,0.6579520697167756,20.846153846153847,21.692307692307693,0.46195652173913043,0.45454545454545453,1.2307692307692308,2.1538461538461537,0.9230769230769229,46.46153846153846,0.5088757396449703
2008,Cal Poly SLO,2,2,0.5,32.0,31.5,0.5,4.242640687119285,2.1213203435596424,427.0,404.0,148.5,322.5,269.5,105.5,79.19595949289332,4.9,3.8363636363636364,8.027027027027026,9.626865671641792,0.5405405405405406,0.5970149253731343,22.0,20.0,0.36666666666666664,0.3181818181818182,0.5,4.0,3.5,27.5,0.375
2008,California,12,12,0.6666666666666666,33.333333333333336,20.166666666666668,13.166666666666668,15.796048604481802,24.45713628271951,379.1666666666667,315.4166666666667,210.75,213.0,183.66666666666666,122.5,113.30075289273505,5.441975308641975,3.1749460043196542,6.726063829787234,6.537084398976982,0.5292553191489362,0.5063938618925832,18.25,17.666666666666668,0.30405405405405406,0.30337078651685395,1.5,2.8333333333333335,1.3333333333333335,53.25,0.5058760683760684
2008,Central Arkansas,1,1,0.0,34.0,62.0,-28.0,,,435.0,641.0,324.0,317.0,93.0,329.0,,2.657142857142857,7.833333333333333,9.529411764705882,11.74074074074074,0.7058823529411765,0.7407407407407407,23.0,29.0,0.46153846153846156,0.8333333333333334,0.0,2.0,2.0,45.0,0.7692307692307693
2008,Central Michigan,12,12,0.6666666666666666,30.25,30.75,-0.5,9.136589775582173,14.222261679238196,427.0833333333333,424.25,309.5833333333333,297.4166666666667,134.25,138.58333333333334,81.97278742843798,3.556291390728477,4.24234693877551,8.443181818181818,8.12984054669704,0.6568181818181819,0.6355353075170843,23.416666666666668,21.666666666666668,0.49162011173184356,0.44047619047619047,0.9166666666666666,1.3333333333333333,0.41666666666666663,57.583333333333336,0.44764957264957267
2008,Charleston Southern,2,2,0.0,17.0,45.0,-28.0,14.142135623730951,24.041630560342615,227.0,411.5,154.0,252.5,60.0,163.0,142.8355697996826,2.0338983050847457,4.2894736842105265,4.967741935483871,8.859649122807017,0.5967741935483871,0.631578947368421,14.0,20.5,0.37037037037037035,0.4782608695652174,2.0,2.0,0.0,21.0,0.375
2008,Chattanooga,2,2,0.0,4.5,51.5,-47.0,3.5355339059327378,11.313708498984761,100.0,490.5,43.0,314.5,22.5,189.5,90.50966799187809,0.6716417910447762,4.858974358974359,2.4571428571428573,8.5,0.37142857142857144,0.7162162162162162,4.5,25.0,0.10344827586206896,0.5384615384615384,0.5,1.0,0.5,49.5,0.7948717948717949
2008,Cincinnati,13,13,0.8461538461538461,27.307692307692307,20.153846153846153,7.153846153846153,8.994300189421958,17.286054850881744,375.3076923076923,316.0769230769231,271.3076923076923,228.69230769230768,121.23076923076923,104.0,74.58036450186316,3.6313364055299537,3.1737089201877935,8.034168564920273,6.534065934065934,0.6241457858769932,0.5604395604395604,19.846153846153847,17.153846153846153,0.3393939393939394,0.29743589743589743,2.0,1.6923076923076923,-0.3076923076923077,67.15384615384616,0.47781065088757396
2008,Citadel,2,2,0.0,18.0,57.5,-39.5,1.4142135623730951,16.263455967290593,372.0,615.0,260.0,292.0,96.0,323.0,77.78174593052023,3.0,9.098591549295774,6.753246753246753,11.450980392156863,0.5454545454545454,0.7450980392156863,18.5,27.0,0.45454545454545453,0.6153846153846154,3.0,1.0,-2.0,22.5,0.7532051282051282
2008,Clemson,12,12,0.5833333333333334,25.5,16.583333333333332,8.916666666666668,13.957728390328485,21.090533565099914,339.3333333333333,294.8333333333333,232.83333333333334,172.5,120.5,127.58333333333333,113.0239985243145,3.5703703703703704,3.752450980392157,7.696969696969697,5.294117647058823,0.6363636363636364,0.5626598465473146,18.416666666666668,16.166666666666668,0.31125827814569534,0.37433155080213903,2.3333333333333335,2.0833333333333335,-0.25,47.333333333333336,0.5026709401709402
2008,Coastal Carolina,1,1,0.0,10.0,66.0,-56.0,,,250.0,594.0,179.0,260.0,52.0,334.0,,1.625,7.767441860465116,5.774193548387097,10.0,0.5806451612903226,0.7307692307692307,16.0,29.0,0.4,0.8181818181818182,1.0,0.0,-1.0,26.0,0.9166666666666666
2008,Colorado,12,12,0.4166666666666667,20.166666666666668,29.25,-9.083333333333332,10.294158390548349,19.874416324572255,318.5,381.5833333333333,211.58333333333334,228.58333333333334,124.5,166.25,67.36805285485507,3.4031890660592254,4.375,6.284653465346534,7.218421052631579,0.5594059405940595,0.6447368421052632,18.833333333333332,20.75,0.3756906077348066,0.39285714285714285,2.1666666666666665,1.5,-0.6666666666666665,43.0,0.5299145299145299
2008,Colorado State,12,12,0.5,23.916666666666668,29.833333333333332,-5.916666666666664,12.176417844142485,17.427555679718743,377.25,408.0833333333333,262.6666666666667,227.5,129.75,185.25,92.52530366435884,3.7338129496402876,5.157772621809745,7.9395465994962215,7.319034852546917,0.6020151133501259,0.6434316353887399,20.0,21.5,0.43902439024390244,0.4691358024691358,1.6666666666666667,1.8333333333333333,0.16666666666666652,40.083333333333336,0.5208333333333334
2008,Connecticut,12,12,0.5833333333333334,23.833333333333332,19.75,4.083333333333332,13.543420632330756,21.4241084818581,351.8333333333333,281.4166666666667,153.08333333333334,176.33333333333334,204.58333333333334,116.91666666666667,71.55904533807707,4.842209072978304,3.472772277227723,5.687306501547988,6.510769230769231,0.4953560371517028,0.5138461538461538,19.083333333333332,14.583333333333334,0.3352941176470588,0.3231707317073171,2.0,2.0,0.0,45.166666666666664,0.49412393162393164
2008,Delaware,1,1,0.0,7.0,14.0,-7.0,,,249.0,397.0,128.0,136.0,121.0,271.0,,3.5588235294117645,6.022222222222222,5.565217391304348,6.476190476190476,0.6086956521739131,0.5238095238095238,13.0,18.0,0.3333333333333333,0.35714285714285715,2.0,2.0,0.0,10.0,0.5833333333333334
2008,Delaware State,1,1,0.0,3.0,24.0,-21.0,,,346.0,393.0,220.0,178.0,99.0,215.0,,3.3,4.886363636363637,5.641025641025641,7.12,0.6153846153846154,0.52,17.0,21.0,0.25,0.42857142857142855,1.0,3.0,2.0,70.0,0.3333333333333333
2008,Duke,12,12,0.3333333333333333,20.083333333333332,23.416666666666668,-3.3333333333333357,13.041600106326422,17.253897232131926,303.8333333333333,356.9166666666667,210.75,215.33333333333334,106.16666666666667,151.5,113.30315997626042,3.0405727923627683,3.8273684210526318,6.168292682926829,8.203174603174602,0.6048780487804878,0.5682539682539682,17.75,17.666666666666668,0.366120218579235,0.39285714285714285,1.8333333333333333,2.1666666666666665,0.33333333333333326,42.75,0.5576923076923077
2008,East Carolina,13,13,0.6923076923076923,23.76923076923077,20.76923076923077,3.0,11.41018438467616,15.016657417681207,336.0,334.7692307692308,218.6153846153846,212.46153846153845,128.30769230769232,138.07692307692307,65.116562153316,3.4250513347022586,3.851931330472103,7.420365535248042,6.769607843137255,0.6005221932114883,0.5980392156862745,17.23076923076923,16.615384615384617,0.38219895287958117,0.3487179487179487,2.3846153846153846,2.4615384615384617,0.0769230769230771,55.76923076923077,0.47781065088757396
2008,Eastern Illinois,2,2,0.0,16.5,39.0,-22.5,6.363961030678928,4.949747468305833,281.0,461.0,134.5,180.5,129.5,285.5,4.242640687119285,3.8088235294117645,5.88659793814433,5.977777777777778,6.224137931034483,0.5777777777777777,0.6551724137931034,14.5,27.5,0.3333333333333333,0.5769230769230769,2.0,2.5,0.5,46.5,0.5416666666666666
2008,Eastern Kentucky,2,2,0.0,10.0,38.5,-28.5,4.242640687119285,6.363961030678928,221.5,278.5,182.5,184.0,34.0,104.5,37.476659402887016,1.5813953488372092,4.75,6.293103448275862,10.514285714285714,0.6379310344827587,0.7428571428571429,11.0,14.0,0.16666666666666666,0.4166666666666667,1.5,0.5,-1.0,46.0,0.5064102564102564
2008,Eastern Michigan,12,12,0.25,25.75,35.583333333333336,-9.833333333333336,18.77679903013775,23.86642119392978,417.5,408.5833333333333,278.0,219.75,148.16666666666666,196.33333333333334,131.3769732141409,4.253588516746412,5.235555555555556,6.6853707414829655,8.848993288590604,0.6172344689378757,0.5973154362416108,23.083333333333332,19.583333333333332,0.40437158469945356,0.44285714285714284,1.5,1.6666666666666667,0.16666666666666674,51.833333333333336,0.500534188034188
2008,Eastern Washington,2,2,0.0,24.0,40.0,-16.0,0.0,12.727922061357855,357.0,495.0,305.0,403.0,35.0,96.5,9.899494936611665,1.5909090909090908,3.3275862068965516,5.350877192982456,8.309278350515465,0.6140350877192983,0.7319587628865979,21.0,23.5,0.4117647058823529,0.5161290322580645,3.0,2.0,-1.0,61.5,0.6666666666666666
2008,FIU,12,12,0.4166666666666667,24.666666666666668,28.333333333333332,-3.6666666666666643,14.144278209247938,22.6327732335749,313.3333333333333,358.9166666666667,227.16666666666666,219.41666666666666,97.41666666666667,151.41666666666666,115.82536488833155,2.8442822384428226,3.890792291220557,7.947521865889213,6.682741116751269,0.5335276967930029,0.5913705583756346,14.75,19.166666666666668,0.3485714285714286,0.4382716049382716,1.5833333333333333,1.9166666666666667,0.3333333333333335,65.75,0.4375
2008,Florida,13,13,0.9230769230769231,45.15384615384615,12.846153846153847,32.30769230769231,13.867504905630728,16.59510276851083,442.38461538461536,279.3076923076923,220.6153846153846,185.6153846153846,229.76923076923077,105.3076923076923,110.8712003945257,5.962075848303393,3.3309002433090025,9.591973244147157,5.814457831325301,0.6454849498327759,0.5204819277108433,21.692307692307693,16.076923076923077,0.4930555555555556,0.31843575418994413,0.9230769230769231,2.6153846153846154,1.6923076923076923,58.30769230769231,0.5483234714003945
2008,Florida Atlantic,12,12,0.5,25.166666666666668,29.333333333333332,-4.166666666666664,18.939296969448726,21.036044103280243,391.5,402.1666666666667,258.5833333333333,224.83333333333334,141.0,183.0,115.1311505118481,4.4526315789473685,4.41851106639839,7.370546318289787,7.45303867403315,0.5296912114014252,0.6353591160220995,19.916666666666668,20.25,0.41818181818181815,0.4024390243902439,2.3333333333333335,1.5833333333333333,-0.7500000000000002,71.83333333333333,0.47222222222222215
2008,Florida State,12,12,0.6666666666666666,32.666666666666664,20.75,11.916666666666664,17.07381479093502,26.161937422464906,368.6666666666667,291.75,200.33333333333334,179.08333333333334,182.83333333333334,126.83333333333333,107.54223976342195,4.930337078651686,3.6941747572815533,6.868571428571428,6.5920245398773005,0.5371428571428571,0.50920245398773,20.166666666666668,16.5,0.44516129032258067,0.2611464968152866,2.3333333333333335,2.0833333333333335,-0.25,70.58333333333333,0.5256410256410257
2008,Fresno State,12,12,0.5833333333333334,29.166666666666668,30.333333333333332,-1.1666666666666643,12.847591449785678,17.87244366124125,383.3333333333333,393.5,217.83333333333334,206.33333333333334,176.83333333333334,197.33333333333334,75.53726754310607,4.822727272727272,5.250554323725056,7.489971346704871,6.994350282485875,0.5959885386819485,0.5847457627118644,20.75,19.916666666666668,0.4090909090909091,0.3597560975609756,1.9166666666666667,1.0,-0.9166666666666667,43.166666666666664,0.46848290598290604
2008,Furman,1,1,0.0,7.0,24.0,-17.0,,,247.0,329.0,210.0,94.0,34.0,261.0,,1.7,5.4375,5.675675675675675,7.230769230769231,0.5675675675675675,0.5384615384615384,13.0,14.0,0.3076923076923077,0.42857142857142855,2.0,1.0,-1.0,32.0,0.6923076923076923
2008,Gardner Webb,1,1,0.0,7.0,10.0,-3.0,,,227.0,199.0,104.0,131.0,74.0,79.0,,1.6818181818181819,1.6808510638297873,4.333333333333333,11.909090909090908,0.5833333333333334,0.2727272727272727,14.0,9.0,0.2777777777777778,0.2857142857142857,1.0,3.0,2.0,50.0,0.75
2008,Georgia,12,12,0.75,32.083333333333336,25.583333333333332,6.5000000000000036,15.096407359087632,19.190433222643183,433.9166666666667,318.3333333333333,289.3333333333333,197.66666666666666,153.91666666666666,129.91666666666666,90.10746950506413,4.699745547073792,3.8493827160493828,9.409214092140921,7.017751479289941,0.6124661246612466,0.5562130177514792,21.166666666666668,17.583333333333332,0.4206896551724138,0.36477987421383645,1.4166666666666667,1.25,-0.16666666666666674,73.75,0.5566239316239316
2008,Georgia Southern,1,1,0.0,21.0,45.0,-24.0,,,290.0,535.0,170.0,325.0,102.0,212.0,,2.914285714285714,6.625,4.722222222222222,12.037037037037036,0.5277777777777778,0.6296296296296297,18.0,20.0,0.25,0.4444444444444444,1.0,1.0,0.0,15.0,0.75
2008,Georgia Tech,12,12,0.75,26.166666666666668,18.833333333333332,7.333333333333336,12.91111806533306,15.517341228054462,377.3333333333333,312.6666666666667,103.75,204.08333333333334,282.3333333333333,116.91666666666667,108.86716955106625,5.6466666666666665,3.534005037783375,8.892857142857142,6.311855670103093,0.4714285714285714,0.5902061855670103,16.583333333333332,17.083333333333332,0.3835616438356164,0.3785310734463277,2.0,2.6666666666666665,0.6666666666666665,44.166666666666664,0.4764957264957265
2008,Grambling State,1,1,0.0,13.0,49.0,-36.0,,,230.0,629.0,212.0,223.0,5.0,426.0,,0.125,8.037735849056604,7.851851851851852,6.96875,0.48148148148148145,0.5625,10.0,29.0,0.3157894736842105,0.42857142857142855,2.0,4.0,2.0,5.0,0.5833333333333334
2008,Hawaii,13,13,0.5384615384615384,24.923076923076923,27.307692307692307,-2.3846153846153832,13.738398368936233,22.47049347306545,344.84615384615387,335.46153846153845,268.84615384615387,200.69230769230768,99.3076923076923,149.53846153846155,69.0481066043163,3.2849872773536894,4.2725274725274724,7.836322869955157,7.651026392961877,0.5874439461883408,0.5630498533724341,18.46153846153846,17.384615384615383,0.35502958579881655,0.34104046242774566,3.0,2.3076923076923075,-0.6923076923076925,77.92307692307692,0.5004930966469427
2008,Hofstra,1,1,0.0,3.0,35.0,-32.0,,,170.0,451.0,130.0,233.0,40.0,218.0,,1.4285714285714286,5.069767441860465,4.642857142857143,7.766666666666667,0.6071428571428571,0.6,13.0,27.0,0.42857142857142855,0.5,3.0,5.0,2.0,70.0,0.5833333333333334
2008,Houston,12,12,0.5833333333333334,41.166666666666664,31.166666666666668,9.999999999999996,12.897028081435401,22.631434293517902,575.0833333333334,418.5833333333333,429.0833333333333,258.3333333333333,161.0,169.5,88.94887022976467,5.165775401069519,4.2375,8.923743500866552,7.73067331670823,0.6741767764298093,0.6084788029925187,27.916666666666668,22.0,0.5088757396449705,0.42528735632183906,2.25,1.9166666666666667,-0.33333333333333326,59.25,0.4551282051282051
2008,Idaho,12,12,0.16666666666666666,19.583333333333332,42.75,-23.166666666666668,10.891684345352095,22.07768652790057,320.9166666666667,472.0,208.91666666666666,267.0,133.16666666666666,209.58333333333334,100.21291727057339,3.768867924528302,5.613839285714286,6.614775725593668,7.9900249376558605,0.5277044854881267,0.6683291770573566,17.666666666666668,24.166666666666668,0.4090909090909091,0.4473684210526316,2.8333333333333335,1.5,-1.3333333333333335,57.0,0.4823717948717949
2008,Idaho State,2,2,0.0,17.0,45.5,-28.5,14.142135623730951,19.091883092036785,302.0,500.5,173.0,279.0,102.0,239.5,134.35028842544403,3.1384615384615384,5.9875,3.8876404494382024,13.285714285714286,0.5842696629213483,0.6428571428571429,19.5,21.0,0.3611111111111111,0.4782608695652174,2.5,1.5,-1.0,63.5,0.5833333333333334
2008,Illinois,12,12,0.4166666666666667,28.666666666666668,26.583333333333332,2.0833333333333357,14.599709420105427,18.83159015799749,438.8333333333333,350.3333333333333,282.75,208.41666666666666,169.5,152.91666666666666,96.55693876797474,4.421739130434783,3.9547413793103448,8.633587786259541,7.312865497076023,0.5674300254452926,0.5847953216374269,21.416666666666668,18.75,0.41358024691358025,0.37209302325581395,2.3333333333333335,1.8333333333333333,-0.5000000000000002,51.0,0.5646367521367521
2008,Illinois State,1,1,0.0,10.0,35.0,-25.0,,,327.0,390.0,209.0,161.0,98.0,229.0,,2.45,7.15625,4.8604651162790695,7.318181818181818,0.5581395348837209,0.5,17.0,15.0,0.35,0.1,1.0,2.0,1.0,60.0,0.3333333333333333
2008,Indiana,12,12,0.25,20.5,35.25,-14.75,12.169260827630785,26.870480592515033,348.0,430.25,194.25,271.8333333333333,166.91666666666666,171.75,107.42354575147006,4.501123595505618,4.11377245508982,6.511173184357542,8.237373737373737,0.5391061452513967,0.6313131313131313,17.0,22.583333333333332,0.27647058823529413,0.4774193548387097,1.9166666666666667,1.8333333333333333,-0.08333333333333348,49.25,0.563034188034188
2008,Indiana State,2,2,0.0,1.5,50.0,-48.5,2.1213203435596424,4.949747468305833,143.0,500.0,87.0,153.5,53.0,349.0,15.556349186104045,1.8596491228070176,7.7555555555555555,3.0,7.309523809523809,0.4482758620689655,0.6904761904761905,9.0,22.5,0.22580645161290322,0.45,3.5,2.0,-1.5,27.5,0.375
2008,Iowa,12,12,0.6666666666666666,30.25,13.25,17.0,14.0655930941752,21.66689976564588,373.9166666666667,289.5,197.16666666666666,199.91666666666666,189.33333333333334,98.25,84.69352055642996,4.854700854700854,3.0783289817232378,7.8604651162790695,5.808716707021792,0.5780730897009967,0.5569007263922519,20.583333333333332,16.5,0.3877551020408163,0.33879781420765026,1.9166666666666667,2.25,0.33333333333333326,33.0,0.4930555555555556
2008,Iowa State,12,12,0.16666666666666666,25.333333333333332,35.833333333333336,-10.500000000000004,13.989173302842799,20.438377448498027,386.8333333333333,452.8333333333333,257.6666666666667,284.6666666666667,138.41666666666666,176.16666666666666,117.83643003088746,4.121588089330025,4.82648401826484,7.059360730593608,9.20754716981132,0.5958904109589042,0.6738544474393531,20.083333333333332,22.5,0.3785310734463277,0.5066666666666667,1.9166666666666667,2.4166666666666665,0.4999999999999998,56.583333333333336,0.46741452991453
2008,Jacksonville State,1,1,0.0,14.0,41.0,-27.0,,,258.0,484.0,136.0,140.0,122.0,349.0,,3.935483870967742,7.586956521739131,3.675675675675676,9.333333333333334,0.5945945945945946,0.5333333333333333,15.0,19.0,0.5333333333333333,0.5,4.0,2.0,-2.0,40.0,0.75
2008,James Madison,1,1,0.0,7.0,31.0,-24.0,,,239.0,364.0,42.0,146.0,188.0,218.0,,5.081081081081081,4.541666666666667,3.8181818181818183,4.709677419354839,0.36363636363636365,0.5806451612903226,13.0,24.0,0.0,0.5,3.0,2.0,-1.0,60.0,0.3333333333333333
2008,Kansas,12,12,0.5833333333333334,32.666666666666664,29.5,3.1666666666666643,11.039872638703214,23.893069871382956,421.0833333333333,398.5833333333333,314.5833333333333,283.25,124.16666666666667,125.41666666666667,87.10856166388879,3.6699507389162562,4.1689750692520775,8.38888888888889,7.140756302521009,0.66,0.6197478991596639,22.166666666666668,21.166666666666668,0.5,0.42771084337349397,1.75,1.9166666666666667,0.16666666666666674,42.083333333333336,0.5582264957264957
2008,Kansas State,12,12,0.4166666666666667,34.916666666666664,35.833333333333336,-0.9166666666666714,14.71213681614502,28.381999203507114,402.0833333333333,479.0833333333333,279.9166666666667,271.5,132.5,217.66666666666666,89.14794479182376,3.8970588235294117,5.203187250996016,7.903529411764706,7.683962264150943,0.5882352941176471,0.6061320754716981,20.833333333333332,25.166666666666668,0.41317365269461076,0.46111111111111114,2.0833333333333335,1.4166666666666667,-0.6666666666666667,45.75,0.4748931623931624
2008,Kent State,12,12,0.3333333333333333,25.666666666666668,31.666666666666668,-6.0,13.289321299677445,18.473568341626024,400.25,395.1666666666667,179.83333333333334,224.0,230.58333333333334,178.66666666666666,85.8753060071298,5.250474383301707,4.53276955602537,7.193333333333333,8.047904191616766,0.55,0.6317365269461078,21.166666666666668,19.166666666666668,0.4074074074074074,0.4339622641509434,2.25,1.8333333333333333,-0.41666666666666674,38.833333333333336,0.4358974358974359
2008,Kentucky,12,12,0.5,22.416666666666668,21.666666666666668,0.75,11.642073646386145,25.470571253900058,298.4166666666667,327.0833333333333,175.41666666666666,197.08333333333334,129.25,142.41666666666666,80.69072080631344,3.810810810810811,3.8318385650224216,5.481770833333333,7.321981424148607,0.5416666666666666,0.5263157894736842,16.25,15.333333333333334,0.3050847457627119,0.35668789808917195,1.75,2.1666666666666665,0.4166666666666665,43.916666666666664,0.4871794871794872
2008,LSU,12,12,0.5833333333333334,30.333333333333332,25.916666666666668,4.416666666666664,9.28667993646945,19.84237125370093,369.5833333333333,317.0833333333333,216.0,221.25,167.0,105.25,79.02181325239867,4.404395604395605,3.350132625994695,7.18005540166205,6.896103896103896,0.5207756232686981,0.548051948051948,19.416666666666668,15.833333333333334,0.38461538461538464,0.31901840490797545,1.6666666666666667,1.5,-0.16666666666666674,47.833333333333336,0.49412393162393164
2008,Louisiana Tech,12,12,0.5833333333333334,25.25,24.833333333333332,0.41666666666666785,16.460006627635913,19.204442352242516,352.0,379.6666666666667,168.41666666666666,289.9166666666667,195.0,99.75,103.25343929997067,4.7560975609756095,2.962871287128713,6.3955696202531644,8.109557109557109,0.4620253164556962,0.6107226107226107,18.5,19.916666666666668,0.34285714285714286,0.3728813559322034,1.75,2.1666666666666665,0.4166666666666665,53.583333333333336,0.4198717948717949
2008,Louisville,12,12,0.4166666666666667,24.666666666666668,29.833333333333332,-5.166666666666664,14.39907404430345,24.09010862020621,376.6666666666667,368.8333333333333,225.16666666666666,249.0,164.5,129.5,106.11942957504687,4.348017621145375,4.2,6.910485933503836,7.801566579634465,0.5805626598465473,0.5900783289817232,20.166666666666668,17.75,0.3785310734463277,0.37037037037037035,2.75,1.5833333333333333,-1.1666666666666667,55.916666666666664,0.5080128205128206
2008,Maine,1,1,0.0,3.0,46.0,-43.0,,,220.0,457.0,75.0,214.0,137.0,245.0,,3.914285714285714,5.568181818181818,3.260869565217391,7.379310344827586,0.391304347826087,0.6206896551724138,15.0,27.0,0.38461538461538464,0.3076923076923077,2.0,1.0,-1.0,44.0,0.6666666666666666
2008,Marshall,12,12,0.3333333333333333,20.5,27.666666666666668,-7.166666666666668,11.751208835303245,18.170071963300398,330.4166666666667,418.0833333333333,180.5,264.75,157.75,164.41666666666666,89.0877589115294,4.475177304964539,3.961847389558233,6.170940170940171,7.475294117647059,0.5014245014245015,0.5858823529411765,16.833333333333332,23.333333333333332,0.367816091954023,0.4117647058823529,1.9166666666666667,1.5,-0.41666666666666674,44.166666666666664,0.5464743589743589
2008,Maryland,12,12,0.5833333333333334,20.083333333333332,21.416666666666668,-1.3333333333333357,13.787071238422369,18.79232596438012,341.9166666666667,355.0,223.58333333333334,216.41666666666666,134.5,149.41666666666666,78.42130778781693,4.075757575757576,3.949339207048458,7.212365591397849,6.87037037037037,0.5752688172043011,0.6164021164021164,17.833333333333332,19.583333333333332,0.40372670807453415,0.3614457831325301,1.9166666666666667,1.1666666666666667,-0.75,40.5,0.5112179487179488
2008,Massachusetts,1,1,0.0,14.0,56.0,-42.0,,,258.0,538.0,164.0,359.0,92.0,179.0,,2.787878787878788,7.16,6.3076923076923075,8.348837209302326,0.6538461538461539,0.7209302325581395,0.0,27.0,,0.45454545454545453,1.0,1.0,0.0,0.0,0.9166666666666666
2008,McNeese State,1,1,0.0,27.0,35.0,-8.0,,,391.0,384.0,239.0,233.0,152.0,163.0,,3.3043478260869565,5.620689655172414,7.46875,8.961538461538462,0.5625,0.5769230769230769,22.0,13.0,0.47368421052631576,0.46153846153846156,2.0,2.0,0.0,64.0,0.6666666666666666
2008,Memphis,12,12,0.5,28.25,26.0,2.25,9.430366810565651,16.382501751453095,432.1666666666667,341.9166666666667,233.41666666666666,206.16666666666666,205.58333333333334,146.25,95.6364644543771,4.837254901960784,4.655172413793103,6.967661691542289,7.755485893416928,0.5696517412935324,0.5329153605015674,24.5,15.833333333333334,0.47513812154696133,0.3624161073825503,1.5,1.4166666666666667,-0.08333333333333326,41.166666666666664,0.39797008547008544
2008,Miami (FL),12,12,0.5833333333333334,27.916666666666668,24.166666666666668,3.75,14.588029546878703,18.096333129318566,327.0833333333333,315.75,211.83333333333334,187.83333333333334,130.08333333333334,146.41666666666666,97.27417515206776,3.9619289340101522,3.794816414686825,6.870270270270271,7.155555555555556,0.572972972972973,0.5142857142857142,17.0,16.833333333333332,0.3352941176470588,0.3742690058479532,1.9166666666666667,1.3333333333333333,-0.5833333333333335,47.916666666666664,0.5165598290598291
2008,Miami (OH),12,12,0.16666666666666666,18.416666666666668,32.666666666666664,-14.249999999999996,8.712147562542496,13.35613580480386,325.1666666666667,395.5,232.41666666666666,190.5,107.25,208.33333333333334,46.25784126813398,3.422872340425532,5.446623093681917,6.049891540130152,7.696969696969697,0.5748373101952278,0.622895622895623,19.083333333333332,18.666666666666668,0.41208791208791207,0.4407894736842105,2.3333333333333335,1.25,-1.0833333333333335,41.583333333333336,0.45566239316239315
2008,Michigan,12,12,0.25,20.25,28.916666666666668,-8.666666666666668,9.352928564213068,16.626011019611482,290.75,366.9166666666667,154.5,247.58333333333334,147.58333333333334,136.91666666666666,67.61001136195463,3.9094922737306845,3.5562770562770565,5.485207100591716,7.94385026737968,0.4881656804733728,0.5775401069518716,15.583333333333334,16.916666666666668,0.2727272727272727,0.3877551020408163,2.5833333333333335,1.9166666666666667,-0.6666666666666667,41.666666666666664,0.5902777777777778
2008,Michigan State,12,12,0.75,26.166666666666668,21.916666666666668,4.25,11.199296514703166,20.596226485804273,352.4166666666667,357.9166666666667,227.0,225.33333333333334,138.41666666666666,147.58333333333334,79.36275555761009,3.4821802935010484,4.247002398081535,7.566666666666666,6.915601023017903,0.5333333333333333,0.5217391304347826,18.916666666666668,17.5,0.35428571428571426,0.40782122905027934,1.9166666666666667,2.0,0.08333333333333326,45.833333333333336,0.5416666666666666
2008,Middle Tennessee,12,12,0.4166666666666667,22.833333333333332,24.916666666666668,-2.0833333333333357,10.249907612296125,16.400988514184878,348.5833333333333,365.5833333333333,252.91666666666666,224.41666666666666,106.91666666666667,153.5,66.0323038483071,3.1140776699029127,4.066225165562914,7.330917874396135,7.3780821917808215,0.6183574879227053,0.5917808219178082,18.75,17.666666666666668,0.40437158469945356,0.4268292682926829,1.75,2.0,0.25,50.583333333333336,0.4166666666666667
2008,Minnesota,12,12,0.5833333333333334,23.416666666666668,23.333333333333332,0.0833333333333357,12.802402710097633,23.30219784145745,322.25,378.4166666666667,230.41666666666666,246.83333333333334,105.83333333333333,146.83333333333334,92.19655386973282,3.190954773869347,4.107226107226107,7.276315789473684,7.8153034300791555,0.6263157894736842,0.5725593667546174,16.166666666666668,18.916666666666668,0.35502958579881655,0.3772455089820359,1.5,2.6666666666666665,1.1666666666666665,54.5,0.46527777777777773
2008,Mississippi State,12,11,0.3333333333333333,15.25,24.666666666666668,-9.416666666666668,12.166459109894188,19.883562573293062,297.72727272727275,315.3636363636364,197.0909090909091,176.63636363636363,115.54545454545455,144.63636363636363,107.79340509427365,3.4258760107816713,3.987468671679198,6.107042253521127,6.476666666666667,0.5633802816901409,0.51,16.272727272727273,16.181818181818183,0.34355828220858897,0.3525641025641026,1.7272727272727273,1.2727272727272727,-0.4545454545454546,44.72727272727273,0.514423076923077
2008,Missouri,13,13,0.6923076923076923,43.15384615384615,27.53846153846154,15.615384615384613,14.25275501932962,29.898546401507165,497.46153846153845,414.2307692307692,347.53846153846155,300.9230769230769,157.07692307692307,128.92307692307693,86.82224694225879,5.276485788113695,3.5659574468085107,8.671785028790786,7.2444444444444445,0.7236084452975048,0.6425925925925926,25.923076923076923,23.53846153846154,0.54421768707483,0.4523809523809524,1.7692307692307692,1.8461538461538463,0.0769230769230771,38.53846153846154,0.522189349112426
2008,Missouri State,1,1,0.0,13.0,57.0,-44.0,,,196.0,572.0,23.0,122.0,173.0,450.0,,3.6041666666666665,8.035714285714286,1.2777777777777777,12.2,0.2222222222222222,0.5,13.0,26.0,0.058823529411764705,0.5,1.0,1.0,0.0,45.0,0.75
2008,Montana State,2,2,0.0,16.5,52.0,-35.5,9.192388155425117,33.23401871576773,273.5,416.5,157.0,255.0,110.5,164.0,116.67261889578035,2.9466666666666668,4.0,4.243243243243243,10.851063829787234,0.44594594594594594,0.6808510638297872,18.0,17.5,0.30303030303030304,0.4,3.5,0.0,-3.5,62.0,0.5
2008,Morgan State,1,1,0.0,0.0,38.0,-38.0,,,109.0,297.0,68.0,248.0,32.0,93.0,,1.032258064516129,2.3846153846153846,3.238095238095238,11.80952380952381,0.47619047619047616,0.5714285714285714,8.0,18.0,0.0,0.4166666666666667,4.0,4.0,0.0,39.0,0.5833333333333334
2008,Murray State,2,2,0.0,6.0,47.5,-41.5,4.242640687119285,0.7071067811865476,194.0,238.0,166.0,111.0,19.5,127.0,63.63961030678928,0.8297872340425532,4.7924528301886795,4.742857142857143,7.928571428571429,0.6428571428571429,0.75,12.5,14.5,0.18518518518518517,0.3076923076923077,3.5,0.5,-3.0,54.0,0.20833333333333331
2008,NC State,12,12,0.5,23.5,26.083333333333332,-2.583333333333332,12.544466364243494,18.61796948860933,326.3333333333333,387.0833333333333,216.91666666666666,250.66666666666666,125.5,144.25,88.00654245652147,3.6289156626506025,4.232273838630807,7.373937677053824,7.354523227383863,0.5127478753541076,0.6259168704156479,17.083333333333332,21.333333333333332,0.3674698795180723,0.4025157232704403,1.4166666666666667,2.3333333333333335,0.9166666666666667,45.583333333333336,0.5459401709401709
2008,Navy,12,12,0.6666666666666666,27.833333333333332,21.416666666666668,6.416666666666664,7.432524755587717,17.25982372886569,361.6666666666667,341.8333333333333,66.91666666666667,220.5,298.3333333333333,126.16666666666667,101.62885536315089,5.367316341829086,3.613365155131265,9.337209302325581,8.018181818181818,0.5116279069767442,0.6545454545454545,17.666666666666668,18.416666666666668,0.4727272727272727,0.4666666666666667,1.1666666666666667,2.5,1.3333333333333333,26.5,0.46581196581196577
2008,Nebraska,12,12,0.6666666666666666,36.166666666666664,29.166666666666668,6.9999999999999964,10.115993936995677,22.895017322155887,458.25,361.5,295.5,254.41666666666666,173.5,125.83333333333333,91.50670616259374,4.616407982261641,3.8520408163265305,8.93198992443325,8.772988505747126,0.6952141057934509,0.5890804597701149,23.416666666666668,17.75,0.48125,0.35294117647058826,2.1666666666666665,1.25,-0.9166666666666665,58.666666666666664,0.5534188034188035
2008,Nevada,12,12,0.5833333333333334,37.833333333333336,31.5,6.333333333333336,11.043989178267832,25.37118384500356,510.5833333333333,395.5833333333333,229.91666666666666,336.75,291.4166666666667,74.5,81.86625271339426,6.244642857142857,2.6449704142011834,7.476964769647696,8.436325678496868,0.5420054200542005,0.5386221294363257,25.25,19.166666666666668,0.4010989010989011,0.38857142857142857,2.0,1.8333333333333333,-0.16666666666666674,59.416666666666664,0.4914529914529915
2008,New Hampshire,1,1,1.0,28.0,10.0,18.0,,,322.0,264.0,131.0,115.0,184.0,169.0,,4.842105263157895,3.0727272727272728,7.705882352941177,10.454545454545455,0.7058823529411765,0.6363636363636364,17.0,14.0,0.4,0.375,2.0,4.0,2.0,60.0,0.25
2008,New Mexico,12,12,0.3333333333333333,21.083333333333332,22.75,-1.6666666666666679,19.061900760576336,26.582062760554543,339.5833333333333,335.75,141.08333333333334,223.25,208.25,122.25,87.84020443482311,4.627777777777778,3.3416856492027334,5.878472222222222,7.319672131147541,0.5520833333333334,0.5765027322404371,18.333333333333332,17.75,0.3516483516483517,0.42196531791907516,1.9166666666666667,2.3333333333333335,0.41666666666666674,57.0,0.5571581196581197
2008,New Mexico State,12,12,0.25,22.166666666666668,34.083333333333336,-11.916666666666668,15.839153635178487,22.508415934463,355.5833333333333,379.5833333333333,327.25,163.66666666666666,54.25,220.16666666666666,142.00861582910022,2.047169811320755,5.200787401574803,7.9817073170731705,6.546666666666667,0.6707317073170732,0.5866666666666667,18.25,20.75,0.367816091954023,0.40397350993377484,2.4166666666666665,2.0,-0.4166666666666665,45.333333333333336,0.46848290598290604
2008,Nicholls State,1,1,0.0,10.0,31.0,-21.0,,,164.0,449.0,38.0,173.0,117.0,276.0,,3.5454545454545454,5.111111111111111,7.6,5.580645161290323,0.4,0.5161290322580645,8.0,31.0,0.0,0.6,3.0,0.0,-3.0,24.0,0.5
2008,Norfolk State,1,1,0.0,3.0,38.0,-35.0,,,165.0,444.0,84.0,155.0,67.0,297.0,,2.310344827586207,6.75,3.5,5.961538461538462,0.375,0.5769230769230769,8.0,22.0,0.07692307692307693,0.3333333333333333,1.0,3.0,2.0,53.0,0.5
2008,North Carolina,12,12,0.6666666666666666,27.5,20.333333333333332,7.166666666666668,11.797534411130918,16.835208416418325,317.3333333333333,357.9166666666667,209.41666666666666,225.91666666666666,125.08333333333333,140.75,52.01107108252544,3.556872037914692,3.821266968325792,8.547619047619047,6.246543778801843,0.564625850340136,0.6013824884792627,15.833333333333334,20.416666666666668,0.42592592592592593,0.4117647058823529,1.8333333333333333,2.3333333333333335,0.5000000000000002,42.75,0.5181623931623932
2008,North Dakota State,1,1,0.0,13.0,16.0,-3.0,,,313.0,266.0,210.0,122.0,98.0,176.0,,3.769230769230769,4.2926829268292686,7.0,7.176470588235294,0.5333333333333333,0.6470588235294118,13.0,14.0,0.2727272727272727,0.2857142857142857,4.0,1.0,-3.0,46.0,0.3333333333333333
2008,North Texas,12,12,0.08333333333333333,20.0,47.583333333333336,-27.583333333333336,13.010485281984192,17.92133483935397,363.0,482.5833333333333,250.0,281.75,127.33333333333333,207.08333333333334,103.32737030693009,4.129729729729729,5.634920634920635,5.836575875486381,9.137837837837838,0.6186770428015564,0.6486486486486487,20.5,21.333333333333332,0.375,0.48120300751879697,2.75,1.3333333333333333,-1.4166666666666667,54.916666666666664,0.5016025641025641
2008,Northeastern,2,2,0.0,17.5,39.0,-21.5,4.949747468305833,17.67766952966369,353.5,462.5,252.0,232.0,91.5,230.5,41.71930009000631,3.267857142857143,6.315068493150685,6.8108108108108105,10.790697674418604,0.581081081081081,0.8372093023255814,11.0,24.5,0.5806451612903226,0.4666666666666667,1.5,0.5,-1.0,58.0,0.5865384615384616
2008,Northern Arizona,1,1,0.0,13.0,30.0,-17.0,,,308.0,481.0,157.0,390.0,139.0,94.0,,3.3095238095238093,4.086956521739131,4.361111111111111,10.833333333333334,0.5277777777777778,0.6388888888888888,19.0,19.0,0.23529411764705882,0.25,0.0,1.0,1.0,32.0,0.4166666666666667
2008,Northern Colorado,1,1,0.0,10.0,42.0,-32.0,,,338.0,402.0,210.0,287.0,122.0,116.0,,3.2972972972972974,4.461538461538462,5.0,10.25,0.6428571428571429,0.5357142857142857,22.0,17.0,0.3888888888888889,0.5454545454545454,0.0,1.0,1.0,48.0,0.3333333333333333
2008,Northern Illinois,12,12,0.5,25.333333333333332,18.083333333333332,7.25,14.480917432848296,22.962914765888378,334.75,302.8333333333333,168.83333333333334,171.75,172.75,140.33333333333334,73.16994539488813,4.410638297872341,4.147783251231527,7.476014760147602,6.627009646302251,0.5756457564575646,0.6302250803858521,17.75,16.75,0.43506493506493504,0.40397350993377484,1.25,1.8333333333333333,0.5833333333333333,41.666666666666664,0.45886752136752135
2008,Northern Iowa,1,1,0.0,17.0,41.0,-24.0,,,362.0,563.0,213.0,491.0,149.0,77.0,,3.725,2.75,8.52,11.975609756097562,0.68,0.8292682926829268,14.0,28.0,0.35294117647058826,0.7,2.0,5.0,3.0,40.0,0.8333333333333334
2008,Northwestern,12,12,0.75,24.5,19.333333333333332,5.166666666666668,9.596400840466654,17.187909774729516,357.0,343.0,220.66666666666666,226.91666666666666,147.58333333333334,127.66666666666667,72.63482760919985,3.926829268292683,3.6132075471698113,6.380722891566265,6.36214953271028,0.6072289156626506,0.5841121495327103,20.166666666666668,19.083333333333332,0.4574468085106383,0.33519553072625696,2.3333333333333335,2.0,-0.3333333333333335,43.333333333333336,0.4166666666666667
2008,Northwestern State,1,1,0.0,6.0,51.0,-45.0,,,190.0,537.0,102.0,337.0,52.0,207.0,,1.4054054054054055,5.3076923076923075,3.090909090909091,12.961538461538462,0.5454545454545454,0.7692307692307693,14.0,25.0,0.45,0.7272727272727273,2.0,1.0,-1.0,32.0,0.3333333333333333
2008,Notre Dame,12,12,0.5,22.666666666666668,22.25,0.41666666666666785,12.78730430994553,17.16475423298533,344.8333333333333,327.5,246.58333333333334,196.5,113.41666666666667,142.66666666666666,111.80895502705687,3.3855721393034828,4.1654501216545015,7.062052505966587,6.238095238095238,0.5894988066825776,0.5291005291005291,18.833333333333332,17.583333333333332,0.34705882352941175,0.33540372670807456,2.5,1.9166666666666667,-0.5833333333333333,49.083333333333336,0.48824786324786323
2008,Ohio,12,12,0.3333333333333333,24.083333333333332,27.25,-3.166666666666668,15.704419374137583,13.723459233492601,361.4166666666667,348.5833333333333,248.91666666666666,201.75,128.5,157.58333333333334,120.1525230191975,3.933673469387755,4.084233261339093,7.738341968911917,6.800561797752809,0.5906735751295337,0.5955056179775281,18.25,19.666666666666668,0.39644970414201186,0.4827586206896552,2.75,1.5833333333333333,-1.1666666666666667,57.333333333333336,0.48183760683760685
2008,Ohio State,12,12,0.8333333333333334,28.166666666666668,13.083333333333334,15.083333333333334,14.64633577094119,21.322025885895272,339.6666666666667,279.25,162.16666666666666,175.16666666666666,191.58333333333334,114.91666666666667,88.37557594857543,4.588822355289421,3.6578249336870026,8.041322314049587,5.50261780104712,0.6198347107438017,0.5549738219895288,17.416666666666668,16.583333333333332,0.4339622641509434,0.35294117647058826,1.1666666666666667,2.5833333333333335,1.4166666666666667,41.666666666666664,0.5416666666666666
2008,Oklahoma,13,13,0.9230769230769231,54.0,24.53846153846154,29.46153846153846,10.408329997330663,16.302430210530908,562.0769230769231,359.0769230769231,362.61538461538464,270.0769230769231,205.53846153846155,106.0,78.26819441133324,4.771428571428571,3.2423529411764704,9.903361344537815,7.064386317907445,0.680672268907563,0.5513078470824949,27.692307692307693,19.23076923076923,0.5163043478260869,0.3333333333333333,0.6923076923076923,2.5384615384615383,1.846153846153846,67.23076923076923,0.5606508875739645
2008,Oklahoma State,12,12,0.75,41.583333333333336,26.916666666666668,14.666666666666668,14.443987949274531,24.477571675955012,489.25,392.25,240.08333333333334,275.5,256.0,123.75,119.8644120359637,5.636697247706422,3.9705882352941178,10.476363636363637,6.705882352941177,0.6618181818181819,0.6247464503042597,24.75,22.833333333333332,0.4748201438848921,0.39634146341463417,1.5833333333333333,2.0833333333333335,0.5000000000000002,55.416666666666664,0.5085470085470085
2008,Ole Miss,12,11,0.6666666666666666,30.833333333333332,17.75,13.083333333333332,12.51786602009183,20.99981962404497,393.0,318.27272727272725,220.27272727272728,235.0,180.0909090909091,97.36363636363636,53.201503738146364,4.596287703016241,2.8945945945945946,8.442508710801393,7.385714285714286,0.5435540069686411,0.6028571428571429,18.818181818181817,17.272727272727273,0.4246575342465753,0.3184713375796178,1.9090909090909092,1.7272727272727273,-0.18181818181818188,51.72727272727273,0.5080128205128206
2008,Oregon,12,12,0.75,41.916666666666664,28.0,13.916666666666664,18.908672052470497,24.11509649136571,478.1666666666667,383.0,208.83333333333334,282.3333333333333,277.8333333333333,119.41666666666667,135.80121390094308,6.1174311926605505,3.075107296137339,7.3274853801169595,7.058333333333334,0.543859649122807,0.58125,23.333333333333332,20.75,0.3905325443786982,0.4028436018957346,2.0,2.5,0.5,63.083333333333336,0.4780982905982906
2008,Oregon State,12,12,0.6666666666666666,32.833333333333336,25.0,7.833333333333336,13.279056191361391,24.71228378149154,418.25,323.3333333333333,263.6666666666667,209.58333333333334,164.58333333333334,134.75,67.10253348421354,4.321663019693654,3.8776978417266186,7.812345679012346,7.714723926380368,0.6148148148148148,0.5337423312883436,22.083333333333332,16.333333333333332,0.41566265060240964,0.3125,1.6666666666666667,1.75,0.08333333333333326,57.5,0.5576923076923077
2008,Penn State,12,12,0.9166666666666666,40.166666666666664,12.416666666666666,27.75,15.343540739485212,16.61940268043787,450.25,263.75,244.41666666666666,180.16666666666666,211.66666666666666,95.91666666666667,103.07995572722794,5.269709543568465,2.9139240506329114,8.476878612716764,5.93956043956044,0.5867052023121387,0.5412087912087912,23.333333333333332,14.916666666666666,0.5279503105590062,0.3081395348837209,1.1666666666666667,1.9166666666666667,0.75,28.0,0.4513888888888889
2008,Pittsburgh,12,12,0.75,29.333333333333332,23.0,6.333333333333332,8.63747999164459,15.113710412213225,356.1666666666667,320.8333333333333,226.33333333333334,208.33333333333334,143.25,127.83333333333333,83.88935714632842,3.778021978021978,3.643705463182898,7.694050991501417,7.0821529745042495,0.5779036827195467,0.5495750708215298,19.083333333333332,16.833333333333332,0.3674698795180723,0.3567251461988304,2.3333333333333335,1.9166666666666667,-0.41666666666666674,35.416666666666664,0.5731837606837606
2008,Portland State,1,1,0.0,9.0,48.0,-39.0,,,246.0,638.0,225.0,371.0,8.0,277.0,,0.7272727272727273,5.431372549019608,4.591836734693878,9.048780487804878,0.40816326530612246,0.5365853658536586,15.0,36.0,0.07692307692307693,0.5714285714285714,3.0,4.0,1.0,89.0,0.15384615384615385
2008,Purdue,12,12,0.3333333333333333,24.666666666666668,25.083333333333332,-0.4166666666666643,18.70018635460539,22.006025345690016,374.4166666666667,358.0833333333333,261.9166666666667,194.08333333333334,124.83333333333333,174.83333333333334,124.48472584898506,3.8214285714285716,4.502145922746781,6.260956175298805,6.469444444444444,0.5876494023904383,0.5611111111111111,21.166666666666668,19.166666666666668,0.3858695652173913,0.35502958579881655,2.0,1.6666666666666667,-0.33333333333333326,40.333333333333336,0.576388888888889
2008,Rhode Island,1,1,0.0,0.0,42.0,-42.0,,,267.0,316.0,194.0,27.0,53.0,289.0,,1.8275862068965518,7.225,4.409090909090909,3.0,0.6363636363636364,0.3333333333333333,19.0,17.0,0.3157894736842105,0.375,5.0,1.0,-4.0,34.0,0.6923076923076923
2008,Rice,12,12,0.75,41.583333333333336,34.916666666666664,6.666666666666671,17.578180345030717,27.681084231699163,472.25,466.75,345.0,290.1666666666667,144.41666666666666,192.91666666666666,80.31542928863782,4.206310679611651,5.237556561085973,8.8272921108742,8.004597701149425,0.6567164179104478,0.5770114942528736,25.833333333333332,24.25,0.49375,0.47058823529411764,1.4166666666666667,2.5,1.0833333333333333,40.666666666666664,0.4252136752136752
2008,Richmond,1,1,0.0,0.0,16.0,-16.0,,,194.0,295.0,131.0,208.0,19.0,91.0,,0.7037037037037037,2.3947368421052633,3.8529411764705883,5.333333333333333,0.47058823529411764,0.5384615384615384,17.0,18.0,0.08333333333333333,0.3888888888888889,3.0,2.0,-1.0,50.0,0.4166666666666667
2008,Rutgers,12,12,0.5833333333333334,29.0,18.5,10.5,18.90165937881453,24.201803088350108,395.1666666666667,323.9166666666667,278.9166666666667,198.41666666666666,128.83333333333334,139.0,121.42175432863102,3.9641025641025642,3.773755656108597,8.877984084880637,8.413427561837455,0.6047745358090185,0.6113074204946997,20.25,15.166666666666666,0.41216216216216217,0.3081761006289308,1.75,1.5833333333333333,-0.16666666666666674,40.833333333333336,0.5219017094017094
2008,SE Missouri State,1,1,0.0,3.0,52.0,-49.0,,,334.0,592.0,248.0,346.0,84.0,256.0,,3.0,7.111111111111111,4.679245283018868,10.484848484848484,0.49056603773584906,0.7878787878787878,21.0,31.0,0.35294117647058826,0.25,2.0,0.0,-2.0,40.0,0.6923076923076923
2008,SMU,12,12,0.08333333333333333,21.333333333333332,38.166666666666664,-16.833333333333332,13.37115846843043,15.200677815828021,314.3333333333333,479.5,288.5833333333333,263.0833333333333,41.416666666666664,225.58333333333334,100.20645355132238,2.2903225806451615,4.939781021897811,7.275210084033613,9.285294117647059,0.5651260504201681,0.6411764705882353,17.083333333333332,22.75,0.34532374100719426,0.5375,2.75,1.6666666666666667,-1.0833333333333333,47.5,0.5363247863247863
2008,Sacramento State,1,1,0.0,20.0,23.0,-3.0,,,310.0,416.0,205.0,321.0,105.0,95.0,,3.28125,3.2758620689655173,7.884615384615385,9.727272727272727,0.5769230769230769,0.6363636363636364,17.0,21.0,0.5,0.8,1.0,1.0,0.0,63.0,0.5
2008,Sam Houston State,1,1,0.0,14.0,38.0,-24.0,,,385.0,528.0,329.0,376.0,45.0,161.0,,2.8125,3.3541666666666665,7.1521739130434785,9.64102564102564,0.5652173913043478,0.6153846153846154,19.0,29.0,0.2727272727272727,0.6470588235294118,3.0,1.0,-2.0,46.0,0.5833333333333334
2008,Samford,1,1,0.0,10.0,34.0,-24.0,,,198.0,424.0,115.0,228.0,74.0,196.0,,1.8048780487804879,5.297297297297297,4.6,9.12,0.64,0.56,14.0,23.0,0.42105263157894735,0.4444444444444444,0.0,2.0,2.0,30.0,0.6666666666666666
2008,San Diego State,12,12,0.16666666666666666,19.25,37.166666666666664,-17.916666666666664,13.929204114834677,26.455651856484565,312.4166666666667,460.75,250.75,217.0,73.16666666666667,247.5,145.7921673499851,3.091549295774648,5.09433962264151,6.153374233128834,8.37299035369775,0.5541922290388548,0.6591639871382636,17.25,23.25,0.3253012048192771,0.5,2.3333333333333335,1.5833333333333333,-0.7500000000000002,49.75,0.548611111111111
2008,San Jose State,12,12,0.5,18.666666666666668,21.583333333333332,-2.9166666666666643,10.713910527341488,18.07790380715104,282.8333333333333,311.6666666666667,214.58333333333334,188.91666666666666,86.66666666666667,141.41666666666666,101.77857725414906,2.694300518134715,3.9929411764705884,6.723237597911227,6.367977528089888,0.6161879895561357,0.5252808988764045,14.5,16.666666666666668,0.28651685393258425,0.3235294117647059,1.6666666666666667,2.4166666666666665,0.7499999999999998,51.916666666666664,0.4337606837606838
2008,South Carolina,12,12,0.5833333333333334,21.666666666666668,20.25,1.4166666666666679,9.575853470942928,21.41562018431378,316.8333333333333,288.9166666666667,237.58333333333334,175.25,98.33333333333333,128.66666666666666,65.30186316892754,2.9280397022332507,3.599067599067599,7.092039800995025,6.805825242718447,0.554726368159204,0.56957928802589,18.666666666666668,16.0,0.38461538461538464,0.3515151515151515,2.8333333333333335,2.1666666666666665,-0.666666666666667,45.0,0.514423076923077
2008,South Carolina State,2,2,0.0,0.0,35.5,-35.5,0.0,26.16295090390226,139.0,367.0,105.0,168.5,21.0,208.5,18.384776310850235,0.9545454545454546,3.9714285714285715,3.75,7.170212765957447,0.5892857142857143,0.6595744680851063,7.0,23.0,0.20833333333333334,0.36666666666666664,3.0,1.5,-1.5,84.5,0.45833333333333337
2008,South Dakota State,1,1,0.0,17.0,44.0,-27.0,,,350.0,388.0,162.0,159.0,180.0,229.0,,7.2,5.4523809523809526,4.378378378378378,8.368421052631579,0.6216216216216216,0.6842105263157895,18.0,20.0,0.42857142857142855,0.5,6.0,3.0,-3.0,30.0,0.16666666666666666
2008,Southeastern Louisiana,2,2,0.0,18.0,37.5,-19.5,11.313708498984761,6.363961030678928,294.0,423.0,221.0,194.0,48.0,232.5,206.47518010647187,2.0,4.84375,5.525,7.185185185185185,0.5,0.6111111111111112,15.5,23.0,0.3225806451612903,0.5757575757575758,1.5,2.5,1.0,75.5,0.45833333333333337
2008,Southern,1,1,0.0,3.0,55.0,-52.0,,,252.0,615.0,202.0,478.0,35.0,148.0,,1.5217391304347827,4.484848484848484,5.17948717948718,9.755102040816327,0.6410256410256411,0.7959183673469388,13.0,31.0,0.16666666666666666,0.6666666666666666,3.0,1.0,-2.0,68.0,0.5833333333333334
2008,Southern Illinois,1,1,0.0,7.0,33.0,-26.0,,,263.0,333.0,132.0,185.0,85.0,148.0,,2.65625,4.352941176470588,4.125,5.967741935483871,0.59375,0.7096774193548387,17.0,20.0,0.2857142857142857,0.5625,0.0,0.0,0.0,105.0,0.75
2008,Southern Miss,12,12,0.5,30.666666666666668,23.833333333333332,6.833333333333336,17.253897232131923,20.866821569760987,434.5,369.6666666666667,251.75,235.25,196.33333333333334,145.75,123.47064428438041,4.769230769230769,4.450381679389313,7.141843971631205,7.004962779156328,0.5721040189125296,0.5806451612903226,22.25,20.333333333333332,0.44329896907216493,0.38961038961038963,1.25,2.3333333333333335,1.0833333333333335,73.5,0.4882478632478633
2008,Southern Utah,1,1,0.0,7.0,41.0,-34.0,,,130.0,508.0,90.0,75.0,7.0,433.0,,0.30434782608695654,5.697368421052632,3.6,6.25,0.6,0.6666666666666666,8.0,29.0,0.16666666666666666,0.5789473684210527,2.0,2.0,0.0,70.0,0.6666666666666666
2008,Stanford,12,12,0.4166666666666667,26.25,27.416666666666668,-1.1666666666666679,12.121543556074787,22.416849723258427,351.75,379.5833333333333,164.83333333333334,247.66666666666666,199.58333333333334,152.91666666666666,87.3323068410644,4.887755102040816,4.297423887587822,6.89198606271777,7.71948051948052,0.5644599303135889,0.6311688311688312,18.75,21.25,0.38666666666666666,0.43037974683544306,2.1666666666666665,2.0,-0.16666666666666652,61.5,0.5267094017094017
2008,Stephen F. Austin,1,1,0.0,7.0,67.0,-60.0,,,143.0,525.0,130.0,214.0,3.0,320.0,,0.17647058823529413,5.517241379310345,3.25,8.916666666666666,0.525,0.7083333333333334,10.0,29.0,0.15384615384615385,0.8,4.0,0.0,-4.0,25.0,0.8333333333333334
2008,Syracuse,12,12,0.25,18.083333333333332,32.666666666666664,-14.583333333333332,8.284249385357002,15.174490156679122,270.1666666666667,414.5,135.08333333333334,235.08333333333334,148.66666666666666,189.41666666666666,95.97900654293989,4.551020408163265,5.006607929515418,5.421404682274248,7.346354166666667,0.47157190635451507,0.6302083333333334,13.666666666666666,22.5,0.28846153846153844,0.5120481927710844,1.6666666666666667,1.4166666666666667,-0.25,38.333333333333336,0.5844017094017094
2008,TCU,12,12,0.8333333333333334,35.0,10.916666666666666,24.083333333333336,18.070568738848664,23.070872361381387,417.0833333333333,215.08333333333334,213.16666666666666,191.91666666666666,215.66666666666666,48.666666666666664,80.44699930370118,4.3790186125211505,1.7432835820895523,7.635820895522388,6.598853868194842,0.582089552238806,0.4899713467048711,23.083333333333332,12.0,0.5125628140703518,0.2865853658536585,1.0833333333333333,2.8333333333333335,1.7500000000000002,72.83333333333333,0.4727564102564103
2008,Temple,12,12,0.4166666666666667,23.416666666666668,23.083333333333332,0.3333333333333357,15.465259209733356,17.86481220588437,298.0833333333333,388.0,220.16666666666666,233.41666666666666,95.16666666666667,166.33333333333334,100.14394942312094,2.765133171912833,4.081799591002045,7.793510324483776,6.831707317073171,0.551622418879056,0.6024390243902439,14.916666666666666,21.416666666666668,0.38823529411764707,0.3626373626373626,2.0833333333333335,2.25,0.16666666666666652,55.333333333333336,0.49572649572649574
2008,Tennessee,12,12,0.4166666666666667,17.333333333333332,16.75,0.5833333333333321,10.645812948447542,19.14280464553117,268.75,263.5,160.0,171.66666666666666,122.91666666666667,103.08333333333333,103.14431637274058,3.606356968215159,2.786036036036036,6.213592233009709,6.204819277108434,0.49514563106796117,0.5602409638554217,14.25,16.333333333333332,0.3473053892215569,0.3709677419354839,1.5833333333333333,1.6666666666666667,0.08333333333333348,44.916666666666664,0.5357905982905983
2008,Tennessee Tech,2,2,0.0,8.5,46.0,-37.5,2.1213203435596424,4.949747468305833,213.5,542.0,146.0,299.5,66.5,254.0,53.033008588991066,2.891304347826087,6.195121951219512,4.424242424242424,9.359375,0.5909090909090909,0.75,11.5,27.0,0.25,0.52,2.0,2.0,0.0,63.5,0.5833333333333334
2008,Tennessee-Martin,2,2,0.0,13.5,46.5,-33.0,9.192388155425117,22.627416997969522,210.0,490.0,152.0,199.5,48.5,299.0,159.80613254815975,2.255813953488372,5.862745098039215,4.222222222222222,9.068181818181818,0.5,0.6818181818181818,11.0,25.5,0.19230769230769232,0.6,2.0,3.5,1.5,62.0,0.5
2008,Texas,12,12,0.9166666666666666,43.916666666666664,18.583333333333332,25.333333333333332,8.846759379295422,15.796048604481802,476.4166666666667,339.9166666666667,310.6666666666667,296.4166666666667,176.91666666666666,73.58333333333333,73.32549889280527,4.432150313152401,2.7854889589905363,9.583547557840618,7.633047210300429,0.7763496143958869,0.5708154506437768,26.583333333333332,18.166666666666668,0.5705128205128205,0.3508771929824561,1.1666666666666667,1.5,0.33333333333333326,53.583333333333336,0.5860042735042735
2008,Texas A&M,12,12,0.3333333333333333,25.0,37.416666666666664,-12.416666666666664,9.732793675367455,17.92640679573184,340.9166666666667,461.9166666666667,278.4166666666667,251.25,88.5,219.25,97.81843880218581,2.9095890410958902,5.189349112426036,8.109223300970873,8.26027397260274,0.6092233009708737,0.6547945205479452,18.583333333333332,24.916666666666668,0.4491017964071856,0.5491329479768786,2.6666666666666665,1.6666666666666667,-0.9999999999999998,56.75,0.5422008547008547
2008,Texas Southern,1,1,0.0,10.0,83.0,-73.0,,,223.0,670.0,128.0,229.0,95.0,441.0,,2.4358974358974357,10.022727272727273,4.129032258064516,22.9,0.3225806451612903,0.9,13.0,22.0,0.3333333333333333,0.25,5.0,1.0,-4.0,60.0,0.5
2008,Texas State,1,1,0.0,36.0,47.0,-11.0,,,465.0,431.0,232.0,387.0,233.0,61.0,,4.957446808510638,3.588235294117647,7.483870967741935,10.45945945945946,0.6451612903225806,0.6486486486486487,0.0,19.0,,0.5833333333333334,5.0,0.0,-5.0,0.0,0.08333333333333333
2008,Texas Tech,12,12,0.9166666666666666,44.583333333333336,26.25,18.333333333333336,12.183881552976855,23.83402202861712,536.1666666666666,371.5833333333333,426.8333333333333,249.66666666666666,118.91666666666667,133.5,107.65081035318298,4.70957095709571,3.8883495145631066,8.480132450331126,7.415841584158416,0.7102649006622517,0.6336633663366337,27.916666666666668,20.083333333333332,0.5454545454545454,0.3897058823529412,1.9166666666666667,2.25,0.33333333333333326,60.083333333333336,0.46581196581196577
2008,Toledo,12,12,0.25,22.416666666666668,31.416666666666668,-9.0,16.1777531496094,20.18099916438052,334.0833333333333,381.4166666666667,198.58333333333334,209.5,146.25,178.33333333333334,126.63222219075877,4.68,4.439834024896266,6.254593175853018,7.244956772334294,0.6010498687664042,0.654178674351585,17.75,22.583333333333332,0.35,0.45394736842105265,1.9166666666666667,1.6666666666666667,-0.25,49.5,0.500534188034188
2008,Towson,1,1,0.0,13.0,41.0,-28.0,,,360.0,602.0,314.0,44.0,30.0,558.0,,1.1538461538461537,9.620689655172415,6.680851063829787,8.8,0.6170212765957447,0.4,21.0,26.0,0.5,0.45454545454545453,1.0,1.0,0.0,60.0,0.6666666666666666
2008,Troy,12,12,0.6666666666666666,33.25,20.583333333333332,12.666666666666668,14.422993006748886,26.486131305178404,421.5,319.5833333333333,250.41666666666666,200.25,175.5,139.16666666666666,119.4346531105456,5.099273607748184,3.4791666666666665,6.27348643006263,6.177377892030848,0.6116910229645094,0.5449871465295629,22.5,17.166666666666668,0.3668639053254438,0.37222222222222223,1.8333333333333333,2.5,0.6666666666666667,60.25,0.42361111111111116
2008,Tulane,12,12,0.16666666666666666,16.666666666666668,34.5,-17.833333333333332,8.876253645985946,18.722049874817436,339.6666666666667,391.25,231.91666666666666,185.5,118.41666666666667,218.41666666666666,105.49307028799511,3.56140350877193,5.660907127429805,6.80440097799511,7.729166666666667,0.5574572127139364,0.6388888888888888,18.083333333333332,20.5,0.4034090909090909,0.4676258992805755,2.0,1.5,-0.5,50.333333333333336,0.5181623931623932
2008,Tulsa,13,13,0.7692307692307693,47.38461538461539,29.076923076923077,18.30769230769231,16.342880516902262,25.18724748553196,565.0769230769231,391.15384615384613,317.38461538461536,272.0,254.84615384615384,133.46153846153845,97.59137729880096,5.4311475409836065,3.890134529147982,10.39294710327456,8.37914691943128,0.6423173803526449,0.6066350710900474,27.76923076923077,19.846153846153847,0.5771428571428572,0.38636363636363635,2.3846153846153846,1.8461538461538463,-0.5384615384615383,39.84615384615385,0.34812623274161736
2008,UAB,12,12,0.3333333333333333,22.75,31.25,-8.5,12.548994889124495,24.511592804593132,366.1666666666667,429.9166666666667,211.58333333333334,267.5833333333333,168.91666666666666,167.0,101.00930050187849,4.659770114942528,4.771428571428571,7.192634560906516,8.894736842105264,0.5892351274787535,0.6260387811634349,18.5,20.0,0.3878787878787879,0.4503311258278146,2.0833333333333335,2.0,-0.08333333333333348,61.5,0.44818376068376065
2008,UC-Davis,1,1,0.0,10.0,13.0,-3.0,,,254.0,273.0,179.0,255.0,61.0,42.0,,2.033333333333333,1.75,5.264705882352941,7.5,0.6176470588235294,0.7647058823529411,13.0,15.0,0.4,0.25,3.0,3.0,0.0,90.0,0.5
2008,UCF,12,12,0.3333333333333333,16.583333333333332,24.083333333333332,-7.5,10.094628034331683,19.561093109444663,229.5,333.75,137.66666666666666,221.5,113.25,126.08333333333333,66.96742763191942,3.0,3.3697104677060135,5.363636363636363,6.678391959798995,0.42857142857142855,0.5226130653266332,12.916666666666666,16.833333333333332,0.2925531914893617,0.35353535353535354,2.25,2.1666666666666665,-0.08333333333333348,50.583333333333336,0.45726495726495725
2008,UCLA,12,12,0.3333333333333333,17.666666666666668,29.0,-11.333333333333332,10.568678711029573,22.939974373185866,283.25,337.4166666666667,217.5,180.33333333333334,82.75,169.75,69.65124158653207,2.620052770448549,4.428260869565217,6.027713625866051,6.518072289156627,0.5473441108545035,0.5331325301204819,16.333333333333332,18.75,0.35638297872340424,0.37209302325581395,2.6666666666666665,1.6666666666666667,-0.9999999999999998,56.5,0.5336538461538461
2008,UL-Lafayette,12,12,0.5,33.083333333333336,33.666666666666664,-0.5833333333333286,15.646424705363398,22.476081562946916,448.4166666666667,429.5833333333333,194.08333333333334,227.33333333333334,263.6666666666667,213.25,149.5201162102115,5.936210131332083,5.276288659793814,8.086805555555555,7.861671469740634,0.6354166666666666,0.5994236311239193,20.833333333333332,22.083333333333332,0.47468354430379744,0.4276729559748428,2.0833333333333335,1.6666666666666667,-0.41666666666666674,57.833333333333336,0.4166666666666667
2008,UL-Monroe,12,12,0.3333333333333333,23.666666666666668,31.166666666666668,-7.5,13.193203025065825,21.23247940816573,337.25,444.6666666666667,199.0,239.25,152.66666666666666,212.66666666666666,108.14647054300522,4.320754716981132,5.747747747747748,6.881844380403458,7.7594594594594595,0.579250720461095,0.5972972972972973,17.083333333333332,21.083333333333332,0.31137724550898205,0.4339622641509434,1.3333333333333333,1.3333333333333333,0.0,59.833333333333336,0.3958333333333333
2008,UNLV,12,12,0.4166666666666667,25.583333333333332,32.583333333333336,-7.0000000000000036,5.822500764406575,13.908793817385657,345.0,422.8333333333333,232.91666666666666,216.16666666666666,121.66666666666667,212.75,80.26546863094649,3.613861386138614,5.015717092337917,7.259740259740259,8.340836012861736,0.5792207792207792,0.6141479099678456,18.916666666666668,21.583333333333332,0.42045454545454547,0.41721854304635764,1.1666666666666667,1.0833333333333333,-0.08333333333333348,42.5,0.5069444444444444
2008,USC,12,12,0.9166666666666666,37.5,7.75,29.75,16.356816760771473,20.662328479186904,453.0833333333333,206.08333333333334,256.1666666666667,140.58333333333334,206.0,83.25,99.39129130803556,5.282051282051282,2.5813953488372094,8.708215297450424,4.889855072463768,0.6402266288951841,0.5159420289855072,23.166666666666668,13.583333333333334,0.45454545454545453,0.2658959537572254,1.9166666666666667,2.3333333333333335,0.41666666666666674,74.0,0.4780982905982906
2008,USF,12,12,0.5833333333333334,26.5,20.5,6.0,15.282194035721917,22.266975138491123,397.4166666666667,291.75,255.75,205.66666666666666,159.83333333333334,97.66666666666667,100.22470964908017,4.08955223880597,2.8866995073891624,8.140583554376658,7.19533527696793,0.623342175066313,0.5335276967930029,21.916666666666668,16.416666666666668,0.4658385093167702,0.3699421965317919,2.0833333333333335,1.5833333333333333,-0.5000000000000002,67.66666666666667,0.49412393162393164
2008,UTEP,12,12,0.4166666666666667,32.916666666666664,37.0,-4.083333333333336,12.507876306430667,25.21348244431334,406.5,469.75,303.6666666666667,281.1666666666667,122.33333333333333,199.5,71.05887443777614,3.9568733153638815,5.1594827586206895,8.133928571428571,8.65128205128205,0.5758928571428571,0.6256410256410256,20.5,24.25,0.4166666666666667,0.4900662251655629,1.25,2.5833333333333335,1.3333333333333335,56.833333333333336,0.5133547008547009
2008,Utah,12,12,1.0,37.416666666666664,17.25,20.166666666666664,15.939991635296844,17.465984256852117,405.25,295.9166666666667,249.91666666666666,201.66666666666666,168.41666666666666,104.83333333333333,92.44371752093761,4.254736842105263,3.2931937172774868,8.040214477211796,6.385224274406332,0.675603217158177,0.5461741424802111,21.583333333333332,16.0,0.4523809523809524,0.30303030303030304,1.5,2.5,1.0,60.5,0.4375
2008,Utah State,12,12,0.25,24.0,34.666666666666664,-10.666666666666664,13.087120663947715,28.03352970781218,334.25,412.6666666666667,214.16666666666666,261.6666666666667,137.75,161.58333333333334,114.12045072083826,3.782608695652174,4.4988399071925755,7.514619883040936,7.476190476190476,0.564327485380117,0.6428571428571429,17.5,22.25,0.32941176470588235,0.4624277456647399,2.25,2.1666666666666665,-0.08333333333333348,65.08333333333333,0.6004273504273504
2008,Vanderbilt,12,12,0.5,19.416666666666668,20.083333333333332,-0.6666666666666643,10.334921676558853,13.586981291150018,260.9166666666667,318.6666666666667,138.08333333333334,190.08333333333334,138.16666666666666,145.0,74.00793364514537,3.811494252873563,3.8410596026490067,5.54180602006689,6.9969325153374236,0.4916387959866221,0.5460122699386503,15.416666666666666,17.583333333333332,0.33727810650887574,0.3619631901840491,1.75,2.4166666666666665,0.6666666666666665,39.416666666666664,0.5352564102564102
2008,Villanova,1,1,0.0,21.0,48.0,-27.0,,,399.0,354.0,224.0,205.0,133.0,149.0,,2.66,6.7727272727272725,6.054054054054054,6.029411764705882,0.5675675675675675,0.7647058823529411,28.0,21.0,0.5714285714285714,0.6666666666666666,3.0,1.0,-2.0,60.0,0.6666666666666666
2008,Virginia,12,12,0.4166666666666667,16.083333333333332,21.666666666666668,-5.583333333333336,10.049498706026299,22.2361635561751,299.75,333.25,214.16666666666666,194.16666666666666,96.58333333333333,149.58333333333334,83.83655635710583,3.4188790560471976,3.67827868852459,5.854214123006834,6.996996996996997,0.6127562642369021,0.5915915915915916,17.416666666666668,18.5,0.35294117647058826,0.3988439306358382,2.6666666666666665,2.0,-0.6666666666666665,41.666666666666664,0.5806623931623932
2008,Virginia Military,1,1,0.0,31.0,51.0,-20.0,,,436.0,575.0,82.0,338.0,339.0,251.0,,6.053571428571429,5.456521739130435,8.2,14.083333333333334,0.3,0.7083333333333334,21.0,25.0,0.2727272727272727,0.38461538461538464,2.0,1.0,-1.0,50.0,0.3333333333333333
2008,Virginia Tech,13,13,0.6923076923076923,22.23076923076923,17.46153846153846,4.76923076923077,5.974303950445416,8.852060458389015,296.15384615384613,277.0769230769231,144.30769230769232,187.23076923076923,167.92307692307693,107.0,62.60570548260246,3.7,3.2348837209302324,7.0,7.851612903225806,0.5746268656716418,0.532258064516129,16.846153846153847,13.153846153846153,0.37305699481865284,0.32,1.4615384615384615,2.4615384615384617,1.0000000000000002,36.07692307692308,0.5315581854043393
2008,Wake Forest,12,12,0.5833333333333334,20.333333333333332,18.25,2.083333333333332,11.396437508221062,13.235340661435293,300.25,300.3333333333333,203.91666666666666,196.5,111.58333333333333,116.08333333333333,57.528056396225246,2.867237687366167,3.397560975609756,6.816155988857939,6.288,0.6211699164345403,0.5253333333333333,16.666666666666668,16.25,0.3567567567567568,0.36416184971098264,1.75,3.0833333333333335,1.3333333333333335,47.583333333333336,0.5438034188034188
2008,Washington,12,12,0.0,13.25,38.583333333333336,-25.333333333333336,8.22551462882967,16.74587239961664,263.1666666666667,451.75,185.25,219.41666666666666,99.33333333333333,240.58333333333334,89.12180973082273,2.844868735083532,5.6942800788954635,6.073770491803279,8.412140575079873,0.4726775956284153,0.6677316293929713,16.666666666666668,22.333333333333332,0.41899441340782123,0.4934210526315789,2.5,0.8333333333333334,-1.6666666666666665,39.833333333333336,0.5966880341880342
2008,Washington State,13,13,0.15384615384615385,12.692307692307692,43.84615384615385,-31.153846153846153,13.511628420146202,29.467061141343777,241.07692307692307,443.38461538461536,171.3846153846154,200.76923076923077,95.07692307692308,247.6153846153846,139.1979774388871,2.7466666666666666,5.779174147217235,6.17174515235457,7.9573170731707314,0.5290858725761773,0.5792682926829268,14.153846153846153,22.076923076923077,0.2681564245810056,0.41358024691358025,3.076923076923077,1.0,-2.076923076923077,65.92307692307692,0.49013806706114393
2008,Weber State,2,1,0.0,19.0,36.5,-17.5,2.8284271247461903,2.1213203435596424,359.0,888.0,279.0,591.0,56.0,313.0,,2.4347826086956523,4.287671232876712,7.342105263157895,9.380952380952381,0.631578947368421,0.6825396825396826,19.0,44.0,0.4166666666666667,0.3333333333333333,2.0,4.0,2.0,15.0,0.7692307692307692
2008,West Virginia,12,12,0.6666666666666666,24.0,15.916666666666666,8.083333333333334,12.504544628399563,14.04834725532013,352.5,325.5,142.83333333333334,196.41666666666666,217.16666666666666,134.83333333333334,83.56108272069328,5.486315789473684,3.6278026905829597,6.278388278388278,5.86318407960199,0.6446886446886447,0.5572139303482587,18.0,19.583333333333332,0.3924050632911392,0.4180790960451977,1.1666666666666667,2.5,1.3333333333333333,43.75,0.48931623931623935
2008,Western Carolina,1,1,0.0,0.0,69.0,-69.0,,,176.0,561.0,106.0,271.0,57.0,290.0,,1.7272727272727273,9.0625,4.24,10.84,0.4,0.68,12.0,24.0,0.21428571428571427,0.5,1.0,0.0,-1.0,37.0,0.6666666666666666
2008,Western Illinois,1,1,0.0,24.0,28.0,-4.0,,,262.0,394.0,104.0,353.0,157.0,76.0,,3.4130434782608696,3.619047619047619,4.0,8.609756097560975,0.38461538461538464,0.6097560975609756,17.0,24.0,0.4117647058823529,0.6363636363636364,0.0,3.0,3.0,42.0,0.4166666666666667
2008,Western Kentucky,12,10,0.16666666666666666,17.5,27.166666666666668,-9.666666666666668,15.94593137050098,22.317271474367246,269.0,450.3,153.1,263.0,136.3,194.9,105.93603940323823,4.13030303030303,4.350446428571429,5.7556390977443606,6.795865633074936,0.5037593984962406,0.6304909560723514,0.0,25.1,,0.43529411764705883,1.9,1.8,-0.09999999999999987,0.0,0.44764957264957267
2008,Western Michigan,12,12,0.75,29.833333333333332,23.833333333333332,6.0,11.247895426040888,17.81215111301067,422.6666666666667,390.3333333333333,309.9166666666667,261.3333333333333,121.5,140.91666666666666,97.42907288086163,4.300884955752212,3.8431818181818183,7.558943089430894,7.800995024875622,0.6626016260162602,0.5621890547263682,22.0,19.5,0.42948717948717946,0.40217391304347827,1.75,1.5,-0.25,46.916666666666664,0.4337606837606838
2008,William & Mary,1,1,0.0,24.0,34.0,-10.0,,,303.0,325.0,163.0,277.0,115.0,67.0,,3.484848484848485,2.2333333333333334,4.405405405405405,7.694444444444445,0.5135135135135135,0.5833333333333334,16.0,11.0,0.29411764705882354,0.125,4.0,2.0,-2.0,15.0,0.5
2008,Wisconsin,12,12,0.5833333333333334,28.666666666666668,25.25,3.416666666666668,14.840566843703249,21.72747876154372,404.75,322.3333333333333,206.33333333333334,199.25,212.0,133.25,87.39266143519873,4.809073724007561,3.8810679611650487,7.8107255520504735,6.514986376021798,0.5394321766561514,0.5149863760217984,19.916666666666668,17.25,0.39285714285714285,0.38011695906432746,2.5,1.8333333333333333,-0.6666666666666667,49.25,0.5416666666666666
2008,Wofford,1,1,0.0,13.0,23.0,-10.0,,,285.0,376.0,90.0,219.0,185.0,172.0,,4.3023255813953485,4.095238095238095,6.923076923076923,6.4411764705882355,0.6153846153846154,0.6764705882352942,14.0,30.0,0.4666666666666667,0.6363636363636364,0.0,4.0,4.0,37.0,0.5833333333333334
2008,Wyoming,12,12,0.3333333333333333,12.666666666666666,27.75,-15.083333333333334,10.1114996040362,21.693980452622977,296.0,329.6666666666667,128.5,198.41666666666666,178.33333333333334,140.16666666666666,97.8904768327617,4.2629482071713145,3.7130242825607063,5.566787003610108,6.632311977715878,0.516245487364621,0.5571030640668524,16.25,17.25,0.35542168674698793,0.366120218579235,3.4166666666666665,1.1666666666666667,-2.25,51.833333333333336,0.5
2008,Youngstown State,1,1,0.0,0.0,43.0,-43.0,,,74.0,495.0,61.0,252.0,-11.0,251.0,,-0.5238095238095238,5.837209302325581,3.388888888888889,8.129032258064516,0.6666666666666666,0.6774193548387096,5.0,24.0,0.1,0.5,1.0,1.0,0.0,15.0,0.8333333333333334
2009,Air Force,12,12,0.5833333333333334,28.25,15.333333333333334,12.916666666666666,17.792363019514347,23.929663346541002,355.9166666666667,284.75,88.5,161.83333333333334,273.5833333333333,136.08333333333334,108.30802734737065,4.4185733512786,3.6696629213483147,7.640287769784172,6.7665505226480835,0.48201438848920863,0.5749128919860628,19.5,14.333333333333334,0.43478260869565216,0.30303030303030304,0.9166666666666666,2.3333333333333335,1.416666666666667,44.0,0.4813034188034188
2009,Akron,12,12,0.25,19.25,28.75,-9.5,9.799118698777317,20.729864271800544,300.9166666666667,367.6666666666667,195.91666666666666,201.16666666666666,118.41666666666667,171.91666666666666,94.85247716450226,3.6157760814249365,4.288981288981289,6.874269005847953,6.857954545454546,0.5555555555555556,0.6079545454545454,16.5,19.75,0.3221476510067114,0.4913294797687861,2.0,1.5833333333333333,-0.41666666666666674,50.833333333333336,0.4823717948717949
2009,Alabama,13,13,1.0,31.692307692307693,11.0,20.692307692307693,11.055802514099518,13.756117520244194,413.7692307692308,241.92307692307693,204.0,183.07692307692307,215.84615384615384,78.15384615384616,85.90028506564443,5.101818181818182,2.7759562841530054,7.940119760479042,5.847665847665848,0.6167664670658682,0.4742014742014742,21.0,13.307692307692308,0.4065934065934066,0.288135593220339,0.7692307692307693,2.0,1.2307692307692308,43.07692307692308,0.5261341222879684
2009,Alcorn State,2,2,0.0,0.0,50.0,-50.0,0.0,2.8284271247461903,153.5,475.0,121.0,188.0,49.0,288.0,24.748737341529164,1.4848484848484849,5.538461538461538,5.761904761904762,7.230769230769231,0.4523809523809524,0.7115384615384616,8.5,27.0,0.21428571428571427,0.391304347826087,2.0,0.5,-1.5,46.0,0.7147435897435898
2009,Appalachian State,1,1,0.0,24.0,29.0,-5.0,,,246.0,320.0,161.0,131.0,102.0,189.0,,2.125,5.4,6.44,4.851851851851852,0.56,0.4444444444444444,18.0,18.0,0.35294117647058826,0.42857142857142855,1.0,2.0,1.0,62.0,0.6923076923076923
2009,Arizona,12,12,0.6666666666666666,29.666666666666668,23.166666666666668,6.5,11.130084810044703,13.767550782381539,407.5,315.8333333333333,246.41666666666666,220.25,167.41666666666666,111.91666666666667,107.0229372186593,4.9,3.761904761904762,6.527593818984547,6.674242424242424,0.6423841059602649,0.5707070707070707,21.416666666666668,16.916666666666668,0.4327485380116959,0.33540372670807456,1.5833333333333333,1.5833333333333333,0.0,43.25,0.5427350427350427
2009,Arizona State,12,12,0.3333333333333333,22.333333333333332,21.083333333333332,1.25,11.51547048999999,19.405364769006066,334.4166666666667,297.5833333333333,230.08333333333334,201.66666666666666,119.25,108.58333333333333,79.03791763604622,3.7460732984293195,3.3932291666666665,6.605263157894737,6.612021857923497,0.5382775119617225,0.5300546448087432,18.166666666666668,15.916666666666666,0.3076923076923077,0.29651162790697677,2.1666666666666665,2.0,-0.16666666666666652,84.66666666666667,0.5208333333333334
2009,Arkansas,12,12,0.5833333333333334,37.333333333333336,25.75,11.583333333333336,16.51629131457419,22.30555712794188,439.3333333333333,401.8333333333333,317.3333333333333,266.75,136.0,150.08333333333334,113.59364045365898,4.352,4.038116591928251,9.449131513647643,8.628032345013477,0.575682382133995,0.5983827493261455,20.416666666666668,20.166666666666668,0.3624161073825503,0.36024844720496896,1.1666666666666667,2.25,1.0833333333333333,56.166666666666664,0.563034188034188
2009,Arkansas State,12,12,0.3333333333333333,22.666666666666668,23.25,-0.5833333333333321,13.897896069244263,23.10237427126695,328.8333333333333,340.5,212.16666666666666,232.33333333333334,135.25,122.0,94.60524042119188,3.792056074766355,3.5023923444976077,7.715151515151515,7.617486338797814,0.5818181818181818,0.6065573770491803,17.333333333333332,18.75,0.3333333333333333,0.40350877192982454,2.0,1.5833333333333333,-0.41666666666666674,60.083333333333336,0.4326923076923077
2009,Army,12,12,0.4166666666666667,15.333333333333334,21.916666666666668,-6.583333333333334,7.113793685935839,13.180276816884271,275.3333333333333,304.6666666666667,77.33333333333333,169.08333333333334,203.58333333333334,151.83333333333334,59.27797894563197,4.11973018549747,3.884861407249467,5.763975155279503,7.8949416342412455,0.453416149068323,0.556420233463035,14.583333333333334,15.583333333333334,0.28901734104046245,0.3821656050955414,1.5833333333333333,2.0,0.41666666666666674,43.083333333333336,0.36324786324786323
2009,Auburn,12,12,0.5833333333333334,32.916666666666664,26.916666666666668,5.9999999999999964,16.351026286018275,18.290583767213516,432.3333333333333,353.5,232.91666666666666,206.91666666666666,213.83333333333334,161.66666666666666,134.55335767124527,5.021526418786693,4.254385964912281,8.444108761329305,6.63903743315508,0.5981873111782477,0.5508021390374331,20.666666666666668,19.5,0.40853658536585363,0.33727810650887574,1.5,1.5833333333333333,0.08333333333333326,58.916666666666664,0.5347222222222222
2009,BYU,12,12,0.8333333333333334,34.75,21.666666666666668,13.083333333333332,15.863766605352298,26.00859415072198,437.0833333333333,331.0833333333333,299.5833333333333,234.16666666666666,148.16666666666666,112.0,107.26471785713,4.0873563218390805,3.40253164556962,9.241645244215938,6.990049751243781,0.6760925449871465,0.5970149253731343,22.75,18.5,0.5548387096774193,0.38953488372093026,1.8333333333333333,1.75,-0.08333333333333326,67.83333333333333,0.46527777777777773
2009,Ball State,12,12,0.16666666666666666,19.166666666666668,28.166666666666668,-9.0,8.032132438845336,10.313274764284929,292.3333333333333,386.6666666666667,157.41666666666666,240.08333333333334,157.91666666666666,152.33333333333334,90.45775843235373,4.336384439359268,3.9567099567099566,6.035143769968051,7.8075880758807585,0.5111821086261981,0.6476964769647696,15.583333333333334,20.333333333333332,0.3373493975903614,0.3902439024390244,2.1666666666666665,1.5833333333333333,-0.5833333333333333,38.583333333333336,0.5379273504273504
2009,Baylor,12,12,0.3333333333333333,20.75,27.25,-6.5,18.46433909409752,25.18116178993553,342.9166666666667,405.5833333333333,259.1666666666667,238.16666666666666,100.58333333333333,178.75,94.4076829821631,3.4884393063583814,4.49685534591195,7.215777262180975,6.6465116279069765,0.6194895591647331,0.6232558139534884,17.5,22.416666666666668,0.3592814371257485,0.4426229508196721,1.9166666666666667,1.5,-0.41666666666666674,63.166666666666664,0.5646367521367521
2009,Boise State,13,13,1.0,44.15384615384615,17.692307692307693,26.46153846153846,11.553110359308397,14.517893468724404,460.46153846153845,299.61538461538464,269.0,183.69230769230768,194.46153846153845,126.84615384615384,65.22348169258187,5.310924369747899,3.926190476190476,8.366028708133971,6.045569620253165,0.645933014354067,0.5468354430379747,22.692307692307693,15.923076923076923,0.38461538461538464,0.32222222222222224,1.0,2.4615384615384617,1.4615384615384617,53.0,0.41222879684418146
2009,Boston College,12,12,0.6666666666666666,25.75,19.416666666666668,6.333333333333332,15.13650013588466,24.358434541926815,324.9166666666667,318.4166666666667,195.16666666666666,224.08333333333334,140.5,104.41666666666667,125.8024846794178,3.81447963800905,2.990453460620525,7.364779874213837,6.542579075425791,0.5125786163522013,0.6082725060827251,16.333333333333332,17.916666666666668,0.3,0.32972972972972975,2.0,1.75,-0.25,42.0,0.46207264957264954
2009,Bowling Green,12,12,0.5833333333333334,27.333333333333332,26.166666666666668,1.1666666666666643,10.798428617445255,16.32529177427318,391.4166666666667,393.75,324.4166666666667,211.25,81.25,192.75,81.63272331088504,2.9017857142857144,5.341801385681293,7.104014598540146,7.022160664819944,0.6332116788321168,0.5872576177285319,21.25,18.75,0.4473684210526316,0.35802469135802467,1.1666666666666667,1.5833333333333333,0.4166666666666665,48.0,0.5170940170940171
2009,Buffalo,12,12,0.4166666666666667,24.083333333333332,23.75,0.33333333333333215,10.39631344916713,17.742262504761865,405.4166666666667,342.6666666666667,253.25,225.5,163.5,131.75,83.20889193451441,4.52073732718894,4.074742268041237,7.559701492537314,6.731343283582089,0.5671641791044776,0.6069651741293532,22.0,19.333333333333332,0.41566265060240964,0.42857142857142855,2.0833333333333335,1.5,-0.5833333333333335,55.5,0.4823717948717949
2009,Cal Poly SLO,2,2,0.0,9.5,23.5,-14.0,0.7071067811865476,5.656854249492381,282.5,422.0,79.0,212.0,209.0,214.0,44.54772721475249,4.309278350515464,6.903225806451613,4.27027027027027,6.950819672131147,0.2972972972972973,0.5409836065573771,15.5,17.0,0.3125,0.4642857142857143,2.5,1.5,-1.0,35.0,0.42948717948717946
2009,California,12,12,0.6666666666666666,29.25,24.5,4.75,19.41004894378167,28.92348841025546,399.0,378.0,235.83333333333334,275.25,175.58333333333334,117.08333333333333,121.19405926034494,4.756207674943567,3.5037406483790523,7.927170868347339,7.920863309352518,0.5434173669467787,0.6306954436450839,20.5,18.75,0.37423312883435583,0.3699421965317919,1.1666666666666667,1.6666666666666667,0.5,50.75,0.4583333333333333
2009,Central Arkansas,2,2,0.5,24.0,16.0,8.0,5.656854249492381,18.384776310850235,338.5,351.0,209.5,249.0,138.5,128.5,96.87362902255701,4.0144927536231885,3.7794117647058822,7.618181818181818,7.323529411764706,0.7272727272727273,0.5588235294117647,16.0,18.5,0.38461538461538464,0.46153846153846156,1.5,3.5,2.0,58.5,0.23076923076923078
2009,Central Michigan,13,13,0.8461538461538461,33.15384615384615,17.23076923076923,15.923076923076923,16.707514047308944,20.66583952025475,416.9230769230769,326.6923076923077,250.92307692307693,218.6153846153846,172.15384615384616,119.3076923076923,102.35189424925294,4.586065573770492,3.5986078886310904,7.711583924349882,6.898058252427185,0.6997635933806147,0.5849514563106796,23.846153846153847,18.076923076923077,0.5088757396449705,0.3567567567567568,1.0769230769230769,1.4615384615384615,0.3846153846153846,51.76923076923077,0.4122287968441815
2009,Charleston Southern,2,2,0.0,1.5,60.5,-59.0,2.1213203435596424,0.0,255.5,585.5,181.5,276.5,74.0,309.0,95.45941546018392,3.3636363636363638,7.822784810126582,4.594936708860759,10.24074074074074,0.5443037974683544,0.7222222222222222,13.5,26.0,0.3333333333333333,0.6666666666666666,1.5,0.0,-1.5,40.0,0.7532051282051282
2009,Chattanooga,1,1,0.0,0.0,45.0,-45.0,,,85.0,422.0,36.0,126.0,49.0,313.0,,2.3333333333333335,5.589285714285714,1.3333333333333333,7.875,0.25925925925925924,0.625,6.0,26.0,0.16666666666666666,0.45454545454545453,3.0,0.0,-3.0,30.0,1.0
2009,Cincinnati,12,12,1.0,39.833333333333336,20.75,19.083333333333336,12.925192689496201,18.480743458743177,464.25,350.9166666666667,326.5,227.58333333333334,143.91666666666666,142.25,102.93521793297515,5.109467455621302,3.548856548856549,9.175644028103045,7.111979166666667,0.6651053864168618,0.6145833333333334,20.833333333333332,19.916666666666668,0.421875,0.38341968911917096,0.8333333333333334,1.5833333333333333,0.7499999999999999,45.75,0.47222222222222215
2009,Citadel,1,1,0.0,6.0,40.0,-34.0,,,153.0,375.0,134.0,117.0,30.0,261.0,,1.5,5.931818181818182,3.4358974358974357,5.318181818181818,0.5641025641025641,0.4090909090909091,8.0,22.0,0.125,0.3333333333333333,4.0,4.0,0.0,40.0,0.6666666666666666
2009,Clemson,13,13,0.6153846153846154,31.923076923076923,21.0,10.923076923076923,11.220973951055068,17.85339154736684,365.53846153846155,317.15384615384613,207.53846153846155,184.0,169.6153846153846,150.30769230769232,72.58628817324407,4.762419006479481,3.4645390070921986,7.175531914893617,7.140298507462687,0.5638297872340425,0.5074626865671642,17.76923076923077,17.53846153846154,0.3867403314917127,0.39086294416243655,1.8461538461538463,2.230769230769231,0.3846153846153846,42.61538461538461,0.5532544378698225
2009,Coastal Carolina,2,2,0.0,1.5,33.5,-32.0,2.1213203435596424,19.79898987322333,177.5,372.0,72.5,182.5,110.5,197.5,10.606601717798213,2.5697674418604652,5.12987012987013,3.372093023255814,6.293103448275862,0.3953488372093023,0.5862068965517241,12.5,20.0,0.1935483870967742,0.28,2.0,2.0,0.0,38.0,0.5160256410256411
2009,Colorado,12,12,0.25,22.25,28.833333333333332,-6.583333333333332,10.136567466356647,12.580347829656837,314.3333333333333,363.0,257.1666666666667,218.0,87.91666666666667,161.16666666666666,104.65904237816794,2.783641160949868,4.132478632478633,6.524312896405919,7.7626112759643915,0.5285412262156448,0.5786350148367952,18.416666666666668,18.166666666666668,0.3544973544973545,0.3411764705882353,2.5833333333333335,2.0833333333333335,-0.5,75.25,0.5785256410256411
2009,Colorado State,12,12,0.25,21.666666666666668,29.833333333333332,-8.166666666666664,7.819943423805261,14.160337266998674,351.1666666666667,387.75,221.25,252.0,144.25,152.08333333333334,73.58215363342754,4.1610576923076925,4.2050691244239635,8.169230769230769,7.9162303664921465,0.556923076923077,0.6361256544502618,18.333333333333332,21.833333333333332,0.35333333333333333,0.543859649122807,1.5833333333333333,1.5833333333333333,0.0,50.916666666666664,0.5
2009,Connecticut,12,12,0.5833333333333334,32.083333333333336,25.0,7.083333333333336,13.514021898709055,13.918322347527988,398.4166666666667,382.9166666666667,236.91666666666666,260.5833333333333,172.75,138.16666666666666,90.47496723939554,4.31875,3.837962962962963,8.053824362606232,8.520435967302452,0.5807365439093485,0.667574931880109,19.75,17.833333333333332,0.4,0.4,1.75,1.9166666666666667,0.16666666666666674,32.166666666666664,0.5507478632478632
2009,Delaware,1,1,0.0,18.0,35.0,-17.0,,,370.0,320.0,204.0,86.0,176.0,242.0,,4.190476190476191,4.745098039215686,7.555555555555555,14.333333333333334,0.6296296296296297,0.6666666666666666,22.0,16.0,0.625,0.5384615384615384,1.0,1.0,0.0,35.0,0.6923076923076923
2009,Delaware State,1,1,0.0,6.0,63.0,-57.0,,,216.0,727.0,160.0,266.0,65.0,461.0,,2.5,8.537037037037036,4.705882352941177,14.777777777777779,0.5294117647058824,0.8333333333333334,11.0,34.0,0.06666666666666667,0.6,0.0,1.0,1.0,78.0,0.4166666666666667
2009,Duke,12,12,0.4166666666666667,25.166666666666668,28.333333333333332,-3.1666666666666643,14.256311733489284,21.289490934318373,368.5,368.5833333333333,321.6666666666667,224.58333333333334,63.5,152.83333333333334,108.3575730457435,2.247787610619469,4.004366812227074,7.704590818363274,7.903225806451613,0.6147704590818364,0.5777126099706745,19.083333333333332,18.75,0.37158469945355194,0.4502923976608187,1.3333333333333333,1.5,0.16666666666666674,41.166666666666664,0.5080128205128205
2009,East Carolina,13,13,0.6923076923076923,27.76923076923077,22.076923076923077,5.692307692307693,12.83325008298006,15.776483635380727,367.61538461538464,385.61538461538464,222.69230769230768,277.15384615384613,149.6153846153846,123.3076923076923,94.33145327473268,4.10337552742616,3.7365967365967365,6.909307875894988,7.220440881763527,0.5918854415274463,0.6232464929859719,19.46153846153846,21.076923076923077,0.4368421052631579,0.41798941798941797,1.5384615384615385,2.5384615384615383,0.9999999999999998,61.23076923076923,0.495069033530572
2009,Eastern Illinois,1,1,0.0,3.0,52.0,-49.0,,,206.0,553.0,177.0,268.0,59.0,285.0,,1.84375,7.916666666666667,5.709677419354839,10.307692307692308,0.4838709677419355,0.6538461538461539,14.0,28.0,0.3333333333333333,0.42857142857142855,2.0,1.0,-1.0,15.0,0.8333333333333334
2009,Eastern Kentucky,2,2,0.0,12.5,28.0,-15.5,0.7071067811865476,13.435028842544403,321.0,421.5,232.5,273.0,113.5,153.5,80.61017305526642,3.6031746031746033,4.093333333333334,8.454545454545455,7.690140845070423,0.4727272727272727,0.704225352112676,15.5,24.5,0.34615384615384615,0.5,1.5,1.5,0.0,52.5,0.45833333333333337
2009,Eastern Michigan,12,12,0.0,16.416666666666668,38.25,-21.833333333333332,7.645061785032852,15.302010167017768,278.3333333333333,426.9166666666667,166.66666666666666,161.58333333333334,126.25,276.8333333333333,52.89497885318405,3.598574821852732,6.3396946564885495,6.116207951070336,8.65625,0.5351681957186545,0.5669642857142857,14.666666666666666,20.0,0.37790697674418605,0.45714285714285713,2.1666666666666665,1.9166666666666667,-0.24999999999999978,45.916666666666664,0.49412393162393164
2009,Eastern Washington,1,1,0.0,7.0,59.0,-52.0,,,235.0,507.0,236.0,172.0,14.0,342.0,,0.5,7.434782608695652,6.378378378378378,8.19047619047619,0.7567567567567568,0.6666666666666666,13.0,27.0,0.375,0.5555555555555556,1.0,0.0,-1.0,51.0,0.6666666666666666
2009,Elon University,1,1,0.0,7.0,35.0,-28.0,,,263.0,426.0,202.0,294.0,68.0,132.0,,2.5185185185185186,2.933333333333333,4.6976744186046515,12.25,0.5581395348837209,0.625,15.0,19.0,0.42105263157894735,0.5625,0.0,1.0,1.0,35.0,0.4166666666666667
2009,FIU,12,12,0.25,22.916666666666668,35.333333333333336,-12.416666666666668,11.196252078533272,19.38817977922412,320.9166666666667,491.5833333333333,236.75,272.3333333333333,104.25,232.83333333333334,97.48422560816823,2.9574468085106385,5.362763915547025,6.561200923787529,8.691489361702128,0.5334872979214781,0.6117021276595744,18.0,23.75,0.3471502590673575,0.423728813559322,1.75,1.4166666666666667,-0.33333333333333326,59.0,0.5352564102564102
2009,Florida,13,13,0.9230769230769231,34.69230769230769,11.538461538461538,23.153846153846153,16.95771513394722,22.912318934895243,442.38461538461536,253.07692307692307,227.92307692307693,168.84615384615384,225.23076923076923,101.61538461538461,122.83426399118616,5.619961612284069,3.10093896713615,9.033536585365853,6.253561253561253,0.6646341463414634,0.5156695156695157,22.0,14.538461538461538,0.4909090909090909,0.3016759776536313,1.2307692307692308,1.7692307692307692,0.5384615384615383,49.61538461538461,0.5192307692307693
2009,Florida A&M,1,1,0.0,16.0,48.0,-32.0,,,262.0,470.0,164.0,264.0,118.0,215.0,,3.3714285714285714,5.657894736842105,6.56,9.777777777777779,0.4,0.7037037037037037,14.0,24.0,0.2857142857142857,0.38461538461538464,1.0,2.0,1.0,68.0,0.75
2009,Florida Atlantic,12,12,0.4166666666666667,27.416666666666668,33.75,-6.333333333333332,12.515142343528813,20.12385889857353,432.0833333333333,453.1666666666667,294.4166666666667,239.58333333333334,152.41666666666666,220.58333333333334,87.20243776131002,4.214285714285714,6.1415313225058,7.957207207207207,8.357558139534884,0.5788288288288288,0.6744186046511628,24.25,21.75,0.45454545454545453,0.41304347826086957,1.25,1.3333333333333333,0.08333333333333326,70.0,0.453525641025641
2009,Florida State,12,12,0.5,29.833333333333332,30.75,-0.9166666666666679,14.465214282630738,13.937903411745667,421.9166666666667,443.5,291.25,249.91666666666666,143.16666666666666,203.25,85.20825646436482,4.569148936170213,5.336980306345733,8.462469733656174,9.256172839506172,0.6755447941888619,0.6049382716049383,21.5,21.083333333333332,0.4589041095890411,0.44666666666666666,2.1666666666666665,2.1666666666666665,0.0,61.833333333333336,0.5737179487179488
2009,Fresno State,12,12,0.6666666666666666,34.333333333333336,27.833333333333332,6.5000000000000036,11.284207253207171,23.368588085096395,435.9166666666667,411.6666666666667,210.91666666666666,204.58333333333334,231.58333333333334,212.41666666666666,53.20194516835799,5.438356164383562,6.171912832929782,8.408637873754152,7.372372372372372,0.5980066445182725,0.5525525525525525,21.333333333333332,18.75,0.45454545454545453,0.3904109589041096,1.8333333333333333,1.25,-0.5833333333333333,37.833333333333336,0.4813034188034188
2009,Furman,2,2,0.0,21.5,57.5,-36.0,13.435028842544403,5.656854249492381,332.0,590.0,257.0,354.0,90.0,239.0,93.33809511662427,2.769230769230769,6.373333333333333,7.5588235294117645,10.892307692307693,0.5735294117647058,0.7692307692307693,18.5,30.0,0.35714285714285715,0.65,1.5,0.5,-1.0,57.5,0.625
2009,Gardner Webb,2,2,0.0,8.5,42.5,-34.0,7.7781745930520225,4.242640687119285,214.0,492.5,151.0,327.0,76.0,181.0,1.4142135623730951,2.4918032786885247,4.641025641025641,5.69811320754717,9.909090909090908,0.5849056603773585,0.7272727272727273,12.5,29.0,0.18518518518518517,0.625,0.5,0.5,0.0,83.0,0.4166666666666667
2009,Georgia,12,12,0.5833333333333334,27.666666666666668,26.416666666666668,1.25,12.463279397226612,18.53313985074501,361.8333333333333,328.4166666666667,213.25,217.16666666666666,157.08333333333334,127.58333333333333,96.65386540107798,4.631449631449631,3.4250559284116333,8.047169811320755,7.920972644376899,0.550314465408805,0.574468085106383,17.416666666666668,17.75,0.3881578947368421,0.3619631901840491,2.25,0.8333333333333334,-1.4166666666666665,68.75,0.5571581196581197
2009,Georgia Southern,1,1,0.0,12.0,42.0,-30.0,,,170.0,289.0,91.0,158.0,95.0,164.0,,2.878787878787879,3.28,2.84375,6.583333333333333,0.5,0.6666666666666666,11.0,22.0,0.1875,0.38461538461538464,6.0,3.0,-3.0,25.0,0.6666666666666666
2009,Georgia Tech,13,13,0.8461538461538461,35.30769230769231,24.846153846153847,10.46153846153846,11.426465007345998,14.558018321045534,442.6923076923077,357.0,140.76923076923077,218.69230769230768,307.15384615384613,150.07692307692307,95.05821428242855,5.316910785619174,4.964376590330788,11.50943396226415,7.7046070460704605,0.4779874213836478,0.6178861788617886,21.384615384615383,16.923076923076923,0.5347593582887701,0.4125,1.3076923076923077,1.8461538461538463,0.5384615384615385,44.30769230769231,0.472879684418146
2009,Grambling State,1,1,0.0,6.0,56.0,-50.0,,,260.0,587.0,122.0,266.0,156.0,321.0,,3.7142857142857144,7.465116279069767,4.6923076923076925,11.565217391304348,0.4230769230769231,0.7391304347826086,17.0,23.0,0.2,0.5,2.0,4.0,2.0,35.0,0.75
2009,Hawaii,13,13,0.46153846153846156,22.76923076923077,29.46153846153846,-6.69230769230769,12.028811566081982,21.163587500644493,437.46153846153845,404.53846153846155,354.61538461538464,213.84615384615384,100.46153846153847,201.84615384615384,130.63793182215198,4.472602739726027,4.8864059590316575,8.101933216168717,8.323353293413174,0.5957820738137083,0.6407185628742516,21.53846153846154,21.0,0.44966442953020136,0.44242424242424244,2.5384615384615383,1.6923076923076923,-0.846153846153846,47.23076923076923,0.4940828402366864
2009,Hofstra,1,1,0.0,10.0,24.0,-14.0,,,329.0,502.0,202.0,347.0,140.0,164.0,,4.0,5.290322580645161,6.733333333333333,8.069767441860465,0.6,0.7906976744186046,19.0,26.0,0.4375,0.5384615384615384,2.0,3.0,1.0,50.0,0.4166666666666667
2009,Houston,13,13,0.7692307692307693,43.92307692307692,28.76923076923077,15.15384615384615,12.419484278487163,22.99219488524368,581.2307692307693,442.6923076923077,460.46153846153845,244.92307692307693,131.23076923076923,213.07692307692307,109.2818632757771,4.454308093994778,5.045537340619308,8.478753541076488,7.690821256038648,0.7096317280453258,0.6231884057971014,31.23076923076923,24.076923076923077,0.5193370165745856,0.41954022988505746,1.5384615384615385,2.1538461538461537,0.6153846153846152,40.46153846153846,0.4378698224852071
2009,Howard,1,1,0.0,7.0,45.0,-38.0,,,264.0,468.0,163.0,223.0,113.0,245.0,,3.2285714285714286,5.568181818181818,6.037037037037037,15.928571428571429,0.4444444444444444,0.5714285714285714,14.0,19.0,0.21428571428571427,0.3,3.0,1.0,-2.0,121.0,0.6666666666666666
2009,Idaho,12,12,0.5833333333333334,31.833333333333332,35.5,-3.666666666666668,8.871131252380932,16.439051804846418,451.0,424.5,302.5833333333333,275.4166666666667,160.41666666666666,155.58333333333334,57.144155829398215,4.616306954436451,4.632754342431761,9.866847826086957,8.40966921119593,0.6114130434782609,0.6564885496183206,22.333333333333332,22.0,0.4827586206896552,0.525974025974026,1.9166666666666667,1.0833333333333333,-0.8333333333333335,57.5,0.453525641025641
2009,Idaho State,2,2,0.0,1.5,57.0,-55.5,2.1213203435596424,12.020815280171307,40.5,485.5,68.0,252.5,-13.5,238.5,4.949747468305833,-0.4576271186440678,5.746987951807229,2.9565217391304346,8.14516129032258,0.43478260869565216,0.5645161290322581,5.0,23.5,0.07407407407407407,0.2962962962962963,3.5,1.0,-2.5,45.0,0.45833333333333337
2009,Illinois,12,12,0.25,24.166666666666668,30.166666666666668,-6.0,16.23594963671853,17.984842102574753,393.5,403.25,207.08333333333334,259.4166666666667,200.41666666666666,154.41666666666666,114.8299137459795,4.839034205231388,4.230593607305936,7.507552870090635,8.345844504021448,0.5558912386706949,0.613941018766756,19.75,20.666666666666668,0.39080459770114945,0.4457831325301205,1.6666666666666667,1.3333333333333333,-0.3333333333333335,61.583333333333336,0.5694444444444444
2009,Illinois State,1,1,0.0,17.0,45.0,-28.0,,,398.0,548.0,371.0,182.0,44.0,384.0,,2.2,8.347826086956522,7.134615384615385,10.705882352941176,0.5961538461538461,0.7647058823529411,21.0,24.0,0.4375,0.3333333333333333,3.0,2.0,-1.0,65.0,0.25
2009,Indiana,12,12,0.3333333333333333,23.5,29.5,-6.0,8.284706611363111,15.931672285676159,365.0,401.0,257.5833333333333,255.91666666666666,117.08333333333333,159.08333333333334,79.83391851496796,3.807588075880759,4.027426160337553,7.025,8.48342541436464,0.6181818181818182,0.6077348066298343,18.083333333333332,22.333333333333332,0.39080459770114945,0.4720496894409938,1.8333333333333333,2.4166666666666665,0.5833333333333333,49.833333333333336,0.4930555555555556
2009,Indiana State,1,1,0.0,10.0,30.0,-20.0,,,101.0,419.0,97.0,243.0,19.0,176.0,,0.6129032258064516,5.866666666666666,4.619047619047619,6.942857142857143,0.47619047619047616,0.5714285714285714,7.0,22.0,0.4375,0.1111111111111111,4.0,2.0,-2.0,74.0,0.3333333333333333
2009,Iowa,12,12,0.8333333333333334,23.083333333333332,15.5,7.583333333333332,9.414286371190748,10.439943689619415,330.75,286.6666666666667,239.75,178.75,109.41666666666667,122.0,83.10685892271468,3.1714975845410627,3.4857142857142858,7.925619834710743,5.735294117647059,0.5399449035812672,0.5026737967914439,17.583333333333332,15.5,0.38235294117647056,0.3582887700534759,2.1666666666666665,2.4166666666666665,0.25,35.166666666666664,0.5277777777777778
2009,Iowa State,12,12,0.5,21.083333333333332,22.583333333333332,-1.5,11.516457262491269,18.593742838042928,359.4166666666667,414.3333333333333,189.66666666666666,252.16666666666666,177.33333333333334,169.33333333333334,83.75229531002103,4.508474576271187,4.388768898488121,6.429378531073446,7.583959899749374,0.5677966101694916,0.6240601503759399,19.166666666666668,22.166666666666668,0.4124293785310734,0.391304347826087,2.0,2.5,0.5,49.333333333333336,0.4813034188034188
2009,Jackson State,1,1,0.0,7.0,45.0,-38.0,,,194.0,410.0,139.0,172.0,62.0,238.0,,1.8235294117647058,5.288888888888889,6.95,6.88,0.4,0.64,9.0,20.0,0.18181818181818182,0.42857142857142855,5.0,2.0,-3.0,95.0,0.4166666666666667
2009,Jacksonville State,2,2,0.0,13.0,28.0,-15.0,5.656854249492381,7.0710678118654755,300.5,449.5,231.0,255.5,97.5,206.5,13.435028842544403,2.635135135135135,5.434210526315789,7.107692307692307,10.872340425531915,0.5384615384615384,0.6170212765957447,17.5,18.0,0.36363636363636365,0.5,1.5,3.0,1.5,39.5,0.6730769230769231
2009,James Madison,1,1,0.0,35.0,38.0,-3.0,,,417.0,359.0,149.0,245.0,268.0,123.0,,6.380952380952381,3.84375,7.842105263157895,6.447368421052632,0.5263157894736842,0.6578947368421053,12.0,19.0,0.26666666666666666,0.42857142857142855,0.0,2.0,2.0,105.0,0.16666666666666666
2009,Kansas,12,12,0.4166666666666667,29.416666666666668,28.416666666666668,1.0,12.915518032994498,23.045409718443047,422.4166666666667,383.25,334.0833333333333,263.8333333333333,112.08333333333333,138.25,118.05503980873678,3.548812664907652,4.016949152542373,7.9229249011857705,7.484633569739953,0.6324110671936759,0.6146572104018913,23.416666666666668,20.166666666666668,0.4318181818181818,0.398876404494382,1.8333333333333333,1.4166666666666667,-0.4166666666666665,47.583333333333336,0.5160256410256411
2009,Kansas State,12,12,0.5,23.0,23.333333333333332,-0.33333333333333215,16.943757230641292,27.383914765401748,349.3333333333333,339.9166666666667,186.08333333333334,249.25,179.91666666666666,105.41666666666667,59.05210847337726,4.283730158730159,3.494475138121547,7.493288590604027,7.572151898734178,0.587248322147651,0.5848101265822785,18.416666666666668,17.416666666666668,0.34146341463414637,0.4154929577464789,1.5,2.0833333333333335,0.5833333333333335,60.25,0.43963675213675213
2009,Kent State,12,12,0.4166666666666667,19.25,22.416666666666668,-3.166666666666668,8.935374031953508,18.16006274184863,327.6666666666667,356.0,224.16666666666666,234.83333333333334,114.58333333333333,137.08333333333334,95.03524067258928,3.4987277353689565,3.6393805309734515,6.844783715012722,6.88997555012225,0.5521628498727735,0.5672371638141809,16.916666666666668,18.583333333333332,0.2891566265060241,0.3825136612021858,2.3333333333333335,2.1666666666666665,-0.16666666666666696,55.75,0.391025641025641
2009,Kentucky,12,12,0.5833333333333334,27.166666666666668,22.833333333333332,4.333333333333336,9.456439204279928,20.21850337655779,336.0833333333333,362.9166666666667,149.33333333333334,187.75,193.25,183.16666666666666,84.17995694650334,4.555992141453831,4.617647058823529,5.973333333333334,6.996894409937888,0.55,0.4813664596273292,19.083333333333332,18.333333333333332,0.3898305084745763,0.39664804469273746,1.5833333333333333,1.8333333333333333,0.25,40.583333333333336,0.4797008547008547
2009,LSU,12,12,0.75,25.5,16.0,9.5,10.004544421956908,15.04236441762821,309.6666666666667,326.5833333333333,199.91666666666666,204.5,129.58333333333334,134.16666666666666,74.85420172008727,3.792682926829268,3.5462555066079293,7.689102564102564,6.440944881889764,0.592948717948718,0.5354330708661418,18.083333333333332,19.25,0.3918918918918919,0.3675675675675676,0.9166666666666666,1.5,0.5833333333333334,47.416666666666664,0.5352564102564102
2009,Liberty,1,1,0.0,20.0,33.0,-13.0,,,299.0,438.0,219.0,243.0,89.0,195.0,,3.423076923076923,5.735294117647059,6.636363636363637,9.346153846153847,0.6666666666666666,0.7307692307692307,15.0,22.0,0.23076923076923078,0.5,1.0,0.0,-1.0,80.0,0.75
2009,Louisiana Tech,12,12,0.3333333333333333,29.166666666666668,25.75,3.416666666666668,14.452639477921947,22.95631556331338,372.25,368.0833333333333,203.5,219.66666666666666,184.16666666666666,162.58333333333334,136.50449543047026,4.428857715430862,4.241304347826087,7.63125,7.163043478260869,0.5875,0.5516304347826086,20.083333333333332,19.666666666666668,0.41916167664670656,0.37037037037037035,1.0833333333333333,1.6666666666666667,0.5833333333333335,54.833333333333336,0.5112179487179488
2009,Louisville,12,12,0.3333333333333333,18.083333333333332,26.25,-8.166666666666668,7.704288455533101,14.471497587473193,334.0833333333333,371.0833333333333,226.08333333333334,219.83333333333334,125.16666666666667,165.08333333333334,88.66941497221661,3.542452830188679,4.25107296137339,7.432876712328767,8.735099337748345,0.5616438356164384,0.6456953642384106,17.833333333333332,18.916666666666668,0.3684210526315789,0.39864864864864863,1.6666666666666667,1.4166666666666667,-0.25,57.583333333333336,0.576388888888889
2009,Maine,1,1,0.0,24.0,41.0,-17.0,,,430.0,385.0,343.0,270.0,90.0,115.0,,3.2142857142857144,3.7096774193548385,9.527777777777779,9.642857142857142,0.6944444444444444,0.75,20.0,20.0,0.25,0.125,2.0,1.0,-1.0,132.0,0.3333333333333333
2009,Marshall,12,12,0.5,21.833333333333332,24.916666666666668,-3.0833333333333357,8.440522746988142,19.05713101241219,355.25,392.5,229.75,256.75,138.75,145.08333333333334,87.19270715959094,3.9176470588235293,4.569553805774278,7.124031007751938,7.424096385542168,0.5710594315245479,0.5855421686746988,19.083333333333332,19.916666666666668,0.41714285714285715,0.39759036144578314,1.75,1.3333333333333333,-0.41666666666666674,67.91666666666667,0.4813034188034188
2009,Maryland,12,12,0.16666666666666666,21.333333333333332,31.25,-9.916666666666668,10.174239603781283,12.89438449539766,316.4166666666667,396.3333333333333,231.83333333333334,262.5,105.75,150.83333333333334,65.41400785949767,3.0951219512195123,3.943355119825708,7.096938775510204,8.798882681564246,0.576530612244898,0.6089385474860335,16.166666666666668,19.333333333333332,0.3655913978494624,0.38372093023255816,2.0,1.5,-0.5,44.833333333333336,0.5096153846153846
2009,Massachusetts,1,1,0.0,17.0,21.0,-4.0,,,212.0,407.0,111.0,195.0,110.0,225.0,,4.230769230769231,4.6875,3.264705882352941,7.222222222222222,0.29411764705882354,0.5185185185185185,0.0,24.0,,0.47058823529411764,2.0,3.0,1.0,0.0,0.5
2009,McNeese State,1,1,0.0,32.0,42.0,-10.0,,,473.0,427.0,228.0,241.0,252.0,205.0,,5.25,5.256410256410256,9.12,18.53846153846154,0.64,0.7692307692307693,25.0,19.0,0.5333333333333333,0.42857142857142855,2.0,2.0,0.0,80.0,0.25
2009,Memphis,12,12,0.16666666666666666,21.833333333333332,34.833333333333336,-13.000000000000004,9.379216223634945,18.964080880347556,373.0833333333333,457.5,225.58333333333334,293.5,158.25,174.08333333333334,77.90957267981588,4.355504587155964,4.4258474576271185,6.6839506172839505,9.219895287958115,0.5975308641975309,0.6099476439790575,20.25,22.833333333333332,0.3532934131736527,0.4,2.1666666666666665,1.4166666666666667,-0.7499999999999998,58.333333333333336,0.531517094017094
2009,Miami (FL),12,12,0.75,31.666666666666668,22.333333333333332,9.333333333333336,11.95699364262175,17.34323726378322,412.5,321.25,287.25,219.58333333333334,144.41666666666666,118.33333333333333,85.07910757321416,3.9386363636363635,3.471882640586797,8.930051813471502,7.443502824858757,0.5958549222797928,0.5338983050847458,21.75,17.25,0.46107784431137727,0.35714285714285715,1.6666666666666667,1.5,-0.16666666666666674,56.916666666666664,0.5245726495726496
2009,Miami (OH),12,12,0.08333333333333333,15.583333333333334,34.166666666666664,-18.58333333333333,10.99965564199281,15.865676694351771,343.5,377.3333333333333,305.4166666666667,199.91666666666666,70.08333333333333,186.91666666666666,114.81249536051855,2.3960113960113962,4.886710239651416,6.8632958801498125,7.544025157232705,0.5936329588014981,0.5786163522012578,21.0,19.916666666666668,0.3879781420765027,0.4066666666666667,3.0,1.0,-2.0,50.416666666666664,0.6271367521367521
2009,Michigan,12,12,0.4166666666666667,29.5,27.5,2.0,15.600116549681172,24.199924868403283,384.5,393.3333333333333,213.25,236.0,186.16666666666666,171.91666666666666,130.93405696275997,4.522267206477733,4.352320675105485,7.778115501519757,7.78021978021978,0.574468085106383,0.6016483516483516,19.583333333333332,19.416666666666668,0.39520958083832336,0.3695652173913043,2.3333333333333335,1.3333333333333333,-1.0000000000000002,43.083333333333336,0.47222222222222227
2009,Michigan State,12,12,0.5,29.583333333333332,25.083333333333332,4.5,10.925019936185956,18.6766748062438,407.0833333333333,364.3333333333333,276.9166666666667,269.3333333333333,135.91666666666666,112.75,87.44604397032839,4.214470284237726,3.3656716417910446,8.455470737913487,7.569086651053865,0.5979643765903307,0.5971896955503513,20.416666666666668,19.416666666666668,0.36363636363636365,0.42702702702702705,1.5,1.0,-0.5,55.416666666666664,0.5357905982905983
2009,Middle Tennessee,12,12,0.75,31.166666666666668,23.0,8.166666666666668,16.23594963671853,20.757619995529062,419.3333333333333,351.5833333333333,250.5,234.41666666666666,181.25,137.91666666666666,119.90096923812762,4.578947368421052,3.476890756302521,7.367647058823529,6.928571428571429,0.5416666666666666,0.5492610837438424,19.0,19.25,0.3316062176165803,0.3385416666666667,1.6666666666666667,2.5833333333333335,0.9166666666666667,56.833333333333336,0.35683760683760685
2009,Minnesota,12,12,0.5,21.583333333333332,24.583333333333332,-3.0,13.839721051664258,13.77745193488919,295.8333333333333,364.25,218.83333333333334,230.33333333333334,97.58333333333333,146.66666666666666,91.81882688042235,2.942211055276382,3.7526652452025586,7.502857142857143,7.370666666666667,0.5114285714285715,0.5706666666666667,15.5,19.166666666666668,0.3532934131736527,0.44505494505494503,2.25,2.0,-0.25,55.75,0.5555555555555556
2009,Mississippi State,12,12,0.4166666666666667,25.583333333333332,26.75,-1.1666666666666679,11.14742802242524,19.98560087723765,371.9166666666667,366.0,155.16666666666666,226.83333333333334,227.58333333333334,146.0,93.64678156226029,4.920720720720721,3.9638009049773757,7.0,8.198795180722891,0.575187969924812,0.5632530120481928,19.083333333333332,18.25,0.33125,0.36363636363636365,2.5,2.0833333333333335,-0.4166666666666665,44.583333333333336,0.6351495726495727
2009,Mississippi Valley State,1,1,0.0,0.0,61.0,-61.0,,,69.0,496.0,68.0,138.0,30.0,358.0,,1.0714285714285714,6.754716981132075,4.25,9.857142857142858,0.375,0.6428571428571429,5.0,26.0,0.0,0.42857142857142855,2.0,1.0,-1.0,29.0,0.3333333333333333
2009,Missouri,12,12,0.6666666666666666,30.333333333333332,24.583333333333332,5.75,12.808614525412422,21.273649941140373,417.1666666666667,358.0,298.4166666666667,281.3333333333333,132.16666666666666,96.41666666666667,119.32829682955517,3.7942583732057416,2.9217171717171717,8.213302752293577,7.323210412147505,0.5940366972477065,0.6420824295010846,20.916666666666668,19.583333333333332,0.367816091954023,0.41935483870967744,1.3333333333333333,1.75,0.41666666666666674,59.666666666666664,0.4951923076923077
2009,Missouri State,1,1,0.0,10.0,48.0,-38.0,,,205.0,591.0,138.0,447.0,82.0,144.0,,2.2777777777777777,4.8,6.2727272727272725,10.902439024390244,0.5909090909090909,0.7317073170731707,16.0,30.0,0.3076923076923077,0.3,2.0,1.0,-1.0,42.0,0.5833333333333334
2009,Montana State,1,1,0.0,3.0,44.0,-41.0,,,160.0,493.0,120.0,318.0,62.0,175.0,,2.2142857142857144,4.375,4.615384615384615,9.085714285714285,0.5,0.5428571428571428,12.0,29.0,0.14285714285714285,0.5384615384615384,0.0,0.0,0.0,55.0,0.5
2009,Morgan State,1,1,0.0,0.0,41.0,-41.0,,,127.0,436.0,90.0,186.0,41.0,250.0,,1.7826086956521738,5.1020408163265305,4.5,6.642857142857143,0.55,0.5714285714285714,3.0,23.0,0.09090909090909091,0.6470588235294118,2.0,0.0,-2.0,66.0,0.25
2009,Murray State,1,1,0.0,7.0,65.0,-58.0,,,36.0,484.0,60.0,294.0,1.0,191.0,,0.04,3.9791666666666665,3.0,10.137931034482758,0.45,0.7241379310344828,5.0,25.0,0.16666666666666666,0.6428571428571429,3.0,0.0,-3.0,23.0,0.4166666666666667
2009,NC State,12,12,0.4166666666666667,30.333333333333332,31.166666666666668,-0.8333333333333357,16.631478004256284,25.451677327592357,393.8333333333333,361.25,290.4166666666667,235.16666666666666,120.91666666666667,139.08333333333334,118.87413766694843,3.4630071599045347,3.927058823529412,8.277909738717339,8.373887240356083,0.5890736342042755,0.6261127596439169,22.166666666666668,18.083333333333332,0.44805194805194803,0.425,2.0833333333333335,1.1666666666666667,-0.9166666666666667,43.25,0.4610042735042735
2009,Navy,13,13,0.6923076923076923,27.46153846153846,19.923076923076923,7.5384615384615365,13.950002297582754,15.81463132996037,343.84615384615387,333.61538461538464,79.84615384615384,216.69230769230768,272.46153846153845,126.53846153846153,97.98201038442905,4.703851261620186,4.02200488997555,10.8125,7.223076923076923,0.5104166666666666,0.5974358974358974,18.384615384615383,18.153846153846153,0.4585635359116022,0.33962264150943394,0.9230769230769231,1.5384615384615385,0.6153846153846154,31.153846153846153,0.4457593688362919
2009,Nebraska,13,13,0.6923076923076923,24.53846153846154,11.23076923076923,13.30769230769231,15.338488542526957,20.323978512193484,317.15384615384613,284.53846153846155,185.23076923076923,211.3846153846154,141.23076923076923,95.46153846153847,118.2263691355459,3.956896551724138,2.7887640449438202,7.103244837758112,5.9869281045751634,0.5811209439528023,0.4880174291938998,15.923076923076923,17.0,0.37158469945355194,0.3317307692307692,1.7692307692307692,2.076923076923077,0.30769230769230793,64.53846153846153,0.532051282051282
2009,Nevada,12,12,0.6666666666666666,40.583333333333336,27.166666666666668,13.416666666666668,21.54681302455543,27.496969529992455,521.5833333333334,398.9166666666667,167.16666666666666,297.5833333333333,362.25,114.66666666666667,143.75449927082653,7.5863874345549736,3.6595744680851063,7.598484848484849,9.156410256410256,0.5871212121212122,0.5974358974358974,24.416666666666668,19.5,0.5102040816326531,0.3841059602649007,1.75,1.5,-0.25,60.166666666666664,0.46741452991452986
2009,New Hampshire,1,1,1.0,23.0,16.0,7.0,,,322.0,127.0,214.0,152.0,110.0,13.0,,2.75,0.5,6.114285714285714,4.470588235294118,0.6,0.4411764705882353,16.0,9.0,0.2777777777777778,0.25,0.0,3.0,3.0,92.0,0.16666666666666666
2009,New Mexico,12,12,0.08333333333333333,16.333333333333332,35.916666666666664,-19.583333333333332,6.958752935996681,14.487978297592633,315.3333333333333,418.6666666666667,236.58333333333334,269.0,100.25,165.0,93.21171730219459,3.332409972299169,3.8899803536345776,6.040425531914893,8.868131868131869,0.5702127659574469,0.6291208791208791,18.083333333333332,22.5,0.3010752688172043,0.4797687861271676,2.1666666666666665,1.6666666666666667,-0.4999999999999998,58.416666666666664,0.5400641025641025
2009,New Mexico State,13,13,0.23076923076923078,11.461538461538462,31.615384615384617,-20.153846153846153,7.332750559594317,17.73342490818846,229.30769230769232,423.61538461538464,100.92307692307692,210.84615384615384,141.53846153846155,220.69230769230768,71.33767659914432,3.658051689860835,5.614481409001957,4.877323420074349,7.53021978021978,0.4944237918215613,0.5357142857142857,12.384615384615385,20.53846153846154,0.30386740331491713,0.4293785310734463,2.1538461538461537,1.3846153846153846,-0.7692307692307692,45.15384615384615,0.4457593688362919
2009,Nicholls State,2,2,0.0,6.5,60.0,-53.5,9.192388155425117,26.16295090390226,211.0,567.0,90.5,245.5,125.5,329.5,84.8528137423857,3.0240963855421685,6.101851851851852,5.171428571428572,12.275,0.4857142857142857,0.675,11.0,24.5,0.08333333333333333,0.5714285714285714,4.0,0.5,-3.5,52.5,0.45833333333333337
2009,North Carolina,12,12,0.6666666666666666,24.333333333333332,16.916666666666668,7.416666666666664,12.397458195007948,15.512214151396567,311.4166666666667,267.75,185.16666666666666,195.16666666666666,137.16666666666666,92.83333333333333,93.18940471703397,3.674107142857143,2.764267990074442,6.632835820895522,6.295698924731183,0.6,0.5779569892473119,17.5,15.416666666666666,0.36416184971098264,0.28651685393258425,2.0833333333333335,2.3333333333333335,0.25,54.75,0.48931623931623935
2009,North Carolina Central,1,1,0.0,14.0,49.0,-35.0,,,181.0,487.0,116.0,254.0,70.0,233.0,,2.5,5.682926829268292,6.105263157894737,6.864864864864865,0.42105263157894735,0.6756756756756757,8.0,28.0,0.2,0.5,1.0,1.0,0.0,40.0,0.4166666666666667
2009,North Dakota,1,1,0.0,13.0,38.0,-25.0,,,207.0,445.0,144.0,414.0,73.0,40.0,,2.5172413793103448,2.1052631578947367,5.142857142857143,8.625,0.7142857142857143,0.7083333333333334,15.0,22.0,0.3076923076923077,0.45454545454545453,1.0,3.0,2.0,67.0,0.6666666666666666
2009,North Dakota State,1,1,0.0,17.0,34.0,-17.0,,,388.0,442.0,200.0,246.0,210.0,204.0,,5.526315789473684,5.1,7.407407407407407,7.935483870967742,0.5555555555555556,0.5483870967741935,16.0,26.0,0.35714285714285715,0.5,2.0,2.0,0.0,60.0,0.5
2009,North Texas,12,12,0.16666666666666666,26.583333333333332,35.583333333333336,-9.000000000000004,16.599333685057324,17.267941920849115,408.6666666666667,412.3333333333333,231.33333333333334,223.41666666666666,185.25,195.58333333333334,124.47879215741811,5.292857142857143,4.849173553719008,6.721549636803874,7.467966573816156,0.6707021791767555,0.5682451253481894,20.75,20.75,0.42073170731707316,0.3780487804878049,2.4166666666666665,1.25,-1.1666666666666665,57.916666666666664,0.4813034188034188
2009,Northeastern,1,1,0.0,0.0,54.0,-54.0,,,131.0,441.0,49.0,205.0,82.0,236.0,,2.05,6.2105263157894735,3.5,9.318181818181818,0.5714285714285714,0.6818181818181818,5.0,21.0,0.13333333333333333,0.36363636363636365,0.0,0.0,0.0,67.0,0.6666666666666666
2009,Northern Arizona,2,2,0.0,15.5,36.0,-20.5,2.1213203435596424,4.949747468305833,290.0,492.0,207.5,229.0,94.0,263.0,90.50966799187809,3.1864406779661016,6.414634146341464,6.693548387096774,7.508196721311475,0.6451612903225806,0.6065573770491803,14.0,23.0,0.37037037037037035,0.5384615384615384,1.5,1.5,0.0,25.0,0.6666666666666666
2009,Northern Colorado,1,1,0.0,3.0,49.0,-46.0,,,246.0,547.0,194.0,219.0,74.0,328.0,,2.96,6.9787234042553195,6.258064516129032,9.954545454545455,0.6451612903225806,0.6818181818181818,17.0,25.0,0.35714285714285715,0.6666666666666666,2.0,0.0,-2.0,41.0,0.4166666666666667
2009,Northern Illinois,12,12,0.5833333333333334,30.75,21.166666666666668,9.583333333333332,8.739929269528652,18.908672052470497,354.0833333333333,323.25,161.66666666666666,223.83333333333334,202.41666666666666,118.33333333333333,87.76669313721708,4.858,3.736842105263158,7.82258064516129,7.609065155807365,0.6290322580645161,0.5977337110481586,18.416666666666668,17.333333333333332,0.44785276073619634,0.41875,1.1666666666666667,1.8333333333333333,0.6666666666666665,45.5,0.38514957264957267
2009,Northern Iowa,1,1,0.0,16.0,17.0,-1.0,,,354.0,329.0,277.0,280.0,84.0,87.0,,2.625,2.806451612903226,7.2894736842105265,8.235294117647058,0.6052631578947368,0.6470588235294118,18.0,19.0,0.4117647058823529,0.25,1.0,2.0,1.0,71.0,0.8333333333333334
2009,Northwestern,12,12,0.6666666666666666,25.166666666666668,23.333333333333332,1.8333333333333357,9.907144651791208,13.292741240879163,386.0,344.25,282.8333333333333,233.91666666666666,119.91666666666667,123.5,76.35562728562853,3.087982832618026,3.6957605985037407,7.492273730684326,7.607046070460704,0.6512141280353201,0.5907859078590786,22.416666666666668,18.083333333333332,0.4797979797979798,0.3464052287581699,1.75,2.1666666666666665,0.4166666666666665,46.583333333333336,0.40277777777777773
2009,Northwestern State,2,2,0.0,10.0,61.5,-51.5,4.242640687119285,4.949747468305833,255.5,552.5,125.5,369.0,145.0,187.0,10.606601717798213,3.4939759036144578,6.233333333333333,3.746268656716418,10.695652173913043,0.6119402985074627,0.6956521739130435,18.0,27.5,0.36363636363636365,0.5789473684210527,3.5,1.0,-2.5,81.0,0.5512820512820513
2009,Notre Dame,12,12,0.5,30.083333333333332,25.916666666666668,4.166666666666664,7.089792064309891,13.237916159366785,451.75,397.75,337.9166666666667,239.25,128.25,170.25,78.00713836799576,3.837905236907731,4.751162790697674,9.07158836689038,8.419354838709678,0.6733780760626398,0.5806451612903226,24.416666666666668,19.666666666666668,0.41025641025641024,0.39490445859872614,1.1666666666666667,1.5833333333333333,0.4166666666666665,53.833333333333336,0.5438034188034188
2009,Ohio,13,13,0.6923076923076923,25.384615384615383,21.307692307692307,4.076923076923077,10.21876102681127,11.124009607312901,324.53846153846155,352.7692307692308,221.15384615384616,214.76923076923077,119.6923076923077,149.53846153846155,96.25800000053276,3.6102088167053363,3.826771653543307,7.666666666666667,6.477958236658933,0.5706666666666667,0.5290023201856149,16.076923076923077,20.0,0.329608938547486,0.373134328358209,1.6923076923076923,2.769230769230769,1.0769230769230769,55.23076923076923,0.4176528599605523
2009,Ohio State,12,12,0.8333333333333334,29.25,12.166666666666666,17.083333333333336,8.802117513829995,16.571927705574506,364.8333333333333,262.5,179.83333333333334,194.83333333333334,198.91666666666666,83.41666666666667,112.18882891506327,4.662109375,2.6551724137931036,7.762589928057554,5.889168765743073,0.5431654676258992,0.5465994962216625,18.666666666666668,14.75,0.4069767441860465,0.3163841807909605,1.4166666666666667,2.75,1.3333333333333333,42.0,0.5283119658119658
2009,Oklahoma,12,12,0.5833333333333334,31.083333333333332,13.5,17.583333333333332,20.16954650111415,27.49035643584304,419.4166666666667,273.5,288.5,205.5,140.91666666666666,88.58333333333333,128.9760078699159,3.7829977628635345,2.704834605597964,7.397435897435898,5.942168674698795,0.5769230769230769,0.5421686746987951,23.0,15.583333333333334,0.3901098901098901,0.3128205128205128,2.0,2.3333333333333335,0.3333333333333335,79.91666666666667,0.5715811965811967
2009,Oklahoma State,12,12,0.75,30.166666666666668,21.75,8.416666666666668,13.907704426836316,22.232074836037043,376.25,329.9166666666667,189.5,257.1666666666667,191.75,87.66666666666667,119.37878980181301,4.366223908918406,2.882191780821918,7.480263157894737,6.510548523206751,0.5986842105263158,0.569620253164557,20.0,19.333333333333332,0.3855421686746988,0.32558139534883723,1.9166666666666667,2.0833333333333335,0.16666666666666674,63.333333333333336,0.5016025641025641
2009,Ole Miss,12,12,0.6666666666666666,30.25,18.583333333333332,11.666666666666668,15.232292252734888,21.449023429065623,405.5833333333333,319.3333333333333,230.5,198.0,182.83333333333334,140.33333333333334,104.52703724468381,4.843267108167771,3.8099547511312215,7.971181556195965,6.527472527472527,0.547550432276657,0.5054945054945055,20.5,16.833333333333332,0.4050632911392405,0.30726256983240224,2.1666666666666665,1.4166666666666667,-0.7499999999999998,40.166666666666664,0.4375
2009,Oregon,12,12,0.8333333333333334,37.666666666666664,23.583333333333332,14.083333333333332,11.873066030714096,18.007363813594466,424.6666666666667,329.4166666666667,198.33333333333334,218.33333333333334,236.08333333333334,126.66666666666667,130.63991686612434,5.511673151750973,3.408071748878924,7.484276729559748,6.267942583732057,0.5911949685534591,0.5526315789473685,20.916666666666668,17.75,0.3630573248407643,0.3631578947368421,1.75,2.0,0.25,63.0,0.5694444444444444
2009,Oregon State,12,12,0.6666666666666666,32.416666666666664,23.416666666666668,8.999999999999996,8.207073815073226,14.301938838683885,419.4166666666667,352.9166666666667,294.25,248.08333333333334,144.16666666666666,114.25,71.25556862874691,4.188861985472155,3.8403361344537816,8.192575406032482,7.15625,0.6890951276102089,0.5889423076923077,21.75,19.416666666666668,0.47305389221556887,0.35294117647058826,0.6666666666666666,1.1666666666666667,0.5000000000000001,56.416666666666664,0.5208333333333334
2009,Penn State,12,12,0.8333333333333334,29.666666666666668,11.833333333333334,17.833333333333336,12.536008740883807,17.403413110042173,412.5,277.0833333333333,246.58333333333334,200.08333333333334,173.58333333333334,93.91666666666667,105.67230651233257,4.878220140515222,2.9272727272727272,8.17403314917127,6.36870026525199,0.6160220994475138,0.5411140583554377,21.0,15.25,0.49693251533742333,0.32222222222222224,1.4166666666666667,1.6666666666666667,0.25,32.583333333333336,0.47222222222222227
2009,Pittsburgh,12,12,0.75,33.166666666666664,20.0,13.166666666666664,10.43449988637634,14.357977404617795,399.9166666666667,323.9166666666667,222.16666666666666,241.91666666666666,184.58333333333334,108.41666666666667,61.28837696917053,5.0,3.2853535353535355,8.490445859872612,7.6798941798941796,0.643312101910828,0.5687830687830688,19.416666666666668,18.333333333333332,0.43312101910828027,0.3712574850299401,1.0833333333333333,1.8333333333333333,0.75,52.5,0.5229700854700855
2009,Portland State,1,1,0.0,7.0,34.0,-27.0,,,351.0,433.0,274.0,303.0,77.0,151.0,,3.08,4.194444444444445,6.682926829268292,13.173913043478262,0.5365853658536586,0.6521739130434783,17.0,18.0,0.4,0.5714285714285714,1.0,0.0,-1.0,45.0,0.6666666666666666
2009,Prairie View A&M,1,1,0.0,18.0,21.0,-3.0,,,281.0,304.0,142.0,81.0,146.0,241.0,,4.5625,4.7254901960784315,5.2592592592592595,4.05,0.6296296296296297,0.4,15.0,23.0,0.3333333333333333,0.5333333333333333,2.0,1.0,-1.0,75.0,0.23076923076923078
2009,Purdue,12,12,0.4166666666666667,27.833333333333332,29.083333333333332,-1.25,13.265357023830795,15.315618884595613,391.3333333333333,376.5833333333333,265.75,220.58333333333334,136.08333333333334,173.41666666666666,106.25811911937778,4.208762886597938,4.408898305084746,7.102449888641425,7.115591397849462,0.6057906458797327,0.5618279569892473,19.666666666666668,19.166666666666668,0.423728813559322,0.4067796610169492,2.4166666666666665,2.0,-0.4166666666666665,41.25,0.5486111111111112
2009,Rhode Island,1,1,0.0,10.0,52.0,-42.0,,,154.0,488.0,138.0,307.0,36.0,199.0,,1.125,4.738095238095238,5.75,10.233333333333333,0.625,0.7666666666666667,5.0,25.0,0.06666666666666667,0.5384615384615384,3.0,3.0,0.0,15.0,0.5833333333333334
2009,Rice,12,12,0.16666666666666666,18.25,43.083333333333336,-24.833333333333336,8.10302973640668,21.276676660065352,304.5833333333333,464.0,213.33333333333334,283.4166666666667,109.25,190.58333333333334,63.064841571387795,3.2211302211302213,4.734989648033126,5.663716814159292,9.421052631578947,0.5486725663716814,0.6648199445983379,18.0,22.75,0.30939226519337015,0.43790849673202614,2.25,1.5,-0.75,43.583333333333336,0.5336538461538461
2009,Richmond,1,1,1.0,24.0,16.0,8.0,,,282.0,369.0,157.0,357.0,125.0,19.0,,3.125,1.1875,6.541666666666667,6.490909090909091,0.5416666666666666,0.6181818181818182,17.0,19.0,0.25,0.21428571428571427,0.0,0.0,0.0,30.0,0.4166666666666667
2009,Rutgers,12,12,0.6666666666666666,27.5,17.416666666666668,10.083333333333332,10.238075103171584,22.492254559103564,321.8333333333333,312.1666666666667,207.83333333333334,220.33333333333334,138.41666666666666,108.91666666666667,94.45714115487255,3.674778761061947,3.1800486618004866,8.341137123745819,7.532763532763533,0.5050167224080268,0.5641025641025641,16.333333333333332,15.333333333333334,0.3254437869822485,0.3048780487804878,1.0,2.6666666666666665,1.6666666666666665,41.166666666666664,0.4305555555555556
2009,SE Missouri State,1,1,0.0,3.0,70.0,-67.0,,,184.0,578.0,117.0,351.0,69.0,227.0,,2.15625,5.404761904761905,4.178571428571429,10.028571428571428,0.5714285714285714,0.6857142857142857,6.0,26.0,0.17647058823529413,0.5833333333333334,4.0,0.0,-4.0,36.0,1.0
2009,SMU,12,12,0.5833333333333334,27.916666666666668,29.083333333333332,-1.1666666666666643,7.038315053184163,11.784684462419342,379.9166666666667,404.0,283.5,245.33333333333334,112.75,169.16666666666666,77.49657861460528,3.8220338983050848,4.413043478260869,7.893271461716937,7.251231527093596,0.5893271461716937,0.5615763546798029,19.333333333333332,20.083333333333332,0.29333333333333333,0.42696629213483145,2.1666666666666665,2.25,0.08333333333333348,60.083333333333336,0.44337606837606836
2009,Sacramento State,1,1,0.0,3.0,38.0,-35.0,,,228.0,466.0,113.0,264.0,129.0,216.0,,3.5833333333333335,5.2682926829268295,5.947368421052632,12.571428571428571,0.47368421052631576,0.8095238095238095,12.0,21.0,0.38461538461538464,0.5555555555555556,1.0,0.0,-1.0,38.0,0.4166666666666667
2009,Sam Houston State,1,1,0.0,3.0,56.0,-53.0,,,241.0,516.0,105.0,278.0,141.0,238.0,,3.357142857142857,5.409090909090909,5.0,14.631578947368421,0.38095238095238093,0.7368421052631579,13.0,21.0,0.26666666666666666,0.5,2.0,1.0,-1.0,20.0,0.4166666666666667
2009,Samford,1,1,0.0,24.0,28.0,-4.0,,,286.0,282.0,223.0,164.0,78.0,125.0,,2.6,3.048780487804878,6.371428571428571,6.833333333333333,0.6,0.5416666666666666,16.0,14.0,0.26666666666666666,0.4375,0.0,2.0,2.0,19.0,0.6666666666666666
2009,San Diego State,12,12,0.3333333333333333,23.333333333333332,30.5,-7.166666666666668,10.508293982575974,18.51207632052574,341.9166666666667,382.0,273.5833333333333,227.25,78.33333333333333,165.5,86.38335101935634,2.8658536585365852,3.94831013916501,7.328125,7.836206896551724,0.5491071428571429,0.5862068965517241,17.916666666666668,20.75,0.4226190476190476,0.4648648648648649,2.0833333333333335,1.25,-0.8333333333333335,47.5,0.4775641025641026
2009,San Jose State,12,12,0.16666666666666666,13.75,34.5,-20.75,6.743683913653777,21.020012109675605,284.0,442.9166666666667,229.91666666666666,197.0,76.66666666666667,259.1666666666667,74.43117626371358,2.6210826210826212,6.134122287968442,6.846153846153846,8.179930795847751,0.5955334987593052,0.5882352941176471,16.0,21.166666666666668,0.3313253012048193,0.4405594405594406,2.0833333333333335,1.75,-0.3333333333333335,46.166666666666664,0.5299145299145299
2009,South Carolina,12,12,0.5833333333333334,21.75,20.416666666666668,1.3333333333333321,12.351849327861064,14.537308324904348,359.25,304.6666666666667,253.33333333333334,182.5,125.0,137.0,80.50536402230374,3.667481662591687,3.8143851508120648,7.562189054726368,6.697247706422019,0.5671641791044776,0.5596330275229358,18.916666666666668,15.666666666666666,0.3872832369942196,0.36627906976744184,1.5833333333333333,1.3333333333333333,-0.25,54.5,0.5448717948717948
2009,South Carolina State,1,1,0.0,14.0,38.0,-24.0,,,326.0,377.0,156.0,180.0,170.0,213.0,,4.146341463414634,6.085714285714285,6.24,7.5,0.6,0.6666666666666666,14.0,19.0,0.4117647058823529,0.5384615384615384,1.0,1.0,0.0,58.0,0.5833333333333334
2009,South Dakota State,1,1,0.0,13.0,16.0,-3.0,,,229.0,231.0,197.0,122.0,46.0,137.0,,1.7037037037037037,2.8541666666666665,5.051282051282051,5.545454545454546,0.38461538461538464,0.45454545454545453,12.0,16.0,0.1875,0.1875,4.0,2.0,-2.0,34.0,0.5
2009,Southeastern Louisiana,1,1,0.0,6.0,52.0,-46.0,,,302.0,500.0,222.0,249.0,86.0,258.0,,2.8666666666666667,7.371428571428571,6.529411764705882,8.03225806451613,0.6176470588235294,0.5806451612903226,12.0,25.0,0.0,0.45454545454545453,5.0,2.0,-3.0,69.0,0.6666666666666666
2009,Southern,1,1,0.0,19.0,42.0,-23.0,,,380.0,533.0,265.0,325.0,115.0,208.0,,3.1944444444444446,5.333333333333333,7.794117647058823,13.0,0.5882352941176471,0.76,18.0,24.0,0.6111111111111112,0.6666666666666666,3.0,2.0,-1.0,64.0,0.5
2009,Southern Illinois,1,1,0.0,28.0,31.0,-3.0,,,311.0,388.0,216.0,329.0,105.0,72.0,,3.75,2.0,5.684210526315789,9.13888888888889,0.5789473684210527,0.75,20.0,23.0,0.5714285714285714,0.42857142857142855,3.0,2.0,-1.0,60.0,0.5
2009,Southern Miss,12,12,0.5833333333333334,33.0,24.5,8.5,11.04536101718726,19.327324039955826,418.25,387.6666666666667,244.83333333333334,288.5833333333333,186.25,121.5,102.14439423055614,4.695378151260504,3.438679245283019,8.2296918767507,7.627753303964758,0.6274509803921569,0.6211453744493393,22.25,22.5,0.40384615384615385,0.40229885057471265,1.25,2.1666666666666665,0.9166666666666665,68.75,0.40651709401709396
2009,Southern Utah,2,2,0.0,26.5,44.0,-17.5,10.606601717798213,2.1213203435596424,323.0,520.0,231.5,321.0,109.5,204.0,62.22539674441618,3.65,5.037037037037037,5.646341463414634,12.346153846153847,0.5,0.6923076923076923,21.0,23.5,0.375,0.45454545454545453,3.0,2.5,-0.5,51.5,0.3333333333333333
2009,Stanford,12,12,0.6666666666666666,36.166666666666664,26.166666666666668,9.999999999999996,11.12600012528666,14.838524798032255,441.4166666666667,396.5,221.08333333333334,266.6666666666667,224.33333333333334,144.5,71.08184569831307,5.416498993963783,4.492227979274611,9.023809523809524,7.920792079207921,0.564625850340136,0.6336633663366337,21.833333333333332,20.75,0.47586206896551725,0.42038216560509556,1.25,1.25,0.0,50.666666666666664,0.4930555555555556
2009,Stephen F. Austin,1,1,0.0,23.0,31.0,-8.0,,,460.0,355.0,400.0,209.0,69.0,153.0,,2.4642857142857144,5.666666666666667,7.6923076923076925,4.644444444444445,0.5961538461538461,0.5111111111111111,19.0,17.0,0.4444444444444444,0.25,6.0,2.0,-4.0,36.0,0.5833333333333334
2009,Syracuse,12,12,0.3333333333333333,21.166666666666668,27.916666666666668,-6.75,12.164279549965011,16.9336942218761,330.4166666666667,337.0,220.16666666666666,257.8333333333333,126.58333333333333,101.83333333333333,95.11759070017523,3.6080760095011875,3.0473815461346634,7.463276836158192,9.046783625730994,0.6468926553672316,0.6491228070175439,18.75,17.5,0.31756756756756754,0.3548387096774194,2.25,1.75,-0.5,49.916666666666664,0.576388888888889
2009,TCU,12,12,1.0,40.666666666666664,12.416666666666666,28.25,13.633737120789293,13.896533249830203,469.0833333333333,233.25,218.0,169.33333333333334,256.5,80.5,72.59533961166744,5.35304347826087,2.610810810810811,9.27659574468085,5.66016713091922,0.6276595744680851,0.4596100278551532,24.416666666666668,10.833333333333334,0.4383561643835616,0.2654320987654321,1.6666666666666667,2.0,0.33333333333333326,52.166666666666664,0.43322649572649574
2009,Temple,12,12,0.75,30.25,21.666666666666668,8.583333333333332,13.484839972758634,18.97586186009303,337.75,335.6666666666667,156.91666666666666,243.91666666666666,192.33333333333334,108.83333333333333,72.5836508012401,4.534381139489194,3.2167487684729066,7.326848249027237,7.5244215938303345,0.4669260700389105,0.6169665809768637,19.083333333333332,18.25,0.36538461538461536,0.3515151515151515,1.75,2.1666666666666665,0.4166666666666665,45.583333333333336,0.44871794871794873
2009,Tennessee,12,12,0.5833333333333334,30.583333333333332,21.0,9.583333333333332,16.92474430226258,21.236582216600304,395.5833333333333,308.8333333333333,232.83333333333334,177.91666666666666,170.0,142.91666666666666,133.7592534323808,4.584269662921348,4.172749391727494,7.450666666666667,5.678191489361702,0.5813333333333334,0.5585106382978723,21.5,17.583333333333332,0.4,0.3411764705882353,1.5833333333333333,1.9166666666666667,0.3333333333333335,40.666666666666664,0.5373931623931624
2009,Tennessee Tech,2,2,0.0,3.5,43.5,-40.0,4.949747468305833,2.8284271247461903,81.0,458.5,139.0,162.0,-16.0,300.0,36.76955262170047,-0.5714285714285714,6.0606060606060606,7.942857142857143,11.172413793103448,0.6571428571428571,0.8275862068965517,8.5,22.0,0.25,0.45,0.5,0.5,0.0,26.0,0.5416666666666667
2009,Tennessee-Martin,1,1,0.0,14.0,41.0,-27.0,,,406.0,460.0,293.0,316.0,137.0,144.0,,4.029411764705882,3.891891891891892,8.13888888888889,9.875,0.4166666666666667,0.75,18.0,26.0,0.21428571428571427,0.2222222222222222,1.0,3.0,2.0,157.0,0.16666666666666666
2009,Texas,13,13,1.0,40.69230769230769,15.153846153846153,25.53846153846154,14.591005307977786,15.804089052179842,432.38461538461536,251.07692307692307,293.0,212.3846153846154,152.69230769230768,62.15384615384615,143.9760040548068,4.092783505154639,1.9852579852579852,7.64859437751004,6.162946428571429,0.6927710843373494,0.5558035714285714,24.384615384615383,15.461538461538462,0.4583333333333333,0.2698412698412698,1.6923076923076923,2.6923076923076925,1.0000000000000002,55.76923076923077,0.5276134122287968
2009,Texas A&M,12,12,0.5,33.916666666666664,32.666666666666664,1.25,13.898713696750589,31.92640685303397,465.3333333333333,431.3333333333333,292.6666666666667,284.0,190.41666666666666,168.58333333333334,118.93874155389506,4.471624266144814,4.546067415730337,7.804444444444444,8.09501187648456,0.6066666666666667,0.6223277909738717,26.0,22.333333333333332,0.5026737967914439,0.3668639053254438,1.8333333333333333,1.6666666666666667,-0.16666666666666652,69.66666666666667,0.5
2009,Texas Southern,2,2,0.0,0.0,50.0,-50.0,0.0,11.313708498984761,114.5,504.5,146.5,213.5,-9.5,299.0,16.263455967290593,-0.4222222222222222,6.294736842105263,4.80327868852459,9.488888888888889,0.5081967213114754,0.7555555555555555,9.5,20.5,0.2,0.5,4.0,0.0,-4.0,60.0,0.5833333333333333
2009,Texas State,1,1,0.0,21.0,56.0,-35.0,,,249.0,508.0,238.0,222.0,30.0,286.0,,1.25,6.217391304347826,6.102564102564102,9.25,0.46153846153846156,0.75,0.0,28.0,,0.7,2.0,2.0,0.0,0.0,1.0
2009,Texas Tech,12,12,0.6666666666666666,36.666666666666664,21.75,14.916666666666664,14.618377806616222,22.22389513905056,461.75,348.75,405.75,245.41666666666666,81.08333333333333,125.0,125.2873968848496,3.3784722222222223,3.3259423503325944,7.917073170731707,6.754587155963303,0.6666666666666666,0.6077981651376146,25.333333333333332,20.416666666666668,0.40384615384615385,0.3978494623655914,2.3333333333333335,1.8333333333333333,-0.5000000000000002,83.66666666666667,0.4829059829059829
2009,Toledo,12,12,0.4166666666666667,29.666666666666668,37.666666666666664,-7.9999999999999964,14.021628315073134,20.243966553474195,437.9166666666667,407.4166666666667,287.5833333333333,254.58333333333334,159.83333333333334,166.0,111.06219251419722,4.689486552567237,4.731591448931116,7.7725225225225225,7.154566744730679,0.6081081081081081,0.5737704918032787,21.166666666666668,22.083333333333332,0.4114285714285714,0.45962732919254656,2.5833333333333335,1.75,-0.8333333333333335,70.08333333333333,0.43162393162393164
2009,Towson,1,1,0.0,14.0,47.0,-33.0,,,205.0,485.0,152.0,273.0,65.0,221.0,,2.1666666666666665,4.092592592592593,5.62962962962963,12.409090909090908,0.5555555555555556,0.7272727272727273,12.0,22.0,0.38461538461538464,0.7058823529411765,2.0,1.0,-1.0,25.0,0.6666666666666666
2009,Troy,12,12,0.75,33.083333333333336,28.583333333333332,4.5000000000000036,14.23477389630014,25.332336503514092,478.5,417.9166666666667,340.5,293.8333333333333,147.5,140.16666666666666,148.20348419410635,4.37037037037037,4.173697270471464,8.65677966101695,7.818181818181818,0.6377118644067796,0.6208425720620843,23.333333333333332,21.25,0.40853658536585363,0.3850574712643678,2.1666666666666665,1.6666666666666667,-0.4999999999999998,68.75,0.4519230769230769
2009,Tulane,12,12,0.25,16.083333333333332,36.666666666666664,-20.583333333333332,14.724490010204295,21.513033399792928,312.5,422.8333333333333,223.83333333333334,226.33333333333334,105.33333333333333,204.83333333333334,127.18240301379605,3.2,4.896414342629482,7.201072386058981,8.993377483443709,0.6273458445040214,0.6754966887417219,17.25,22.75,0.437125748502994,0.4928571428571429,2.1666666666666665,0.8333333333333334,-1.333333333333333,41.416666666666664,0.5016025641025641
2009,Tulsa,12,12,0.4166666666666667,29.25,27.333333333333332,1.9166666666666679,15.5161206491829,26.81742423172372,410.0833333333333,397.1666666666667,282.9166666666667,264.25,150.75,147.0,107.64796019123322,3.76875,3.859956236323851,8.727506426735218,8.089285714285714,0.5861182519280206,0.5790816326530612,20.666666666666668,19.5,0.38857142857142857,0.3548387096774194,1.8333333333333333,1.75,-0.08333333333333326,48.5,0.4342948717948718
2009,UAB,12,12,0.4166666666666667,27.75,32.333333333333336,-4.583333333333336,14.04619003664177,20.544666785648616,425.9166666666667,455.1666666666667,208.0,321.9166666666667,229.91666666666666,143.66666666666666,115.12480052955443,5.958963282937365,4.194647201946472,8.577319587628866,8.661434977578475,0.5807560137457045,0.6502242152466368,19.083333333333332,24.166666666666668,0.36879432624113473,0.4491017964071856,1.0833333333333333,1.9166666666666667,0.8333333333333335,64.41666666666667,0.5021367521367521
2009,UC-Davis,2,2,0.0,8.0,42.5,-34.5,11.313708498984761,23.33452377915607,232.5,448.5,198.5,247.5,35.5,205.5,2.1213203435596424,1.9189189189189189,4.8352941176470585,5.089743589743589,11.25,0.5512820512820513,0.6818181818181818,12.5,21.0,0.25925925925925924,0.4782608695652174,0.5,1.5,1.0,36.5,0.8333333333333333
2009,UCF,12,12,0.6666666666666666,26.333333333333332,20.666666666666668,5.666666666666664,14.76687529779425,22.820777348457675,348.0,348.0833333333333,223.25,289.1666666666667,138.5,82.5,116.42867500592955,3.6933333333333334,2.578125,7.787790697674419,8.126463700234192,0.5959302325581395,0.6252927400468384,19.583333333333332,19.166666666666668,0.38650306748466257,0.41379310344827586,1.5833333333333333,2.1666666666666665,0.5833333333333333,35.666666666666664,0.4759615384615385
2009,UCLA,12,12,0.5,21.333333333333332,21.25,0.08333333333333215,9.920899274977165,17.25982372886569,339.3333333333333,338.3333333333333,236.75,209.91666666666666,116.41666666666667,144.41666666666666,110.66931358645436,3.55470737913486,4.058548009367682,7.014814814814815,7.3226744186046515,0.562962962962963,0.5872093023255814,17.75,17.583333333333332,0.3411764705882353,0.3333333333333333,1.9166666666666667,2.3333333333333335,0.41666666666666674,55.916666666666664,0.5347222222222222
2009,UL-Lafayette,12,12,0.5,22.166666666666668,30.333333333333332,-8.166666666666664,12.690965529092184,20.709388882311035,361.75,404.3333333333333,231.75,232.25,136.91666666666666,181.91666666666666,104.58761007795418,3.5717391304347825,4.605485232067511,6.849753694581281,8.294642857142858,0.5911330049261084,0.6011904761904762,20.0,19.833333333333332,0.42391304347826086,0.4523809523809524,1.8333333333333333,2.25,0.41666666666666674,49.166666666666664,0.42574786324786323
2009,UL-Monroe,12,12,0.5,25.583333333333332,27.333333333333332,-1.75,14.093572573296946,26.488848425499565,392.3333333333333,347.0,216.5,252.0,183.91666666666666,110.08333333333333,108.52677368308986,4.522540983606557,3.327455919395466,7.896656534954407,7.165876777251185,0.5623100303951368,0.5829383886255924,19.916666666666668,18.916666666666668,0.4294117647058823,0.3764705882352941,2.4166666666666665,1.8333333333333333,-0.5833333333333333,61.083333333333336,0.4236111111111111
2009,UNLV,12,12,0.4166666666666667,24.833333333333332,32.416666666666664,-7.583333333333332,10.760477628241174,24.76969678433466,351.25,456.1666666666667,233.83333333333334,245.5,126.83333333333333,220.58333333333334,84.34251057983211,3.9125964010282774,5.668094218415417,6.729016786570743,8.252100840336135,0.5947242206235012,0.6498599439775911,21.0,22.416666666666668,0.463855421686747,0.4934210526315789,1.5833333333333333,1.3333333333333333,-0.25,48.25,0.5106837606837608
2009,USC,12,12,0.6666666666666666,26.666666666666668,20.416666666666668,6.25,12.629930780299294,23.31649825572208,385.0,342.8333333333333,219.75,228.41666666666666,173.33333333333334,131.0,103.14949433622144,5.08557457212714,3.6901408450704225,7.7105263157894735,6.374418604651162,0.5877192982456141,0.5279069767441861,18.083333333333332,19.583333333333332,0.3448275862068966,0.3804347826086957,1.6666666666666667,1.6666666666666667,0.0,63.416666666666664,0.5277777777777778
2009,USF,12,12,0.5833333333333334,26.416666666666668,21.166666666666668,5.25,15.802521854745116,26.471682983898095,362.25,328.75,210.41666666666666,203.16666666666666,169.41666666666666,137.75,121.92331792789045,4.344017094017094,3.9545454545454546,9.181818181818182,6.753462603878116,0.56,0.5623268698060941,17.333333333333332,17.833333333333332,0.4140127388535032,0.4012345679012346,1.8333333333333333,1.75,-0.08333333333333326,60.083333333333336,0.47222222222222215
2009,UTEP,12,12,0.3333333333333333,29.833333333333332,33.5,-3.666666666666668,15.775892617496732,23.569368924838685,428.6666666666667,446.9166666666667,293.5,256.0833333333333,151.08333333333334,200.83333333333334,172.20512785804624,4.521197007481296,5.031315240083507,8.345971563981042,7.6633416458852865,0.542654028436019,0.6159600997506235,21.833333333333332,23.75,0.41139240506329117,0.4678362573099415,1.75,1.5,-0.25,70.16666666666667,0.4444444444444445
2009,Utah,12,12,0.75,29.25,19.666666666666668,9.583333333333332,7.423855895936852,16.317633146849193,389.5833333333333,314.1666666666667,229.5,189.41666666666666,169.41666666666666,141.33333333333334,99.88671613686206,4.517777777777778,3.7605321507760534,7.483695652173913,6.296398891966759,0.595108695652174,0.5013850415512465,18.75,17.75,0.38596491228070173,0.30939226519337015,1.5833333333333333,1.8333333333333333,0.25,69.66666666666667,0.47222222222222227
2009,Utah State,12,12,0.3333333333333333,29.083333333333332,34.0,-4.916666666666668,12.522404164560657,14.093572573296946,439.3333333333333,455.0833333333333,264.5833333333333,259.8333333333333,192.58333333333334,205.5,88.47735543201111,4.659274193548387,5.291845493562231,8.444148936170214,7.954081632653061,0.5797872340425532,0.5459183673469388,21.25,22.333333333333332,0.35911602209944754,0.4226190476190476,1.25,1.75,0.5,71.08333333333333,0.5160256410256411
2009,Vanderbilt,12,12,0.16666666666666666,16.333333333333332,23.333333333333332,-7.0,13.560191292116341,20.320164637844126,306.3333333333333,362.75,160.33333333333334,175.08333333333334,160.0,197.83333333333334,134.3349499865124,4.25720620842572,4.396296296296296,5.465909090909091,6.888524590163934,0.48295454545454547,0.5606557377049181,16.166666666666668,18.333333333333332,0.3541666666666667,0.38341968911917096,1.3333333333333333,1.5833333333333333,0.25,49.166666666666664,0.5432692307692307
2009,Villanova,1,1,1.0,27.0,24.0,3.0,,,357.0,456.0,325.0,317.0,64.0,139.0,,1.7777777777777777,4.633333333333334,9.027777777777779,11.321428571428571,0.6944444444444444,0.6785714285714286,19.0,22.0,0.3333333333333333,0.5,1.0,5.0,4.0,20.0,0.75
2009,Virginia,12,12,0.25,19.333333333333332,26.333333333333332,-7.0,10.857199817576717,20.688160865577203,269.5833333333333,358.4166666666667,197.08333333333334,195.16666666666666,99.08333333333333,173.83333333333334,106.83160779583179,2.9,4.172,6.515151515151516,6.653409090909091,0.5206611570247934,0.5596590909090909,15.333333333333334,18.916666666666668,0.33707865168539325,0.36464088397790057,1.6666666666666667,1.6666666666666667,0.0,54.916666666666664,0.6495726495726496
2009,Virginia Military,1,1,0.0,17.0,22.0,-5.0,,,347.0,360.0,19.0,181.0,328.0,186.0,,5.754385964912281,3.9574468085106385,3.1666666666666665,12.928571428571429,0.3333333333333333,0.7857142857142857,13.0,22.0,0.4375,0.5833333333333334,2.0,4.0,2.0,98.0,0.4166666666666667
2009,Virginia Tech,12,12,0.75,31.416666666666668,15.75,15.666666666666668,12.398374771303574,17.248627525549722,388.25,300.0833333333333,196.33333333333334,179.5,206.41666666666666,138.66666666666666,121.83231770086144,4.718095238095238,3.807780320366133,10.155172413793103,6.316715542521994,0.5474137931034483,0.4662756598240469,17.666666666666668,15.0,0.4177215189873418,0.34946236559139787,1.1666666666666667,1.8333333333333333,0.6666666666666665,50.333333333333336,0.5886752136752137
2009,Wake Forest,12,12,0.4166666666666667,26.333333333333332,26.25,0.08333333333333215,11.819347261882516,15.138501987457095,403.4166666666667,383.0833333333333,285.9166666666667,233.08333333333334,131.83333333333334,164.33333333333334,116.84679816933046,3.687645687645688,4.554272517321016,8.227817745803357,7.62125340599455,0.6546762589928058,0.5694822888283378,22.25,19.166666666666668,0.44,0.42011834319526625,1.5833333333333333,1.25,-0.33333333333333326,48.333333333333336,0.5058760683760684
2009,Washington,12,12,0.4166666666666667,26.083333333333332,26.666666666666668,-0.5833333333333357,9.820741809912818,19.463057469488344,375.5,389.5,250.91666666666666,256.4166666666667,139.0,148.83333333333334,80.52949770115296,4.276923076923077,4.521518987341772,7.584382871536524,8.476584022038567,0.5818639798488665,0.628099173553719,20.416666666666668,19.416666666666668,0.46153846153846156,0.4041095890410959,1.5833333333333333,1.9166666666666667,0.3333333333333335,58.666666666666664,0.5763888888888888
2009,Washington State,12,12,0.08333333333333333,12.0,38.5,-26.5,7.931525131340813,13.17366519027467,248.58333333333334,512.0,204.41666666666666,280.25,70.66666666666667,236.41666666666666,100.906309680482,2.3954802259887007,5.947589098532495,6.594086021505376,8.667525773195877,0.5241935483870968,0.6675257731958762,13.25,25.333333333333332,0.23809523809523808,0.4166666666666667,2.5833333333333335,2.0,-0.5833333333333335,56.75,0.5801282051282052
2009,Weber State,2,2,0.0,22.5,26.5,-4.0,0.7071067811865476,4.242640687119285,363.5,370.0,304.5,226.5,73.5,154.5,67.17514421272202,2.5789473684210527,4.352112676056338,6.214285714285714,8.089285714285714,0.6224489795918368,0.48214285714285715,22.0,17.5,0.45,0.13043478260869565,4.0,1.0,-3.0,36.5,0.375
2009,West Virginia,12,12,0.75,26.583333333333332,20.75,5.833333333333332,6.761634193720995,10.38209414269967,381.5833333333333,330.0,211.83333333333334,226.75,183.5,118.41666666666667,78.11816030665963,4.67515923566879,3.5883838383838382,7.75,6.819548872180451,0.6432926829268293,0.518796992481203,18.75,16.333333333333332,0.42592592592592593,0.30939226519337015,2.0,1.9166666666666667,-0.08333333333333326,45.416666666666664,0.5229700854700855
2009,Western Carolina,1,1,0.0,0.0,45.0,-45.0,,,115.0,620.0,97.0,193.0,41.0,433.0,,1.7083333333333333,6.185714285714286,3.730769230769231,7.72,0.5,0.52,4.0,33.0,0.0,0.4117647058823529,4.0,1.0,-3.0,15.0,0.16666666666666666
2009,Western Illinois,1,1,0.0,7.0,41.0,-34.0,,,218.0,395.0,171.0,151.0,73.0,244.0,,2.607142857142857,5.951219512195122,5.516129032258065,8.38888888888889,0.5806451612903226,0.6111111111111112,14.0,20.0,0.42857142857142855,0.45454545454545453,2.0,1.0,-1.0,41.0,0.5833333333333334
2009,Western Kentucky,12,12,0.0,20.416666666666668,39.583333333333336,-19.166666666666668,10.714971118048151,15.158755845645077,320.75,478.25,171.75,238.16666666666666,172.83333333333334,244.83333333333334,103.23241650848738,4.650224215246637,5.628352490421456,6.584664536741214,9.309446254071661,0.5782747603833865,0.6775244299674267,17.833333333333332,23.25,0.3129251700680272,0.5234899328859061,2.3333333333333335,1.3333333333333333,-1.0000000000000002,56.833333333333336,0.5021367521367521
2009,Western Michigan,12,12,0.4166666666666667,24.666666666666668,27.5,-2.833333333333332,16.383657785251817,22.135259134911816,387.8333333333333,418.8333333333333,288.6666666666667,249.91666666666666,112.33333333333333,178.33333333333334,114.86104912484741,3.9186046511627906,4.713656387665198,6.5606060606060606,7.729381443298969,0.6003787878787878,0.5902061855670103,21.25,21.666666666666668,0.4157303370786517,0.38461538461538464,2.3333333333333335,1.8333333333333333,-0.5000000000000002,40.583333333333336,0.34829059829059833
2009,William & Mary,1,1,1.0,26.0,14.0,12.0,,,309.0,268.0,188.0,144.0,125.0,131.0,,3.3783783783783785,3.358974358974359,4.2727272727272725,4.363636363636363,0.5227272727272727,0.5454545454545454,15.0,12.0,0.25,0.29411764705882354,1.0,7.0,6.0,100.0,0.25
2009,Wisconsin,12,12,0.75,32.75,22.416666666666668,10.333333333333332,12.046312147858213,18.322035086118838,415.8333333333333,310.4166666666667,221.33333333333334,238.33333333333334,206.66666666666666,90.5,82.1438132825964,4.601113172541744,2.9037433155080214,8.45859872611465,8.056338028169014,0.6337579617834395,0.5605633802816902,21.416666666666668,16.0,0.4759036144578313,0.3619631901840491,1.75,2.1666666666666665,0.4166666666666665,46.333333333333336,0.5176282051282052
2009,Wofford,2,2,0.0,10.5,42.0,-31.5,4.949747468305833,2.1213203435596424,235.0,394.5,53.0,185.0,195.5,216.0,33.94112549695428,3.723809523809524,5.837837837837838,5.888888888888889,8.043478260869565,0.3888888888888889,0.8043478260869565,14.5,21.5,0.32142857142857145,0.5625,3.0,2.5,-0.5,39.0,0.6666666666666667
2009,Wyoming,12,12,0.5,16.916666666666668,27.25,-10.333333333333332,13.701083788142345,21.482903703064714,298.6666666666667,395.5833333333333,191.58333333333334,236.75,128.0,170.5,106.84256330383194,3.4439461883408073,4.381156316916488,6.098143236074271,7.456692913385827,0.5490716180371353,0.6377952755905512,16.75,22.416666666666668,0.3387096774193548,0.40236686390532544,1.0833333333333333,1.6666666666666667,0.5833333333333335,59.416666666666664,0.4930555555555556
2009,Youngstown State,1,1,0.0,3.0,38.0,-35.0,,,159.0,390.0,151.0,203.0,46.0,187.0,,1.3142857142857143,5.666666666666667,6.863636363636363,8.458333333333334,0.5,0.6666666666666666,13.0,19.0,0.4,0.5,2.0,1.0,-1.0,70.0,0.75
2010,Air Force,12,12,0.6666666666666666,32.25,22.25,10.0,16.619402680437872,19.0930734703833,437.4166666666667,351.75,121.58333333333333,165.25,317.9166666666667,195.08333333333334,88.30572753310804,5.457796852646638,4.758130081300813,10.062068965517241,6.45928338762215,0.5310344827586206,0.5570032573289903,22.416666666666668,18.666666666666668,0.5238095238095238,0.4745762711864407,1.4166666666666667,1.5,0.08333333333333326,43.416666666666664,0.4861111111111111
2010,Akron,12,12,0.08333333333333333,15.583333333333334,35.083333333333336,-19.5,10.569753874603562,16.686957345620126,268.5,428.1666666666667,172.41666666666666,275.5833333333333,113.41666666666667,164.08333333333334,80.5057874825271,3.4631043256997454,4.308533916849015,5.92836676217765,9.263305322128852,0.498567335243553,0.6330532212885154,14.583333333333334,21.083333333333332,0.3485714285714286,0.4319526627218935,1.8333333333333333,1.3333333333333333,-0.5,45.5,0.5592948717948718
2010,Alabama,12,12,0.75,34.583333333333336,14.083333333333334,20.5,15.370919019861873,22.02684312791595,435.5833333333333,296.0,274.25,183.66666666666666,175.25,123.33333333333333,109.95904885111742,4.971631205673759,3.6363636363636362,9.70796460176991,6.520710059171598,0.6902654867256637,0.5266272189349113,21.833333333333332,14.916666666666666,0.43478260869565216,0.345679012345679,1.1666666666666667,2.0833333333333335,0.9166666666666667,38.75,0.5293803418803419
2010,Alcorn State,1,1,0.0,16.0,49.0,-33.0,,,330.0,566.0,235.0,347.0,121.0,230.0,,3.27027027027027,6.96969696969697,8.703703703703704,11.96551724137931,0.5185185185185185,0.6551724137931034,16.0,20.0,0.3333333333333333,0.6363636363636364,0.0,2.0,2.0,57.0,0.6666666666666666
2010,Appalachian State,1,1,0.0,10.0,48.0,-38.0,,,274.0,547.0,158.0,241.0,117.0,311.0,,3.25,7.232558139534884,5.448275862068965,9.64,0.6551724137931034,0.72,20.0,29.0,0.42857142857142855,0.5,1.0,2.0,1.0,80.0,0.5833333333333334
2010,Arizona,12,12,0.5833333333333334,29.75,21.583333333333332,8.166666666666668,11.73282109763423,21.615791085278936,445.1666666666667,343.25,326.1666666666667,225.0,135.16666666666666,136.66666666666666,84.27965713065406,4.085642317380352,3.5574837310195226,8.257383966244726,7.258064516129032,0.6856540084388185,0.5591397849462365,23.583333333333332,18.666666666666668,0.4913294797687861,0.4207650273224044,1.5,1.5,0.0,51.416666666666664,0.5096153846153846
2010,Arizona State,12,12,0.5,32.25,25.0,7.25,13.598963864273566,22.111802689555144,425.6666666666667,365.5,301.4166666666667,259.8333333333333,139.25,120.25,116.95246379567548,4.046004842615012,3.272108843537415,7.795258620689655,7.251162790697674,0.6012931034482759,0.6302325581395349,21.25,20.666666666666668,0.4,0.33516483516483514,1.9166666666666667,1.5,-0.41666666666666674,69.58333333333333,0.48878205128205127
2010,Arkansas,12,12,0.8333333333333334,37.333333333333336,22.75,14.583333333333336,10.671400464736946,18.20818164419168,489.25,339.75,349.1666666666667,200.83333333333334,150.83333333333334,157.41666666666666,54.24209200846281,4.641025641025641,3.960167714884696,10.023923444976077,7.650793650793651,0.6626794258373205,0.5492063492063493,22.333333333333332,18.0,0.4228187919463087,0.31952662721893493,1.9166666666666667,2.0833333333333335,0.16666666666666674,65.25,0.5507478632478633
2010,Arkansas State,12,12,0.3333333333333333,30.0,30.75,-0.75,8.696916904073744,15.279963112758903,403.4166666666667,437.0833333333333,268.3333333333333,247.25,149.08333333333334,206.91666666666666,61.94786419875893,4.2595238095238095,4.4981884057971016,7.385321100917431,8.804154302670623,0.6055045871559633,0.5727002967359051,21.833333333333332,21.333333333333332,0.33986928104575165,0.40540540540540543,2.0,2.0833333333333335,0.08333333333333348,58.25,0.47222222222222227
2010,Arkansas-Pine Bluff,1,1,0.0,10.0,31.0,-21.0,,,278.0,463.0,218.0,231.0,76.0,234.0,,2.923076923076923,5.85,6.606060606060606,8.25,0.6060606060606061,0.6071428571428571,14.0,27.0,0.38461538461538464,0.6153846153846154,2.0,2.0,0.0,50.0,0.5
2010,Army,12,12,0.5,27.5,25.166666666666668,2.333333333333332,11.381803659589922,16.675149356470726,338.0833333333333,332.0,86.83333333333333,204.25,256.0,141.5,58.69405782736804,4.530973451327434,4.245,7.9541984732824424,8.365187713310581,0.5343511450381679,0.5597269624573379,18.583333333333332,17.25,0.4696132596685083,0.40601503759398494,1.1666666666666667,2.25,1.0833333333333333,44.333333333333336,0.4321581196581197
2010,Auburn,13,13,1.0,42.69230769230769,24.46153846153846,18.230769230769234,15.52623916356123,15.99559234161006,497.6923076923077,362.15384615384613,221.23076923076923,265.61538461538464,287.15384615384613,111.6923076923077,93.28038791316624,6.200996677740863,3.4903846153846154,11.019157088122606,7.284810126582278,0.6666666666666666,0.6265822784810127,24.23076923076923,21.307692307692307,0.5310344827586206,0.378698224852071,1.1538461538461537,1.5384615384615385,0.3846153846153848,53.30769230769231,0.5424063116370809
2010,Austin Peay,2,2,0.0,18.0,63.0,-45.0,21.213203435596427,31.11269837220809,252.5,636.0,174.5,290.0,83.0,349.5,135.0573952066306,2.4411764705882355,6.6571428571428575,5.915254237288136,9.666666666666666,0.423728813559322,0.7333333333333333,13.5,32.5,0.3333333333333333,0.68,1.0,2.0,1.0,51.0,0.7083333333333333
2010,BYU,12,12,0.5,24.0,21.416666666666668,2.583333333333332,16.039723416341296,25.45390962409341,354.1666666666667,339.0,204.91666666666666,198.16666666666666,163.83333333333334,151.16666666666666,121.22168522874513,4.200854700854701,4.122727272727273,6.2729591836734695,6.7749287749287745,0.5535714285714286,0.5441595441595442,21.25,18.0,0.453551912568306,0.41379310344827586,1.5833333333333333,1.6666666666666667,0.08333333333333348,42.333333333333336,0.5293803418803419
2010,Ball State,12,12,0.3333333333333333,22.0,30.416666666666668,-8.416666666666668,10.711081772037442,20.973829291560357,305.8333333333333,398.3333333333333,162.0,226.58333333333334,152.25,178.33333333333334,83.47872165825834,4.10561797752809,4.582441113490364,6.29126213592233,7.7908309455587395,0.5372168284789643,0.5730659025787965,16.333333333333332,20.666666666666668,0.3333333333333333,0.4251497005988024,2.5833333333333335,2.1666666666666665,-0.41666666666666696,49.5,0.41132478632478636
2010,Baylor,12,12,0.5833333333333334,32.583333333333336,29.833333333333332,2.7500000000000036,11.163726433354944,25.867230937300505,478.5,427.25,287.3333333333333,278.5833333333333,200.5,160.25,124.77507035388993,5.480637813211845,4.198689956331878,8.05607476635514,7.5292792792792795,0.6588785046728972,0.6554054054054054,23.833333333333332,24.083333333333332,0.4117647058823529,0.4318181818181818,1.5,1.6666666666666667,0.16666666666666674,77.75,0.514957264957265
2010,Boise State,12,12,0.9166666666666666,46.666666666666664,13.583333333333334,33.08333333333333,8.998316340832712,19.35063228158113,519.5,259.25,324.1666666666667,179.33333333333334,200.08333333333334,103.5,100.16486409914407,5.359375,2.875,10.130208333333334,6.2017291066282425,0.703125,0.5187319884726225,25.25,15.416666666666666,0.49635036496350365,0.29545454545454547,1.25,2.0,0.75,56.833333333333336,0.49946581196581197
2010,Boston College,12,12,0.5833333333333334,18.916666666666668,19.5,-0.5833333333333321,8.826183498631508,14.12578772273882,308.5833333333333,310.0,190.16666666666666,240.41666666666666,133.25,80.16666666666667,47.97434604856933,3.642369020501139,2.657458563535912,7.198738170347003,6.048218029350105,0.5236593059936908,0.6373165618448637,15.25,18.083333333333332,0.3333333333333333,0.40425531914893614,1.9166666666666667,2.5,0.5833333333333333,50.833333333333336,0.4823717948717949
2010,Bowling Green,12,12,0.16666666666666666,21.25,33.583333333333336,-12.333333333333336,10.127595065867405,17.15349597727601,294.4166666666667,432.0,251.91666666666666,232.66666666666666,62.833333333333336,207.41666666666666,87.03234334360295,2.0886426592797784,5.26215644820296,6.586056644880174,7.46524064171123,0.579520697167756,0.6310160427807486,17.416666666666668,22.25,0.35135135135135137,0.44025157232704404,2.6666666666666665,2.4166666666666665,-0.25,53.25,0.5299145299145299
2010,Buffalo,12,12,0.16666666666666666,14.166666666666666,27.833333333333332,-13.666666666666666,9.408249120593666,18.60270426740709,297.6666666666667,340.5,201.16666666666666,191.08333333333334,113.41666666666667,159.08333333333334,95.73669699501416,3.0931818181818183,3.7952286282306162,5.88780487804878,7.055384615384615,0.45121951219512196,0.5384615384615384,17.166666666666668,18.166666666666668,0.365,0.3699421965317919,2.75,2.0833333333333335,-0.6666666666666665,47.25,0.46367521367521364
2010,Cal Poly SLO,1,1,0.0,17.0,38.0,-21.0,,,221.0,459.0,27.0,210.0,203.0,253.0,,4.06,6.170731707317073,3.857142857142857,12.352941176470589,0.42857142857142855,0.7058823529411765,13.0,26.0,0.3076923076923077,0.5,0.0,3.0,3.0,50.0,0.6666666666666666
2010,California,12,12,0.4166666666666667,25.833333333333332,22.583333333333332,3.25,17.43994022786532,29.805810903855033,334.0,318.75,189.25,206.5,158.91666666666666,131.75,104.89648577179662,4.455607476635514,3.626146788990826,6.840361445783133,6.845303867403315,0.5572289156626506,0.5607734806629834,17.75,18.0,0.348993288590604,0.3468208092485549,1.5,1.6666666666666667,0.16666666666666674,57.083333333333336,0.5726495726495727
2010,Central Arkansas,1,1,0.0,14.0,41.0,-27.0,,,319.0,539.0,191.0,262.0,136.0,282.0,,3.4871794871794872,6.714285714285714,5.96875,7.081081081081081,0.46875,0.6486486486486487,18.0,29.0,0.25,0.42857142857142855,2.0,2.0,0.0,18.0,0.75
2010,Central Michigan,12,12,0.25,24.416666666666668,26.0,-1.5833333333333321,12.59479209351182,19.495726027345928,389.75,377.0,301.5,214.91666666666666,105.75,171.91666666666666,77.98499272878784,3.31331592689295,4.524122807017544,7.584905660377358,7.163888888888889,0.6037735849056604,0.6083333333333333,22.0,20.166666666666668,0.3742690058479532,0.3878787878787879,2.4166666666666665,1.5,-0.9166666666666665,51.583333333333336,0.5117521367521367
2010,Charleston Southern,2,2,0.0,14.0,57.5,-43.5,9.899494936611665,21.920310216782973,248.0,542.5,168.0,384.5,96.0,160.5,29.698484809834994,2.157303370786517,6.42,6.222222222222222,10.985714285714286,0.6296296296296297,0.6,15.0,22.5,0.21212121212121213,0.38095238095238093,2.0,3.0,1.0,29.0,0.6346153846153846
2010,Chattanooga,1,1,0.0,24.0,62.0,-38.0,,,334.0,628.0,233.0,351.0,101.0,303.0,,3.3666666666666667,9.774193548387096,5.4186046511627906,15.26086956521739,0.5348837209302325,0.6956521739130435,22.0,26.0,0.4375,0.625,0.0,0.0,0.0,54.0,1.0
2010,Cincinnati,12,12,0.3333333333333333,27.083333333333332,28.0,-0.9166666666666679,18.203188198940882,23.97520815468775,417.3333333333333,369.4166666666667,282.0,247.33333333333334,156.66666666666666,135.41666666666666,143.39160196870498,4.676616915422885,3.4946236559139785,7.779310344827586,8.021621621621621,0.5770114942528736,0.6486486486486487,21.916666666666668,19.583333333333332,0.45294117647058824,0.4228571428571429,2.4166666666666665,1.1666666666666667,-1.2499999999999998,63.416666666666664,0.5726495726495727
2010,Citadel,1,1,0.0,6.0,52.0,-46.0,,,171.0,489.0,40.0,284.0,150.0,214.0,,3.0,5.944444444444445,2.857142857142857,8.606060606060606,0.21428571428571427,0.7575757575757576,10.0,22.0,0.3684210526315789,0.5,3.0,1.0,-2.0,9.0,0.5833333333333334
2010,Clemson,12,12,0.5,23.833333333333332,17.75,6.083333333333332,13.979422106233233,17.49523744718354,337.8333333333333,323.75,201.08333333333334,207.16666666666666,146.41666666666666,131.66666666666666,77.94150876060066,4.086046511627907,3.534675615212528,6.557065217391305,7.022598870056497,0.5597826086956522,0.5225988700564972,18.0,17.0,0.4,0.36649214659685864,1.75,1.5,-0.25,56.0,0.5389957264957265
2010,Coastal Carolina,1,1,0.0,0.0,31.0,-31.0,,,186.0,400.0,123.0,216.0,63.0,184.0,,1.9090909090909092,4.717948717948718,4.555555555555555,6.75,0.5185185185185185,0.71875,9.0,17.0,0.14285714285714285,0.5294117647058824,2.0,3.0,1.0,40.0,0.75
2010,Colgate,1,1,0.0,7.0,42.0,-35.0,,,376.0,437.0,148.0,195.0,230.0,249.0,,4.423076923076923,8.586206896551724,4.774193548387097,11.470588235294118,0.6451612903225806,0.5294117647058824,23.0,20.0,0.2777777777777778,0.5,2.0,1.0,-1.0,80.0,0.5833333333333334
2010,Colorado,12,12,0.4166666666666667,24.166666666666668,30.75,-6.583333333333332,13.901166290726266,22.117283793997906,359.6666666666667,400.0,238.66666666666666,274.75,137.0,140.25,82.19747102207126,3.6533333333333333,3.997624703087886,7.214105793450882,8.49742268041237,0.5969773299748111,0.6804123711340206,19.666666666666668,20.916666666666668,0.45054945054945056,0.40993788819875776,1.6666666666666667,1.5833333333333333,-0.08333333333333348,49.0,0.5667735042735043
2010,Colorado State,12,12,0.25,16.5,34.666666666666664,-18.166666666666664,15.646666795780558,27.168943946195537,334.8333333333333,423.8333333333333,242.16666666666666,238.5,113.0,197.91666666666666,138.39655364425107,3.4591836734693877,4.958246346555324,7.3944020356234095,9.352941176470589,0.6437659033078881,0.696078431372549,18.083333333333332,21.583333333333332,0.3668639053254438,0.5454545454545454,1.8333333333333333,1.1666666666666667,-0.6666666666666665,40.5,0.5539529914529915
2010,Connecticut,12,12,0.6666666666666666,26.916666666666668,19.833333333333332,7.083333333333336,17.047838217169588,23.059048049945535,325.0,353.6666666666667,150.41666666666666,222.25,179.91666666666666,147.25,75.53806987208503,4.693478260869565,3.9441964285714284,5.676100628930818,6.751898734177215,0.5314465408805031,0.5746835443037974,15.916666666666666,18.083333333333332,0.3142857142857143,0.3968253968253968,1.4166666666666667,2.5,1.0833333333333333,41.416666666666664,0.4375
2010,Duke,12,12,0.25,25.25,35.416666666666664,-10.166666666666664,15.42209159261185,17.6214401090022,381.3333333333333,450.0833333333333,285.0833333333333,248.33333333333334,110.0,208.25,103.97581303827201,3.446475195822454,4.815028901734104,6.995910020449898,9.05775075987842,0.6032719836400818,0.547112462006079,19.916666666666668,21.75,0.3989071038251366,0.4171779141104294,2.3333333333333335,1.4166666666666667,-0.9166666666666667,40.583333333333336,0.5288461538461539
2010,East Carolina,12,12,0.5,38.166666666666664,43.416666666666664,-5.25,10.390846787904103,20.622692708408728,445.5,478.8333333333333,329.0,266.25,126.16666666666667,220.83333333333334,72.39726263032072,4.492581602373887,5.145631067961165,6.926315789473684,8.342036553524805,0.6473684210526316,0.597911227154047,24.0,23.916666666666668,0.4382716049382716,0.5172413793103449,2.1666666666666665,1.5833333333333333,-0.5833333333333333,63.25,0.5614316239316239
2010,Eastern Illinois,1,1,0.0,7.0,37.0,-30.0,,,157.0,435.0,105.0,270.0,65.0,179.0,,2.7083333333333335,4.589743589743589,5.25,10.384615384615385,0.65,0.8076923076923077,6.0,24.0,0.23076923076923078,0.6363636363636364,0.0,2.0,2.0,43.0,0.5833333333333334
2010,Eastern Kentucky,1,1,0.0,13.0,23.0,-10.0,,,230.0,388.0,181.0,223.0,92.0,169.0,,2.6285714285714286,4.828571428571428,7.869565217391305,9.695652173913043,0.4782608695652174,0.6521739130434783,12.0,17.0,0.14285714285714285,0.2,2.0,3.0,1.0,97.0,0.5
2010,Eastern Michigan,12,12,0.16666666666666666,19.0,43.916666666666664,-24.916666666666664,10.787197799411873,23.317797858496352,333.4166666666667,454.0833333333333,172.83333333333334,228.25,173.33333333333334,230.58333333333334,98.04772338308554,4.070450097847358,6.108167770419426,7.3546099290780145,9.191275167785236,0.5319148936170213,0.6375838926174496,17.083333333333332,21.666666666666668,0.35260115606936415,0.4772727272727273,2.0,1.0833333333333333,-0.9166666666666667,53.25,0.4967948717948718
2010,Eastern Washington,1,1,0.0,24.0,49.0,-25.0,,,432.0,553.0,280.0,339.0,162.0,214.0,,5.785714285714286,4.863636363636363,7.0,8.921052631578947,0.525,0.7105263157894737,20.0,24.0,0.42857142857142855,0.5333333333333333,2.0,1.0,-1.0,35.0,0.9230769230769231
2010,Elon University,1,1,0.0,27.0,41.0,-14.0,,,406.0,542.0,293.0,357.0,125.0,192.0,,5.9523809523809526,4.266666666666667,6.976190476190476,9.153846153846153,0.5238095238095238,0.7948717948717948,24.0,32.0,0.46153846153846156,0.6428571428571429,2.0,0.0,-2.0,69.0,0.25
2010,FIU,12,12,0.5,28.333333333333332,26.916666666666668,1.4166666666666643,12.27957160441189,15.293839124023606,402.3333333333333,363.3333333333333,225.08333333333334,222.33333333333334,189.16666666666666,157.41666666666666,111.26081833677883,4.680412371134021,4.372685185185185,7.587078651685394,7.411111111111111,0.6123595505617978,0.5444444444444444,19.583333333333332,18.5,0.38823529411764707,0.35714285714285715,1.6666666666666667,1.75,0.08333333333333326,72.66666666666667,0.4305555555555556
2010,Florida,12,12,0.5833333333333334,29.25,21.083333333333332,8.166666666666668,17.200026427041006,24.22558127019428,356.8333333333333,302.9166666666667,202.91666666666666,182.58333333333334,165.58333333333334,129.91666666666666,113.3176014036601,4.328976034858388,3.5033707865168537,6.878531073446328,6.619335347432024,0.6101694915254238,0.552870090634441,19.166666666666668,17.75,0.3821656050955414,0.38823529411764707,2.0833333333333335,2.0,-0.08333333333333348,59.166666666666664,0.548076923076923
2010,Florida A&M,1,1,0.0,0.0,45.0,-45.0,,,110.0,405.0,120.0,259.0,52.0,155.0,,1.3333333333333333,4.305555555555555,10.909090909090908,9.961538461538462,0.45454545454545453,0.7307692307692307,8.0,23.0,0.2857142857142857,0.5,1.0,1.0,0.0,35.0,0.5833333333333334
2010,Florida Atlantic,12,12,0.3333333333333333,16.833333333333332,29.25,-12.416666666666668,7.358771307189478,16.002603954773527,302.25,401.3333333333333,232.75,209.41666666666666,93.91666666666667,203.58333333333334,54.5879190763937,2.8175,4.557835820895522,8.166666666666666,7.7323076923076925,0.564327485380117,0.6061538461538462,15.75,21.166666666666668,0.3231707317073171,0.37209302325581395,2.25,1.4166666666666667,-0.8333333333333333,58.333333333333336,0.4375
2010,Florida State,13,13,0.6923076923076923,31.76923076923077,19.846153846153847,11.923076923076923,11.292725137257218,21.46493861495042,386.9230769230769,349.0769230769231,230.07692307692307,241.3846153846154,167.84615384615384,127.92307692307692,64.03314446240783,4.795604395604395,3.3528225806451615,7.954787234042553,7.115646258503402,0.6329787234042553,0.5827664399092971,19.692307692307693,19.846153846153847,0.4853801169590643,0.40865384615384615,1.6923076923076923,1.6923076923076923,0.0,58.30769230769231,0.5340236686390533
2010,Fresno State,12,12,0.6666666666666666,30.0,29.166666666666668,0.8333333333333321,11.159993483217386,21.5230672591623,371.3333333333333,355.9166666666667,230.41666666666666,221.83333333333334,157.0,154.75,98.8040607679787,4.104575163398692,4.400473933649289,8.48159509202454,7.605714285714286,0.6134969325153374,0.5771428571428572,18.75,17.833333333333332,0.3496932515337423,0.39759036144578314,1.9166666666666667,1.0833333333333333,-0.8333333333333335,49.916666666666664,0.4358974358974359
2010,Furman,1,1,0.0,19.0,38.0,-19.0,,,325.0,374.0,301.0,196.0,51.0,182.0,,1.8888888888888888,4.55,9.40625,7.84,0.59375,0.68,13.0,20.0,0.23076923076923078,0.6,2.0,2.0,0.0,21.0,0.6923076923076923
2010,Gardner Webb,1,1,1.0,38.0,37.0,1.0,,,391.0,389.0,305.0,171.0,101.0,224.0,,2.72972972972973,5.090909090909091,7.093023255813954,8.142857142857142,0.5813953488372093,0.6666666666666666,24.0,22.0,0.55,0.5,1.0,2.0,1.0,30.0,0.08333333333333333
2010,Georgia,12,12,0.5,34.25,23.083333333333332,11.166666666666668,15.404397247067298,24.44598250441288,393.75,335.8333333333333,260.5,199.83333333333334,147.66666666666666,149.16666666666666,75.35265574133885,4.1891252955082745,3.7214137214137213,9.738317757009346,8.35540069686411,0.6137071651090342,0.5505226480836237,18.833333333333332,17.916666666666668,0.4228187919463087,0.42592592592592593,1.1666666666666667,2.0,0.8333333333333333,42.5,0.5090811965811965
2010,Georgia Southern,1,1,0.0,7.0,13.0,-6.0,,,109.0,193.0,53.0,101.0,73.0,109.0,,1.8717948717948718,2.5348837209302326,5.888888888888889,12.625,0.4444444444444444,0.625,8.0,9.0,0.23076923076923078,0.3076923076923077,1.0,0.0,-1.0,40.0,0.75
2010,Georgia State,1,1,0.0,7.0,63.0,-56.0,,,165.0,478.0,85.0,216.0,91.0,262.0,,2.84375,5.822222222222222,5.0,9.818181818181818,0.29411764705882354,0.8636363636363636,0.0,24.0,,0.4444444444444444,5.0,0.0,-5.0,0.0,0.75
2010,Georgia Tech,12,12,0.5,27.583333333333332,26.166666666666668,1.4166666666666643,9.792931897624692,17.18592623648957,414.5,378.6666666666667,93.5,218.5,327.0,169.66666666666666,62.46671841141416,5.637931034482759,4.627272727272727,7.285714285714286,7.666666666666667,0.38311688311688313,0.6140350877192983,20.583333333333332,19.583333333333332,0.4,0.3961038961038961,1.9166666666666667,1.75,-0.16666666666666674,53.416666666666664,0.43856837606837606
2010,Grambling State,1,1,0.0,6.0,20.0,-14.0,,,260.0,336.0,175.0,212.0,102.0,140.0,,2.7567567567567566,3.6842105263157894,7.0,6.838709677419355,0.6,0.7419354838709677,18.0,20.0,0.2857142857142857,0.3076923076923077,2.0,1.0,-1.0,52.0,0.4166666666666667
2010,Hampton,1,1,0.0,0.0,33.0,-33.0,,,129.0,427.0,101.0,272.0,49.0,168.0,,1.4411764705882353,4.0,2.9705882352941178,7.555555555555555,0.35294117647058826,0.6111111111111112,11.0,26.0,0.4,0.3333333333333333,2.0,0.0,-2.0,74.0,0.25
2010,Hawaii,13,13,0.7692307692307693,39.92307692307692,22.692307692307693,17.230769230769226,17.356370292880644,27.02207075137484,496.84615384615387,344.2307692307692,403.84615384615387,226.23076923076923,109.07692307692308,131.84615384615384,144.51519306163289,5.0462633451957295,3.4766734279918863,9.341637010676157,7.121065375302663,0.6476868327402135,0.5932203389830508,23.46153846153846,19.153846153846153,0.38405797101449274,0.3817204301075269,1.5384615384615385,2.769230769230769,1.2307692307692306,57.23076923076923,0.43441814595660755
2010,Houston,12,12,0.4166666666666667,37.666666666666664,32.166666666666664,5.5,16.350331291240963,23.573868429412954,480.5,432.8333333333333,334.0,233.91666666666666,153.25,208.75,106.90224931726604,4.485365853658537,4.762357414448669,8.28099173553719,7.5864864864864865,0.6157024793388429,0.5918918918918918,25.583333333333332,20.916666666666668,0.48466257668711654,0.4838709677419355,2.25,1.8333333333333333,-0.41666666666666674,40.083333333333336,0.4631410256410256
2010,Idaho,13,13,0.46153846153846156,26.615384615384617,28.307692307692307,-1.6923076923076898,10.364510452649315,27.908734043260292,386.7692307692308,420.3076923076923,322.2307692307692,247.92307692307693,88.15384615384616,188.92307692307693,98.37356847425518,3.072386058981233,4.9817444219066935,7.63023679417122,7.443418013856813,0.5701275045537341,0.5981524249422633,19.923076923076923,21.692307692307693,0.43434343434343436,0.3651685393258427,2.1538461538461537,2.3076923076923075,0.15384615384615374,66.61538461538461,0.45710059171597633
2010,Idaho State,2,2,0.0,12.0,46.5,-34.5,7.0710678118654755,19.091883092036785,218.0,496.0,178.5,276.5,44.0,228.0,94.75230867899737,2.046511627906977,4.956521739130435,4.958333333333333,8.507692307692308,0.375,0.6923076923076923,11.5,26.5,0.27586206896551724,0.5357142857142857,2.5,1.5,-1.0,61.5,0.41666666666666663
2010,Illinois,12,12,0.5,32.083333333333336,24.25,7.833333333333336,16.83858303978927,18.74631276876182,385.75,344.1666666666667,154.33333333333334,223.91666666666666,242.33333333333334,131.33333333333334,104.53109585190428,5.110720562390158,3.891358024691358,7.095785440613027,7.262162162162162,0.5632183908045977,0.5702702702702702,20.25,17.416666666666668,0.4049079754601227,0.3742690058479532,1.5833333333333333,2.0833333333333335,0.5000000000000002,55.166666666666664,0.5710470085470085
2010,Illinois State,1,1,0.0,3.0,37.0,-34.0,,,263.0,434.0,195.0,272.0,92.0,163.0,,3.066666666666667,3.26,6.09375,10.074074074074074,0.5625,0.7777777777777778,12.0,21.0,0.3333333333333333,0.42857142857142855,4.0,1.0,-3.0,25.0,0.5833333333333334
2010,Indiana,12,12,0.4166666666666667,27.166666666666668,34.0,-6.833333333333332,12.769518630731781,25.49093718928119,387.5,410.1666666666667,294.75,244.75,100.33333333333333,171.83333333333334,94.5020442299338,3.4597701149425286,5.066339066339066,6.894736842105263,8.513043478260869,0.6062378167641326,0.6550724637681159,21.666666666666668,19.0,0.4378698224852071,0.43790849673202614,1.6666666666666667,1.0833333333333333,-0.5833333333333335,39.666666666666664,0.46527777777777773
2010,Indiana State,1,1,0.0,7.0,40.0,-33.0,,,254.0,393.0,174.0,155.0,93.0,263.0,,2.90625,5.844444444444444,4.578947368421052,9.117647058823529,0.6052631578947368,0.6470588235294118,15.0,22.0,0.35294117647058826,0.5,1.0,2.0,1.0,45.0,0.3333333333333333
2010,Iowa,12,12,0.5833333333333334,29.083333333333332,16.416666666666668,12.666666666666664,9.365879401833924,17.567187043065847,379.4166666666667,317.0833333333333,249.16666666666666,226.83333333333334,142.0,103.5,92.64345959678215,4.135922330097087,3.2857142857142856,8.898809523809524,6.450236966824645,0.6398809523809523,0.6090047393364929,20.166666666666668,18.083333333333332,0.4557823129251701,0.3872832369942196,0.75,1.8333333333333333,1.0833333333333333,38.916666666666664,0.5416666666666666
2010,Iowa State,12,12,0.4166666666666667,21.666666666666668,28.833333333333332,-7.166666666666664,14.680434309486607,24.505410657957796,317.4166666666667,408.25,190.16666666666666,228.25,143.16666666666666,186.33333333333334,81.18828658610724,3.7758241758241757,4.3671875,6.117962466487936,7.362903225806452,0.5656836461126006,0.6397849462365591,18.333333333333332,21.916666666666668,0.3756906077348066,0.4293785310734463,1.4166666666666667,1.9166666666666667,0.5,51.333333333333336,0.5737179487179488
2010,Jacksonville State,1,1,1.0,49.0,48.0,1.0,,,355.0,479.0,265.0,251.0,103.0,237.0,,3.121212121212121,4.5576923076923075,7.361111111111111,12.55,0.6111111111111112,0.65,17.0,23.0,0.47058823529411764,0.4166666666666667,0.0,3.0,3.0,35.0,0.3333333333333333
2010,James Madison,1,1,1.0,21.0,16.0,5.0,,,235.0,362.0,136.0,124.0,114.0,238.0,,2.7804878048780486,5.409090909090909,17.0,7.75,0.625,0.625,14.0,23.0,0.5833333333333334,0.5,0.0,3.0,3.0,75.0,0.8461538461538461
2010,Kansas,12,12,0.25,17.083333333333332,34.416666666666664,-17.333333333333332,15.733336543399773,23.293906083052292,296.4166666666667,427.6666666666667,181.58333333333334,229.33333333333334,134.58333333333334,205.16666666666666,112.58165386899763,3.4361702127659575,5.014256619144603,6.172804532577904,8.070381231671554,0.5750708215297451,0.656891495601173,18.25,22.5,0.4090909090909091,0.46496815286624205,1.6666666666666667,1.0,-0.6666666666666667,56.75,0.6266025641025641
2010,Kansas State,12,12,0.5833333333333334,33.583333333333336,28.5,5.083333333333336,14.650214601799794,21.98949473698472,378.75,441.3333333333333,188.33333333333334,221.66666666666666,206.0,229.08333333333334,77.67429082100111,4.772200772200772,5.924568965517241,8.432835820895523,7.037037037037037,0.6380597014925373,0.5502645502645502,19.25,21.583333333333332,0.4691358024691358,0.43859649122807015,1.5,1.8333333333333333,0.33333333333333326,36.166666666666664,0.48931623931623935
2010,Kent State,12,12,0.4166666666666667,21.333333333333332,22.916666666666668,-1.5833333333333357,12.506967754985316,21.869274142393284,314.3333333333333,306.6666666666667,212.16666666666666,231.58333333333334,113.58333333333333,97.16666666666667,91.0467745255984,3.558746736292428,2.686635944700461,6.528205128205128,6.8617283950617285,0.5846153846153846,0.6049382716049383,16.75,18.083333333333332,0.30625,0.3709677419354839,2.25,2.25,0.0,55.833333333333336,0.453525641025641
2010,Kentucky,12,12,0.5,33.0,28.5,4.5,14.97877285907081,21.42428528562855,437.25,353.9166666666667,283.5833333333333,197.25,163.08333333333334,170.08333333333334,78.84636960570855,4.65952380952381,4.485714285714286,8.063981042654028,7.89,0.6563981042654028,0.5433333333333333,22.416666666666668,18.0,0.4457831325301205,0.38311688311688313,1.5833333333333333,1.25,-0.33333333333333326,44.75,0.4326923076923077
2010,LSU,12,12,0.8333333333333334,28.75,17.75,11.0,10.287901102309892,16.39290312077982,334.5833333333333,301.6666666666667,169.0,186.5,179.16666666666666,135.83333333333334,83.38351519371564,4.451345755693581,3.6302895322939865,7.191489361702128,7.266233766233766,0.5780141843971631,0.5616883116883117,17.0,15.666666666666666,0.3609467455621302,0.3473053892215569,1.8333333333333333,2.3333333333333335,0.5000000000000002,48.166666666666664,0.548611111111111
2010,Liberty,1,1,1.0,27.0,23.0,4.0,,,395.0,338.0,278.0,206.0,119.0,145.0,,4.25,4.264705882352941,7.315789473684211,6.645161290322581,0.631578947368421,0.5806451612903226,23.0,19.0,0.5454545454545454,0.2727272727272727,3.0,2.0,-1.0,35.0,0.3333333333333333
2010,Louisiana Tech,12,12,0.4166666666666667,26.75,30.666666666666668,-3.916666666666668,12.114041439585717,18.62773266509975,389.8333333333333,462.0833333333333,228.75,302.8333333333333,170.91666666666666,171.91666666666666,112.2989786510127,4.410752688172043,4.315899581589958,6.474056603773585,8.240362811791384,0.6132075471698113,0.6054421768707483,20.916666666666668,23.583333333333332,0.3756906077348066,0.425414364640884,2.25,2.0,-0.25,43.916666666666664,0.5400641025641025
2010,Louisville,12,12,0.5,26.0,18.666666666666668,7.333333333333332,13.777451934889188,20.60155922313266,375.8333333333333,304.6666666666667,204.75,184.66666666666666,180.5,142.16666666666666,128.24113177443454,4.889390519187359,3.9582366589327145,7.422960725075528,7.171521035598706,0.595166163141994,0.540453074433657,19.0,16.333333333333332,0.39263803680981596,0.34375,1.25,1.5,0.25,64.58333333333333,0.4305555555555556
2010,Maine,1,1,0.0,14.0,38.0,-24.0,,,195.0,338.0,160.0,270.0,66.0,78.0,,2.0625,3.0,5.517241379310345,9.310344827586206,0.7241379310344828,0.6551724137931034,14.0,17.0,0.2857142857142857,0.36363636363636365,2.0,0.0,-2.0,56.0,0.5833333333333334
2010,Marshall,12,12,0.4166666666666667,20.833333333333332,28.75,-7.916666666666668,9.183318209303941,18.118089069080973,314.25,386.0,223.33333333333334,258.5,97.16666666666667,145.25,74.7542944950626,3.3797101449275364,3.908071748878924,6.365795724465558,7.018099547511312,0.5581947743467933,0.5678733031674208,16.416666666666668,21.5,0.3707865168539326,0.4270833333333333,1.9166666666666667,1.4166666666666667,-0.5,53.833333333333336,0.5186965811965812
2010,Maryland,12,12,0.6666666666666666,30.666666666666668,22.333333333333332,8.333333333333336,18.277324915331732,24.5035557098198,342.4166666666667,353.0833333333333,230.83333333333334,237.25,124.91666666666667,132.16666666666666,86.29174439953772,3.7949367088607593,3.4553376906318083,7.547683923705722,6.51487414187643,0.5613079019073569,0.528604118993135,17.416666666666668,20.083333333333332,0.35,0.398989898989899,1.0,2.0833333333333335,1.0833333333333335,66.0,0.48824786324786323
2010,Massachusetts,1,1,0.0,37.0,42.0,-5.0,,,439.0,525.0,234.0,249.0,217.0,284.0,,4.428571428571429,6.761904761904762,8.068965517241379,17.785714285714285,0.7586206896551724,0.7142857142857143,0.0,22.0,,0.5714285714285714,2.0,2.0,0.0,0.0,0.5833333333333334
2010,McNeese State,2,2,0.0,8.0,41.0,-33.0,2.8284271247461903,15.556349186104045,232.0,360.0,167.0,191.0,83.0,186.0,18.384776310850235,2.4776119402985075,5.23943661971831,5.301587301587301,6.262295081967213,0.5714285714285714,0.7540983606557377,14.5,20.0,0.4375,0.30434782608695654,3.5,1.5,-2.0,58.0,0.8333333333333334
2010,Memphis,12,12,0.08333333333333333,14.416666666666666,39.833333333333336,-25.41666666666667,7.427936619562826,17.97198999116192,285.0,460.6666666666667,213.33333333333334,295.8333333333333,91.58333333333333,171.91666666666666,56.296294081162465,2.8694516971279374,4.4081196581196584,7.641791044776119,9.620596205962059,0.5582089552238806,0.6558265582655827,14.333333333333334,23.0,0.3212121212121212,0.49411764705882355,2.1666666666666665,1.0833333333333333,-1.0833333333333333,48.666666666666664,0.5432692307692307
2010,Miami (FL),12,12,0.5833333333333334,27.083333333333332,19.666666666666668,7.416666666666664,8.382431122004613,20.89566433207587,422.5833333333333,317.1666666666667,241.91666666666666,167.16666666666666,190.41666666666666,170.83333333333334,56.41318081527553,4.872068230277185,4.116465863453815,7.20347394540943,6.709030100334449,0.5310173697270472,0.49498327759197325,22.333333333333332,16.333333333333332,0.39655172413793105,0.33707865168539325,2.6666666666666665,2.3333333333333335,-0.33333333333333304,66.91666666666667,0.5379273504273504
2010,Miami (OH),13,13,0.6923076923076923,20.53846153846154,23.384615384615383,-2.846153846153843,8.130348338328691,20.82805061227988,347.0769230769231,335.7692307692308,268.0,231.0,96.76923076923077,121.38461538461539,70.51650106944417,3.1608040201005023,3.793269230769231,7.476394849785407,7.60253164556962,0.6437768240343348,0.5645569620253165,18.76923076923077,17.0,0.35195530726256985,0.3668639053254438,1.6923076923076923,2.3076923076923075,0.6153846153846152,44.84615384615385,0.41173570019723865
2010,Michigan,12,12,0.5833333333333334,34.333333333333336,33.833333333333336,0.5,17.520550703950402,19.856301953604735,500.9166666666667,447.9166666666667,255.5,272.25,251.08333333333334,187.66666666666666,115.12559018372725,5.674199623352166,4.540322580645161,8.912790697674419,8.463730569948186,0.627906976744186,0.6295336787564767,23.5,20.0,0.46296296296296297,0.41818181818181815,2.25,1.5,-0.75,46.416666666666664,0.548611111111111
2010,Michigan State,12,12,0.9166666666666666,31.333333333333332,20.083333333333332,11.25,9.354953314429288,16.717573769158992,406.6666666666667,337.75,250.16666666666666,226.41666666666666,168.83333333333334,121.91666666666667,94.09891636254937,4.8701923076923075,3.5945945945945947,8.726744186046512,6.809523809523809,0.6686046511627907,0.5614035087719298,20.0,18.583333333333332,0.375,0.3772455089820359,1.5,2.0,0.5,59.083333333333336,0.4791666666666667
2010,Middle Tennessee,12,12,0.5,26.916666666666668,27.5,-0.5833333333333321,12.816596721249814,20.834666624002733,372.0833333333333,384.1666666666667,204.5,207.58333333333334,178.5,193.41666666666666,120.39062054475637,4.344827586206897,4.22,6.912676056338028,7.036723163841808,0.5859154929577465,0.5706214689265536,18.916666666666668,19.75,0.3817204301075269,0.3769633507853403,2.75,1.4166666666666667,-1.3333333333333333,55.666666666666664,0.3055555555555555
2010,Minnesota,12,12,0.25,23.166666666666668,33.0,-9.833333333333332,9.193212252262617,13.643735381174583,361.3333333333333,392.1666666666667,236.75,205.08333333333334,135.25,191.41666666666666,78.63301797051614,3.6308724832214767,5.268348623853211,7.515873015873016,8.789285714285715,0.5529100529100529,0.65,19.916666666666668,19.083333333333332,0.38953488372093026,0.46564885496183206,1.4166666666666667,1.5833333333333333,0.16666666666666652,42.75,0.6431623931623932
2010,Mississippi State,12,12,0.6666666666666666,27.083333333333332,20.333333333333332,6.75,15.281946171475633,19.23124824578241,394.3333333333333,358.0833333333333,188.16666666666666,248.5,215.75,121.66666666666667,128.15000679837766,4.614973262032086,3.5609756097560976,8.520754716981132,7.362962962962963,0.5660377358490566,0.5703703703703704,20.166666666666668,19.583333333333332,0.45251396648044695,0.35428571428571426,1.6666666666666667,2.1666666666666665,0.4999999999999998,44.666666666666664,0.513888888888889
2010,Missouri,12,12,0.8333333333333334,30.333333333333332,15.166666666666666,15.166666666666666,12.182948839433024,17.19319809128193,401.0833333333333,350.6666666666667,248.66666666666666,224.66666666666666,162.91666666666666,146.91666666666666,56.32125116981451,4.7682926829268295,3.9440715883668904,6.891454965357967,6.419047619047619,0.625866050808314,0.5666666666666667,21.166666666666668,19.083333333333332,0.3668639053254438,0.390625,1.3333333333333333,2.25,0.9166666666666667,58.25,0.5395299145299145
2010,Missouri State,1,1,0.0,24.0,48.0,-24.0,,,447.0,496.0,283.0,298.0,166.0,206.0,,3.9523809523809526,5.885714285714286,6.738095238095238,11.037037037037036,0.47619047619047616,0.7037037037037037,25.0,23.0,0.45,0.3,1.0,0.0,-1.0,75.0,0.5833333333333334
2010,Montana State,1,1,0.0,22.0,23.0,-1.0,,,407.0,316.0,309.0,215.0,123.0,112.0,,4.1,3.111111111111111,7.923076923076923,7.413793103448276,0.6666666666666666,0.6206896551724138,24.0,17.0,0.3333333333333333,0.35714285714285715,3.0,3.0,0.0,24.0,0.16666666666666666
2010,Morgan State,1,1,0.0,3.0,62.0,-59.0,,,85.0,370.0,59.0,149.0,37.0,221.0,,1.3214285714285714,5.0227272727272725,2.107142857142857,5.96,0.25,0.44,9.0,24.0,0.14285714285714285,0.38461538461538464,3.0,1.0,-2.0,49.0,0.6666666666666666
2010,Murray State,1,1,0.0,10.0,41.0,-31.0,,,193.0,412.0,302.0,295.0,-65.0,137.0,,-2.9545454545454546,3.5128205128205128,6.425531914893617,8.428571428571429,0.6382978723404256,0.6857142857142857,12.0,21.0,0.16666666666666666,0.375,1.0,2.0,1.0,71.0,0.4166666666666667
2010,NC State,12,12,0.6666666666666666,32.583333333333336,22.5,10.083333333333336,9.709024230845833,16.822378673731734,406.6666666666667,340.5,299.0833333333333,249.41666666666666,125.0,113.0,98.88959255225757,3.5294117647058822,3.323529411764706,7.178,8.155313351498638,0.582,0.6103542234332425,23.583333333333332,15.833333333333334,0.43617021276595747,0.32142857142857145,1.75,2.0,0.25,36.166666666666664,0.5186965811965812
2010,Navy,12,12,0.75,31.0,22.333333333333332,8.666666666666668,17.57580982228389,13.213858656957877,406.6666666666667,376.8333333333333,123.25,230.41666666666666,288.9166666666667,156.41666666666666,109.1157294996575,5.408736349453978,4.375291375291376,10.415492957746478,6.895261845386534,0.5352112676056338,0.6783042394014963,20.25,20.333333333333332,0.5286624203821656,0.40993788819875776,1.25,1.9166666666666667,0.6666666666666667,27.5,0.41292735042735046
2010,Nebraska,13,13,0.7692307692307693,32.69230769230769,17.23076923076923,15.461538461538463,16.413331042096114,15.645102453139472,414.2307692307692,304.2307692307692,166.6153846153846,178.53846153846155,259.61538461538464,144.30769230769232,117.63159570324763,5.691399662731872,3.7670682730923697,8.298850574712644,6.256064690026954,0.5862068965517241,0.49595687331536387,18.46153846153846,16.53846153846154,0.42134831460674155,0.2916666666666667,1.6923076923076923,1.7692307692307692,0.07692307692307687,68.53846153846153,0.4980276134122288
2010,Nevada,13,13,0.9230769230769231,42.61538461538461,22.076923076923077,20.538461538461537,12.393132920684083,16.855342301554252,535.5384615384615,377.3076923076923,234.07692307692307,268.61538461538464,305.9230769230769,124.61538461538461,131.1103958404363,6.322734499205088,4.01985111662531,8.897660818713451,7.691629955947136,0.6461988304093568,0.5704845814977973,27.153846153846153,19.692307692307693,0.5621301775147929,0.3815028901734104,1.2307692307692308,1.6923076923076923,0.46153846153846145,46.61538461538461,0.3944773175542406
2010,New Hampshire,1,1,0.0,16.0,38.0,-22.0,,,298.0,445.0,260.0,294.0,73.0,169.0,,2.085714285714286,5.827586206896552,7.027027027027027,8.166666666666666,0.5675675675675675,0.6944444444444444,20.0,21.0,0.47058823529411764,0.3,1.0,1.0,0.0,71.0,0.5833333333333334
2010,New Mexico,12,12,0.08333333333333333,15.833333333333334,44.333333333333336,-28.5,8.483495563132982,20.84357324103872,265.6666666666667,469.0,174.66666666666666,225.5,108.0,250.16666666666666,97.0644896525766,2.9454545454545453,5.294532627865961,5.742465753424658,8.50943396226415,0.5260273972602739,0.6037735849056604,15.666666666666666,23.916666666666668,0.3224043715846995,0.4647058823529412,2.5833333333333335,1.5833333333333333,-1.0000000000000002,59.833333333333336,0.547542735042735
2010,New Mexico State,12,12,0.16666666666666666,15.666666666666666,39.5,-23.833333333333336,8.205689083394114,18.18507546580354,296.5,453.3333333333333,178.41666666666666,250.41666666666666,129.08333333333334,207.08333333333334,69.38233990655758,3.4498886414253898,5.819672131147541,5.694148936170213,8.099730458221025,0.4920212765957447,0.5768194070080862,17.0,21.5,0.2962962962962963,0.42857142857142855,1.5,1.0,-0.5,61.75,0.5053418803418803
2010,Nicholls State,2,2,0.0,7.0,48.0,-41.0,9.899494936611665,8.48528137423857,206.0,507.5,127.5,342.0,100.0,173.5,49.49747468305833,3.076923076923077,4.5064935064935066,5.3125,10.857142857142858,0.5,0.7142857142857143,11.0,24.0,0.18518518518518517,0.5714285714285714,1.5,1.0,-0.5,69.0,0.5833333333333333
2010,Norfolk State,1,1,0.0,0.0,31.0,-31.0,,,156.0,422.0,135.0,166.0,25.0,268.0,,1.0416666666666667,5.36,5.625,7.904761904761905,0.4583333333333333,0.5238095238095238,7.0,20.0,0.0,0.4,1.0,0.0,-1.0,85.0,0.3333333333333333
2010,North Carolina,12,12,0.5833333333333334,24.916666666666668,22.916666666666668,2.0,11.049132695978148,15.643761463512309,390.0833333333333,338.5,286.1666666666667,220.66666666666666,123.58333333333333,133.83333333333334,86.50324043676402,3.608272506082725,3.9075425790754257,8.91948051948052,6.860103626943006,0.6753246753246753,0.6010362694300518,18.75,17.833333333333332,0.39520958083832336,0.3941176470588235,1.75,1.75,0.0,56.416666666666664,0.5032051282051282
2010,North Dakota,2,2,0.0,8.5,34.0,-25.5,12.020815280171307,27.577164466275352,302.0,528.5,203.5,302.0,107.5,245.0,45.254833995939045,3.359375,6.533333333333333,6.166666666666667,8.273972602739725,0.5606060606060606,0.6027397260273972,16.0,24.0,0.3103448275862069,0.4642857142857143,3.5,1.0,-2.5,41.5,0.6153846153846154
2010,North Dakota State,1,1,1.0,6.0,3.0,3.0,,,168.0,293.0,106.0,214.0,73.0,96.0,,2.28125,3.0,4.818181818181818,6.484848484848484,0.5454545454545454,0.5757575757575758,10.0,14.0,0.15384615384615385,0.26666666666666666,1.0,3.0,2.0,105.0,0.25
2010,North Texas,12,12,0.25,23.916666666666668,29.666666666666668,-5.75,12.507876306430669,14.869890260645382,375.25,394.4166666666667,188.5,222.0,202.16666666666666,184.91666666666666,82.0876748582658,4.961145194274029,4.691331923890063,7.158227848101266,8.121951219512194,0.5759493670886076,0.5701219512195121,18.666666666666668,18.416666666666668,0.39664804469273746,0.4426229508196721,1.5,1.25,-0.25,50.25,0.4166666666666667
2010,Northern Arizona,1,1,0.0,20.0,41.0,-21.0,,,238.0,450.0,178.0,405.0,69.0,56.0,,2.0294117647058822,1.9310344827586208,6.357142857142857,7.788461538461538,0.5357142857142857,0.6538461538461539,13.0,21.0,0.14285714285714285,0.3888888888888889,1.0,2.0,1.0,65.0,0.5
2010,Northern Colorado,1,1,0.0,7.0,45.0,-38.0,,,266.0,532.0,147.0,349.0,119.0,201.0,,3.606060606060606,5.4324324324324325,5.25,13.96,0.32142857142857145,0.76,15.0,23.0,0.42857142857142855,0.4444444444444444,4.0,1.0,-3.0,30.0,0.9166666666666666
2010,Northern Illinois,13,13,0.7692307692307693,37.84615384615385,19.076923076923077,18.76923076923077,18.698690479309658,23.09095727102512,445.9230769230769,332.61538461538464,187.46153846153845,213.76923076923077,264.7692307692308,130.53846153846155,100.99130452540749,6.224231464737794,4.002358490566038,8.06953642384106,6.778048780487805,0.6324503311258278,0.573170731707317,21.53846153846154,17.307692307692307,0.5121951219512195,0.36666666666666664,1.0769230769230769,1.8461538461538463,0.7692307692307694,40.15384615384615,0.3609467455621302
2010,Northern Iowa,1,1,0.0,0.0,27.0,-27.0,,,320.0,210.0,184.0,116.0,146.0,117.0,,3.395348837209302,3.342857142857143,8.0,4.833333333333333,0.5217391304347826,0.5,17.0,15.0,0.35714285714285715,0.4,5.0,0.0,-5.0,60.0,0.4166666666666667
2010,Northwestern,12,12,0.5833333333333334,25.416666666666668,27.666666666666668,-2.25,5.599648257351581,19.90488747656076,392.4166666666667,415.6666666666667,260.5,241.41666666666666,149.83333333333334,185.16666666666666,56.22755444431029,3.546351084812623,5.073059360730594,8.805633802816901,7.065853658536585,0.7014084507042253,0.5902439024390244,21.666666666666668,21.416666666666668,0.4772727272727273,0.3614457831325301,1.8333333333333333,1.6666666666666667,-0.16666666666666652,57.0,0.4375
2010,Northwestern State,1,1,0.0,21.0,65.0,-44.0,,,311.0,616.0,265.0,179.0,62.0,437.0,,1.9375,7.163934426229508,7.162162162162162,14.916666666666666,0.5945945945945946,0.5833333333333334,16.0,30.0,0.4444444444444444,0.5454545454545454,1.0,1.0,0.0,85.0,0.6666666666666666
2010,Notre Dame,12,12,0.5833333333333334,25.75,20.5,5.25,7.759158811014597,16.017745840728708,378.25,353.1666666666667,266.75,219.75,120.83333333333333,146.75,81.04446030084071,3.9617486338797816,4.002272727272727,7.081858407079646,6.5925,0.5973451327433629,0.62,19.75,17.916666666666668,0.375,0.3507853403141361,2.0,1.75,-0.25,42.583333333333336,0.655448717948718
2010,Ohio,12,12,0.6666666666666666,28.0,21.75,6.25,13.232192149863495,19.684442403260316,327.25,332.6666666666667,168.5,232.16666666666666,168.83333333333334,115.0,106.03183484218313,4.347639484978541,3.2470588235294118,8.088,7.632876712328767,0.58,0.589041095890411,17.25,17.583333333333332,0.3458646616541353,0.38922155688622756,2.5,2.0833333333333335,-0.4166666666666665,47.583333333333336,0.38408119658119655
2010,Ohio State,12,12,0.9166666666666666,39.416666666666664,13.333333333333334,26.08333333333333,15.126486904123047,19.662878423028197,448.8333333333333,250.25,240.25,168.25,219.66666666666666,94.0,98.32398517455475,5.250996015936255,3.0241286863270775,8.898148148148149,5.9733727810650885,0.6604938271604939,0.5414201183431953,22.416666666666668,13.75,0.45806451612903226,0.3006535947712418,1.25,2.4166666666666665,1.1666666666666665,47.083333333333336,0.5
2010,Oklahoma,13,13,0.8461538461538461,36.38461538461539,21.923076923076923,14.461538461538463,11.722758929666554,19.805787809860803,478.0769230769231,363.9230769230769,351.6923076923077,232.84615384615384,141.30769230769232,151.76923076923077,105.22314506043934,3.352189781021898,4.2613390928725705,7.842195540308748,6.6236323851203505,0.6518010291595198,0.5514223194748359,26.46153846153846,17.615384615384617,0.44155844155844154,0.3394495412844037,1.2307692307692308,2.3076923076923075,1.0769230769230766,45.30769230769231,0.5867850098619329
2010,Oklahoma State,12,12,0.8333333333333334,44.916666666666664,27.75,17.166666666666664,12.76684864179192,17.91308984733756,537.5833333333334,412.8333333333333,364.5833333333333,288.5,182.91666666666666,137.33333333333334,112.5832688468514,5.104651162790698,3.5748373101952278,8.910386965376782,6.657692307692308,0.6761710794297352,0.6230769230769231,26.583333333333332,22.083333333333332,0.44171779141104295,0.43577981651376146,1.8333333333333333,2.5,0.6666666666666667,63.25,0.5443376068376068
2010,Ole Miss,12,12,0.3333333333333333,30.583333333333332,35.166666666666664,-4.583333333333332,14.46285733955232,17.28087925653055,399.8333333333333,399.1666666666667,198.5,261.1666666666667,207.58333333333334,152.83333333333334,99.47757475324717,5.022177419354839,4.440677966101695,7.218181818181818,8.903409090909092,0.5606060606060606,0.6136363636363636,18.666666666666668,18.5,0.34285714285714286,0.37423312883435583,2.0,1.5,-0.5,51.083333333333336,0.625
2010,Oregon,12,12,1.0,49.333333333333336,18.416666666666668,30.916666666666668,15.005049655083287,22.022543546157973,537.1666666666666,331.5833333333333,238.08333333333334,229.41666666666666,303.5,117.58333333333333,116.1979763032459,6.090301003344481,3.327830188679245,8.070621468926554,6.063876651982379,0.6214689265536724,0.5352422907488987,26.75,18.916666666666668,0.4588235294117647,0.33505154639175255,1.8333333333333333,2.9166666666666665,1.0833333333333333,63.416666666666664,0.41933760683760685
2010,Oregon State,12,12,0.4166666666666667,24.416666666666668,26.833333333333332,-2.4166666666666643,11.11475950202607,18.826762060879446,326.5,407.9166666666667,226.5,245.66666666666666,119.58333333333333,179.5,74.60989454245572,3.7369791666666665,4.256916996047431,7.248,8.280898876404494,0.5893333333333334,0.6235955056179775,18.5,22.166666666666668,0.3660130718954248,0.4659090909090909,1.3333333333333333,1.6666666666666667,0.3333333333333335,55.75,0.6207264957264957
2010,Penn State,12,12,0.5833333333333334,24.583333333333332,22.583333333333332,2.0,14.418790349801023,19.38134060472504,374.0833333333333,352.5,240.91666666666666,194.75,142.83333333333334,164.58333333333334,90.93799919159041,4.160194174757281,4.5091324200913245,7.528645833333333,7.212962962962963,0.5703125,0.6172839506172839,19.416666666666668,18.083333333333332,0.4327485380116959,0.3219178082191781,1.3333333333333333,1.25,-0.08333333333333326,31.083333333333332,0.548611111111111
2010,Pittsburgh,12,12,0.5833333333333334,26.25,19.75,6.5,13.645678636643378,19.509904244674384,367.75,304.25,224.5,199.91666666666666,157.75,121.33333333333333,90.45151890779543,4.464622641509434,3.542579075425791,7.900293255131965,6.701117318435754,0.6480938416422287,0.5670391061452514,18.25,18.416666666666668,0.4171779141104294,0.40625,1.75,1.75,0.0,56.833333333333336,0.5208333333333334
2010,Portland State,2,2,0.0,4.5,61.5,-57.0,6.363961030678928,16.97056274847714,201.5,610.5,157.5,227.0,64.0,385.0,86.97413408594535,1.9692307692307693,7.857142857142857,4.565217391304348,8.901960784313726,0.43478260869565216,0.5686274509803921,10.5,23.5,0.14705882352941177,0.5,4.0,2.0,-2.0,54.0,0.75
2010,Prairie View A&M,1,1,0.0,7.0,34.0,-27.0,,,211.0,464.0,162.0,211.0,67.0,253.0,,2.4814814814814814,5.382978723404255,5.0625,8.115384615384615,0.40625,0.6153846153846154,14.0,25.0,0.26666666666666666,0.6428571428571429,2.0,2.0,0.0,62.0,0.6666666666666666
2010,Presbyterian,2,2,0.0,17.0,55.5,-38.5,5.656854249492381,2.1213203435596424,320.5,461.5,230.0,159.0,105.0,313.5,58.68986283848344,3.0,7.044943820224719,6.133333333333334,7.2272727272727275,0.5466666666666666,0.4772727272727273,16.5,20.0,0.3333333333333333,0.4074074074074074,2.0,1.0,-1.0,55.0,0.375
2010,Purdue,12,12,0.3333333333333333,19.666666666666668,28.75,-9.083333333333332,9.865765724632494,18.456131444015778,311.5833333333333,369.0,159.41666666666666,247.08333333333334,160.83333333333334,137.91666666666666,87.46683354104555,4.366515837104072,3.605664488017429,5.403954802259887,7.622107969151671,0.556497175141243,0.6580976863753213,15.833333333333334,21.25,0.32222222222222224,0.4303030303030303,2.25,1.75,-0.5,57.0,0.5555555555555556
2010,Rhode Island,1,1,0.0,0.0,31.0,-31.0,,,207.0,423.0,189.0,338.0,62.0,91.0,,1.8235294117647058,3.25,4.5,8.047619047619047,0.42857142857142855,0.5952380952380952,13.0,23.0,0.3333333333333333,0.35714285714285715,2.0,2.0,0.0,75.0,0.16666666666666666
2010,Rice,12,12,0.3333333333333333,28.666666666666668,38.5,-9.833333333333332,14.883385082539238,16.40860823599687,375.3333333333333,448.8333333333333,235.0,310.1666666666667,159.41666666666666,145.16666666666666,118.5475227557082,3.8724696356275303,4.1084905660377355,7.833333333333333,8.925659472422062,0.6055555555555555,0.6163069544364509,19.75,22.25,0.4540540540540541,0.5088757396449705,1.75,1.1666666666666667,-0.5833333333333333,44.083333333333336,0.49786324786324787
2010,Richmond,1,1,0.0,13.0,34.0,-21.0,,,333.0,488.0,198.0,294.0,144.0,205.0,,4.8,5.857142857142857,6.0,8.4,0.5757575757575758,0.6857142857142857,13.0,23.0,0.3333333333333333,0.5,1.0,1.0,0.0,40.0,0.3333333333333333
2010,Rutgers,12,12,0.3333333333333333,20.833333333333332,26.5,-5.666666666666668,8.611127403047476,17.015144769150556,294.9166666666667,374.1666666666667,227.83333333333334,226.5,100.91666666666667,156.41666666666666,92.95889446742609,2.7213483146067414,4.246606334841629,8.438271604938272,8.089285714285714,0.5432098765432098,0.6160714285714286,15.5,18.0,0.31213872832369943,0.38125,1.25,1.8333333333333333,0.5833333333333333,50.416666666666664,0.4930555555555556
2010,SE Missouri State,1,1,0.0,10.0,27.0,-17.0,,,237.0,328.0,118.0,91.0,125.0,243.0,,4.310344827586207,4.418181818181818,6.555555555555555,5.352941176470588,0.6666666666666666,0.5882352941176471,15.0,23.0,0.5,0.4666666666666667,3.0,1.0,-2.0,35.0,0.3333333333333333
2010,SMU,13,13,0.5384615384615384,26.615384615384617,26.384615384615383,0.2307692307692335,10.579370346248258,14.520983932191866,414.6923076923077,362.38461538461536,286.2307692307692,236.07692307692307,140.92307692307693,140.6153846153846,65.66757776278008,4.8465608465608465,3.656,7.719917012448133,7.25531914893617,0.58298755186722,0.5981087470449172,20.692307692307693,20.76923076923077,0.4327485380116959,0.4421052631578947,1.8461538461538463,1.1538461538461537,-0.6923076923076925,51.61538461538461,0.527120315581854
2010,Sacramento State,1,1,0.0,17.0,52.0,-35.0,,,167.0,529.0,124.0,326.0,54.0,213.0,,1.8,5.605263157894737,4.592592592592593,13.583333333333334,0.5555555555555556,0.7083333333333334,12.0,20.0,0.3333333333333333,0.4444444444444444,1.0,2.0,1.0,85.0,0.9166666666666666
2010,Sam Houston State,1,1,0.0,3.0,34.0,-31.0,,,195.0,463.0,114.0,267.0,88.0,200.0,,2.2564102564102564,8.0,4.222222222222222,6.357142857142857,0.48148148148148145,0.5,13.0,24.0,0.11764705882352941,0.35714285714285715,1.0,1.0,0.0,77.0,0.5833333333333334
2010,Samford,1,1,0.0,6.0,59.0,-53.0,,,300.0,481.0,252.0,296.0,77.0,185.0,,2.026315789473684,7.115384615384615,6.461538461538462,10.962962962962964,0.6923076923076923,0.8148148148148148,19.0,27.0,0.3157894736842105,0.75,1.0,2.0,1.0,55.0,0.6923076923076923
2010,San Diego State,12,12,0.6666666666666666,35.0,22.75,12.25,9.917844340562942,17.602298403643456,448.5,351.4166666666667,303.75,226.66666666666666,151.5,141.58333333333334,111.0131032397036,4.567839195979899,3.6148936170212767,9.044665012406949,6.601941747572815,0.5607940446650124,0.5169902912621359,19.75,20.083333333333332,0.44785276073619634,0.34554973821989526,1.75,1.25,-0.5,54.5,0.42254273504273504
2010,San Jose State,13,13,0.07692307692307693,16.076923076923077,34.69230769230769,-18.615384615384617,11.828366599419228,19.93965254435853,315.0769230769231,463.6923076923077,254.53846153846155,269.6923076923077,78.53846153846153,203.15384615384616,139.57880781029615,2.9005681818181817,5.069097888675624,7.5720823798627,8.38755980861244,0.5812356979405034,0.6244019138755981,15.692307692307692,24.076923076923077,0.26011560693641617,0.48066298342541436,2.0,1.3076923076923077,-0.6923076923076923,50.61538461538461,0.5887573964497042
2010,South Carolina,13,13,0.6923076923076923,32.0,22.923076923076923,9.076923076923077,13.880441875771343,22.00553543414906,391.15384615384613,357.9230769230769,247.07692307692307,273.15384615384613,155.53846153846155,104.3076923076923,64.07917778530735,4.126530612244898,3.213270142180095,9.09915014164306,8.08883826879271,0.6543909348441926,0.6309794988610479,20.53846153846154,18.53846153846154,0.49101796407185627,0.40217391304347827,1.6153846153846154,1.9230769230769231,0.3076923076923077,40.38461538461539,0.5833333333333334
2010,South Carolina State,1,1,0.0,10.0,41.0,-31.0,,,272.0,384.0,94.0,12.0,178.0,372.0,,4.564102564102564,6.642857142857143,3.76,1.5,0.44,0.25,16.0,25.0,0.2857142857142857,0.6666666666666666,1.0,2.0,1.0,94.0,0.5
2010,South Dakota,2,2,0.5,24.0,38.0,-14.0,24.041630560342615,24.041630560342615,332.0,467.0,237.5,249.5,104.0,217.5,158.39191898578665,3.7818181818181817,5.178571428571429,9.693877551020408,9.415094339622641,0.6326530612244898,0.7358490566037735,15.0,25.5,0.4,0.5909090909090909,1.0,1.0,0.0,49.0,0.5096153846153846
2010,South Dakota State,1,1,0.0,3.0,17.0,-14.0,,,236.0,345.0,95.0,140.0,141.0,205.0,,3.810810810810811,4.270833333333333,3.392857142857143,8.75,0.42857142857142855,0.375,10.0,15.0,0.29411764705882354,0.3076923076923077,2.0,3.0,1.0,73.0,0.7692307692307693
2010,Southeastern Louisiana,2,2,0.0,20.5,24.0,-3.5,0.7071067811865476,3.5355339059327378,266.0,307.5,220.0,203.5,59.0,118.5,0.0,2.269230769230769,2.5483870967741935,5.7894736842105265,6.783333333333333,0.4868421052631579,0.6666666666666666,16.5,18.5,0.27586206896551724,0.4444444444444444,2.5,2.5,0.0,46.0,0.375
2010,Southern Illinois,1,1,0.0,3.0,35.0,-32.0,,,230.0,407.0,209.0,248.0,46.0,168.0,,1.5862068965517242,3.9069767441860463,5.648648648648648,11.272727272727273,0.5675675675675675,0.6818181818181818,14.0,19.0,0.1875,0.6153846153846154,2.0,3.0,1.0,38.0,0.5
2010,Southern Miss,12,12,0.6666666666666666,37.583333333333336,29.416666666666668,8.166666666666668,14.061283617426142,15.85636283717809,458.1666666666667,362.1666666666667,263.8333333333333,261.4166666666667,203.41666666666666,113.33333333333333,95.49853243359135,4.703275529865126,3.617021276595745,7.244851258581236,7.881909547738694,0.6247139588100686,0.5728643216080402,24.333333333333332,20.083333333333332,0.5025125628140703,0.33116883116883117,1.4166666666666667,2.0833333333333335,0.6666666666666667,71.66666666666667,0.4134615384615385
2010,Southern Utah,2,2,0.0,15.5,22.0,-6.5,6.363961030678928,2.1213203435596424,359.0,302.5,235.0,276.0,135.0,46.5,35.35533905932738,3.8028169014084505,1.690909090909091,5.529411764705882,8.238805970149254,0.5529411764705883,0.746268656716418,22.5,18.0,0.34375,0.3181818181818182,0.5,2.5,2.0,102.5,0.16346153846153846
2010,Stanford,12,12,0.9166666666666666,40.333333333333336,17.833333333333332,22.500000000000004,12.272166092669242,19.787507537470567,467.3333333333333,326.5833333333333,260.25,213.91666666666666,211.0,126.25,53.593305778263236,5.023809523809524,4.07258064516129,8.77247191011236,6.565217391304348,0.6966292134831461,0.5754475703324808,24.75,18.75,0.577639751552795,0.3660130718954248,1.25,2.4166666666666665,1.1666666666666665,44.333333333333336,0.4471153846153846
2010,Stephen F. Austin,1,1,0.0,7.0,48.0,-41.0,,,266.0,539.0,238.0,361.0,31.0,192.0,,1.8235294117647058,3.4909090909090907,5.288888888888889,8.204545454545455,0.5777777777777777,0.7045454545454546,13.0,33.0,0.2,0.631578947368421,2.0,0.0,-2.0,80.0,0.75
2010,Stony Brook,1,1,0.0,14.0,59.0,-45.0,,,254.0,563.0,120.0,383.0,142.0,180.0,,3.8378378378378377,5.625,5.714285714285714,10.63888888888889,0.42857142857142855,0.6666666666666666,12.0,25.0,0.18181818181818182,0.25,4.0,2.0,-2.0,42.0,0.5833333333333334
2010,Syracuse,12,12,0.5833333333333334,21.0,18.083333333333332,2.916666666666668,11.669696576253308,20.969494437627652,308.25,295.0,197.08333333333334,172.41666666666666,130.25,137.41666666666666,68.99028258319494,3.859259259259259,3.648230088495575,6.915204678362573,6.032069970845481,0.5614035087719298,0.5539358600583091,16.75,16.5,0.36875,0.387434554973822,1.75,1.4166666666666667,-0.33333333333333326,60.5,0.40972222222222227
2010,TCU,12,12,1.0,43.333333333333336,11.416666666666666,31.91666666666667,11.850073519782164,15.62316655909849,491.5,215.41666666666666,235.66666666666666,137.75,261.1666666666667,89.16666666666667,70.15631896635605,5.45993031358885,3.101449275362319,9.181818181818182,5.473509933774834,0.6590909090909091,0.48013245033112584,25.666666666666668,11.333333333333334,0.5302013422818792,0.2185430463576159,1.0833333333333333,1.8333333333333333,0.75,43.5,0.4118589743589744
2010,Temple,12,12,0.6666666666666666,25.0,19.083333333333332,5.916666666666668,11.762807333440277,18.12310596164382,334.0833333333333,317.6666666666667,196.16666666666666,195.5,150.25,139.5,83.5871437845594,4.193023255813953,3.6470588235294117,7.925925925925926,6.571428571428571,0.569023569023569,0.5742296918767507,16.75,17.083333333333332,0.35374149659863946,0.3837837837837838,2.1666666666666665,1.6666666666666667,-0.4999999999999998,46.083333333333336,0.4134615384615385
2010,Tennessee,12,12,0.5,27.0,24.666666666666668,2.333333333333332,15.544657076833946,28.269268033529187,365.8333333333333,381.9166666666667,271.0,241.75,116.08333333333333,152.66666666666666,99.32301146290625,3.6754617414248023,4.116853932584269,8.695187165775401,7.2706766917293235,0.5641711229946524,0.5739348370927319,17.583333333333332,19.5,0.36416184971098264,0.3977272727272727,1.75,2.1666666666666665,0.4166666666666665,41.5,0.4813034188034188
2010,Tennessee Tech,2,2,0.0,5.0,53.0,-48.0,2.8284271247461903,9.899494936611665,168.5,485.5,107.0,256.5,85.5,233.0,26.16295090390226,2.0357142857142856,6.753623188405797,7.642857142857143,10.058823529411764,0.5714285714285714,0.7450980392156863,11.5,22.5,0.3103448275862069,0.6666666666666666,2.5,2.0,-0.5,43.0,0.9166666666666667
2010,Tennessee-Martin,1,1,0.0,0.0,50.0,-50.0,,,142.0,537.0,90.0,206.0,56.0,332.0,,1.9310344827586208,7.72093023255814,3.4615384615384617,6.866666666666666,0.4230769230769231,0.5666666666666667,3.0,23.0,0.11764705882352941,0.3333333333333333,2.0,2.0,0.0,83.0,0.5
2010,Texas,12,12,0.4166666666666667,23.75,23.666666666666668,0.08333333333333215,10.996900389737927,18.942296747242825,382.5,300.1666666666667,243.08333333333334,183.41666666666666,150.5,138.58333333333334,63.70029256390643,4.170900692840647,3.4790794979079496,6.555056179775281,7.216393442622951,0.5887640449438202,0.5672131147540984,20.083333333333332,16.166666666666668,0.4010416666666667,0.3687150837988827,2.5,1.5,-1.0,55.333333333333336,0.5512820512820512
2010,Texas A&M,12,12,0.75,31.833333333333332,20.333333333333332,11.5,14.559179131039528,18.123314968695585,447.5833333333333,357.5,303.0,259.6666666666667,165.83333333333334,117.0,103.79039921735038,4.061224489795919,3.295774647887324,7.590814196242171,6.346232179226069,0.6012526096033403,0.6069246435845214,23.833333333333332,19.916666666666668,0.421875,0.34134615384615385,2.1666666666666665,2.0,-0.16666666666666652,64.33333333333333,0.5721153846153847
2010,Texas Southern,1,1,0.0,3.0,62.0,-59.0,,,169.0,444.0,193.0,146.0,18.0,307.0,,0.5625,7.309523809523809,6.655172413793103,9.733333333333333,0.5517241379310345,0.6,8.0,17.0,0.2,0.36363636363636365,4.0,1.0,-3.0,77.0,0.6666666666666666
2010,Texas State,1,1,0.0,28.0,68.0,-40.0,,,345.0,497.0,184.0,350.0,180.0,151.0,,3.1578947368421053,6.863636363636363,5.935483870967742,10.606060606060606,0.4838709677419355,0.7575757575757576,0.0,22.0,,0.625,4.0,2.0,-2.0,0.0,0.4166666666666667
2010,Texas Tech,12,12,0.5833333333333334,32.083333333333336,30.333333333333332,1.7500000000000036,16.334338249852856,22.935185355098554,452.5833333333333,463.0833333333333,330.5,320.5833333333333,137.83333333333334,157.0,134.9952580536431,4.053921568627451,4.104575163398692,7.06951871657754,7.851020408163265,0.6470588235294118,0.6183673469387755,24.083333333333332,23.583333333333332,0.4358974358974359,0.35638297872340424,2.0833333333333335,1.8333333333333333,-0.2500000000000002,61.833333333333336,0.5112179487179488
2010,Toledo,12,12,0.6666666666666666,27.583333333333332,28.083333333333332,-0.5,12.280496979381823,25.010906711781853,359.5,369.5,215.5,253.5,156.0,130.58333333333334,103.14552825983296,4.1415929203539825,3.907730673316708,7.650887573964497,7.157647058823529,0.6301775147928994,0.6329411764705882,17.25,19.916666666666668,0.4057142857142857,0.391304347826087,1.5833333333333333,2.75,1.1666666666666667,64.75,0.4460470085470085
2010,Towson,1,1,0.0,17.0,51.0,-34.0,,,392.0,360.0,165.0,205.0,227.0,155.0,,5.404761904761905,5.961538461538462,4.714285714285714,6.833333333333333,0.45714285714285713,0.6,16.0,18.0,0.25,0.2,3.0,0.0,-3.0,40.0,0.4166666666666667
2010,Troy,12,12,0.5833333333333334,32.916666666666664,31.0,1.9166666666666643,8.414903805784476,21.373128129981488,441.0833333333333,418.3333333333333,303.5833333333333,267.6666666666667,151.33333333333334,170.75,98.54160019858097,4.165137614678899,4.483588621444201,7.511340206185567,7.930864197530864,0.6329896907216495,0.5753086419753086,22.75,20.25,0.41304347826086957,0.3333333333333333,2.5,2.3333333333333335,-0.16666666666666652,75.83333333333333,0.39797008547008544
2010,Tulane,12,12,0.3333333333333333,24.916666666666668,37.166666666666664,-12.249999999999996,11.106577357856947,16.29347331686135,373.25,390.0833333333333,262.0,209.0,127.5,195.5,93.74736359929372,3.525345622119816,5.034334763948498,6.7612903225806456,7.862068965517241,0.5763440860215053,0.5391849529780565,21.333333333333332,19.333333333333332,0.3879781420765027,0.42138364779874216,2.0833333333333335,1.9166666666666667,-0.16666666666666674,36.5,0.4631410256410256
2010,Tulsa,12,12,0.75,39.666666666666664,29.916666666666668,9.749999999999996,14.034589305344738,21.38021600367116,503.5,442.5833333333333,295.3333333333333,318.8333333333333,219.33333333333334,136.91666666666666,89.33237222459016,5.201581027667984,4.026960784313726,8.109839816933638,8.483370288248336,0.6018306636155606,0.6119733924611973,26.166666666666668,22.083333333333332,0.49411764705882355,0.4294478527607362,1.4166666666666667,2.5833333333333335,1.1666666666666667,41.583333333333336,0.41292735042735046
2010,UAB,12,12,0.3333333333333333,26.333333333333332,31.583333333333332,-5.25,12.773077747806719,14.20067219919856,422.8333333333333,398.8333333333333,273.6666666666667,261.0,155.83333333333334,150.58333333333334,108.00827689944822,4.4844124700239805,4.192575406032483,7.06236559139785,7.83,0.546236559139785,0.58,21.333333333333332,20.666666666666668,0.41935483870967744,0.3941176470588235,2.0,1.5,-0.5,50.833333333333336,0.49091880341880345
2010,UC-Davis,2,2,0.5,8.5,32.5,-24.0,7.7781745930520225,35.35533905932738,170.5,428.0,156.0,270.5,25.5,172.0,126.572113832392,1.186046511627907,4.3,5.2,10.403846153846153,0.48333333333333334,0.6923076923076923,8.0,20.5,0.2413793103448276,0.42857142857142855,0.5,1.5,1.0,25.5,0.2467948717948718
2010,UCF,13,13,0.7692307692307693,33.76923076923077,18.0,15.769230769230766,13.833256101112795,16.92706829387892,384.2307692307692,318.0769230769231,200.84615384615384,221.07692307692307,192.46153846153845,110.38461538461539,70.35404968935553,4.374125874125874,3.424821002386635,9.81578947368421,6.576659038901602,0.6578947368421053,0.5423340961098398,21.076923076923077,17.307692307692307,0.5209580838323353,0.45077720207253885,1.2307692307692308,1.6923076923076923,0.46153846153846145,41.23076923076923,0.4260355029585799
2010,UCLA,12,12,0.3333333333333333,20.166666666666668,30.333333333333332,-10.166666666666664,12.91111806533306,21.451142513896905,316.6666666666667,420.0833333333333,156.75,226.25,175.58333333333334,205.5,114.39908878636889,4.353305785123967,5.2135306553911205,5.915094339622642,7.541666666666667,0.5094339622641509,0.625,18.416666666666668,21.666666666666668,0.3532934131736527,0.44047619047619047,2.4166666666666665,1.5,-0.9166666666666665,60.416666666666664,0.5443376068376068
2010,UL-Lafayette,12,12,0.25,22.333333333333332,37.0,-14.666666666666668,7.101002916788756,16.41137816678823,350.5833333333333,399.4166666666667,269.8333333333333,246.41666666666666,100.58333333333333,162.58333333333334,94.69036461813394,2.9154589371980677,4.384269662921349,7.426605504587156,8.057220708446867,0.5252293577981652,0.6267029972752044,17.5,20.25,0.3520408163265306,0.42073170731707316,2.0833333333333335,1.8333333333333333,-0.2500000000000002,40.5,0.4513888888888889
2010,UL-Monroe,12,12,0.4166666666666667,20.833333333333332,32.416666666666664,-11.583333333333332,14.490331154590532,22.100836402656117,347.0,380.3333333333333,243.41666666666666,230.75,120.33333333333333,161.08333333333334,100.77698149875299,3.0528541226215644,4.4132420091324205,7.28428927680798,7.565573770491803,0.6159600997506235,0.5437158469945356,18.583333333333332,19.833333333333332,0.3544973544973545,0.3780487804878049,2.0833333333333335,1.5833333333333333,-0.5000000000000002,65.83333333333333,0.46527777777777773
2010,UNLV,13,13,0.15384615384615385,18.384615384615383,39.69230769230769,-21.30769230769231,12.85520945984196,25.064532096785072,274.2307692307692,450.46153846153845,189.07692307692307,234.3846153846154,103.3076923076923,222.69230769230768,77.6586052820869,2.964679911699779,5.225631768953068,6.982954545454546,9.375384615384615,0.5426136363636364,0.64,15.76923076923077,22.384615384615383,0.3407821229050279,0.46875,1.5384615384615385,1.3846153846153846,-0.15384615384615397,53.76923076923077,0.6208086785009862
2010,USC,13,13,0.6153846153846154,31.0,26.692307692307693,4.307692307692307,13.089435944047908,17.97861978102794,431.46153846153845,400.2307692307692,250.46153846153845,274.0,189.30769230769232,140.69230769230768,114.4280089434804,5.159329140461216,4.4072289156626505,7.187637969094923,7.676724137931035,0.6158940397350994,0.5991379310344828,23.153846153846153,21.615384615384617,0.43258426966292135,0.43820224719101125,1.6923076923076923,2.0,0.3076923076923077,58.92307692307692,0.5207100591715976
2010,USF,12,12,0.5833333333333334,23.5,19.5,4.0,14.74942217666355,18.3154182440518,311.9166666666667,319.75,175.5,207.25,149.41666666666666,131.91666666666666,92.46666065849536,3.9844444444444442,3.5733634311512414,7.138983050847457,6.851239669421488,0.559322033898305,0.5895316804407713,16.333333333333332,17.25,0.28378378378378377,0.3611111111111111,1.6666666666666667,1.5,-0.16666666666666674,46.583333333333336,0.4513888888888889
2010,UTEP,12,12,0.5,26.166666666666668,25.416666666666668,0.75,11.621557815568707,21.33339251885729,371.0,404.1666666666667,230.08333333333334,230.83333333333334,149.5,181.16666666666666,86.06973916540005,4.6,4.90744920993228,6.919799498746867,6.822660098522167,0.5363408521303258,0.6108374384236454,20.75,22.166666666666668,0.4879518072289157,0.48520710059171596,1.5,1.1666666666666667,-0.33333333333333326,51.333333333333336,0.3573717948717949
2010,Utah,12,12,0.8333333333333334,35.583333333333336,19.833333333333332,15.750000000000004,20.956484495836662,29.729461971097106,404.75,319.6666666666667,252.83333333333334,230.83333333333334,156.75,104.16666666666667,131.28603401456198,4.714285714285714,3.0193236714975846,8.11229946524064,8.147058823529411,0.6363636363636364,0.6,19.583333333333332,16.333333333333332,0.4444444444444444,0.3597560975609756,1.9166666666666667,1.75,-0.16666666666666674,48.5,0.4358974358974359
2010,Utah State,12,12,0.3333333333333333,22.0,33.75,-11.75,13.658164391507906,19.744389306608323,347.3333333333333,428.8333333333333,193.66666666666666,256.75,168.66666666666666,179.25,128.12233737070727,3.8333333333333335,4.910958904109589,7.172839506172839,7.514634146341463,0.5308641975308642,0.573170731707317,19.166666666666668,22.166666666666668,0.3978494623655914,0.4277456647398844,1.75,1.3333333333333333,-0.41666666666666674,58.0,0.5341880341880342
2010,Vanderbilt,12,12,0.16666666666666666,16.916666666666668,31.166666666666668,-14.25,13.667867648635102,24.731742577284983,298.25,419.25,179.91666666666666,236.41666666666666,138.83333333333334,193.0,144.4677535583004,3.9572446555819476,4.46242774566474,5.997222222222222,8.12893982808023,0.46944444444444444,0.6332378223495702,15.0,19.833333333333332,0.26744186046511625,0.38219895287958117,1.6666666666666667,1.25,-0.41666666666666674,43.833333333333336,0.5368589743589743
2010,Villanova,1,1,0.0,24.0,31.0,-7.0,,,311.0,322.0,176.0,222.0,139.0,122.0,,4.34375,3.2972972972972974,6.285714285714286,8.222222222222221,0.7142857142857143,0.5925925925925926,20.0,19.0,0.45454545454545453,0.42857142857142855,2.0,1.0,-1.0,43.0,0.6666666666666666
2010,Virginia,12,12,0.3333333333333333,25.333333333333332,28.25,-2.916666666666668,15.44099227459953,22.980063823526105,404.8333333333333,396.0833333333333,277.75,203.33333333333334,139.33333333333334,203.66666666666666,97.81878731366052,3.990453460620525,5.091666666666667,7.523702031602709,8.026315789473685,0.5914221218961625,0.5657894736842105,21.333333333333332,19.5,0.37209302325581395,0.41566265060240964,1.9166666666666667,1.3333333333333333,-0.5833333333333335,72.08333333333333,0.45726495726495725
2010,Virginia Military,2,2,0.0,7.0,38.5,-31.5,0.0,13.435028842544403,230.5,423.5,157.0,217.5,84.5,220.5,72.8319984622144,2.6,5.188235294117647,5.508771929824562,9.666666666666666,0.543859649122807,0.6222222222222222,12.0,19.5,0.2413793103448276,0.37037037037037035,1.5,2.5,1.0,49.5,0.41666666666666663
2010,Virginia Tech,13,13,0.8461538461538461,35.53846153846154,19.076923076923077,16.461538461538463,11.44272246608723,12.600366295042011,411.0769230769231,348.2307692307692,213.76923076923077,215.84615384615384,208.92307692307693,148.92307692307693,77.6224425649154,5.067164179104478,4.460829493087558,8.964516129032258,6.911330049261084,0.5935483870967742,0.5073891625615764,21.076923076923077,17.307692307692307,0.45180722891566266,0.34946236559139787,0.9230769230769231,2.3076923076923075,1.3846153846153844,44.15384615384615,0.5468441814595661
2010,Wake Forest,12,12,0.25,22.75,35.833333333333336,-13.083333333333336,17.29490203394157,26.844529943338323,302.3333333333333,430.6666666666667,160.58333333333334,250.75,158.5,192.5,118.1842423993789,4.143790849673203,4.704684317718941,6.380794701986755,7.656488549618321,0.5496688741721855,0.6132315521628499,15.833333333333334,23.166666666666668,0.3407821229050279,0.47191011235955055,1.4166666666666667,1.4166666666666667,0.0,45.333333333333336,0.5448717948717948
2010,Washington,12,12,0.5,22.083333333333332,31.166666666666668,-9.083333333333336,11.727654445279278,21.5552496593936,364.5833333333333,401.1666666666667,212.25,213.5,164.33333333333334,198.75,133.06694031975263,4.596736596736597,4.877300613496932,7.1344537815126055,7.579881656804734,0.5574229691876751,0.6094674556213018,18.25,20.916666666666668,0.3136094674556213,0.41566265060240964,1.4166666666666667,1.4166666666666667,0.0,56.333333333333336,0.5667735042735043
2010,Washington State,12,12,0.16666666666666666,19.583333333333332,35.833333333333336,-16.250000000000004,9.404624909956254,18.151508827843287,330.1666666666667,467.0,262.25,261.75,91.0,220.25,59.79181052669844,2.618705035971223,5.587737843551797,8.1953125,8.749303621169917,0.5911458333333334,0.6629526462395543,17.583333333333332,23.25,0.39106145251396646,0.4276315789473684,1.9166666666666667,1.8333333333333333,-0.08333333333333348,59.5,0.5544871794871795
2010,Weber State,2,2,0.0,20.5,51.0,-30.5,0.7071067811865476,17.67766952966369,420.0,540.0,289.5,336.5,140.5,209.0,55.154328932550705,3.2298850574712645,5.726027397260274,7.423076923076923,10.515625,0.6025641025641025,0.6875,25.0,25.5,0.42857142857142855,0.47368421052631576,2.0,1.5,-0.5,65.5,0.5833333333333334
2010,West Virginia,12,12,0.75,26.666666666666668,12.75,13.916666666666668,11.420343358421515,14.993685539606535,376.5833333333333,251.33333333333334,231.08333333333334,186.5,162.16666666666666,85.08333333333333,102.31987128904171,3.8842315369261478,2.729946524064171,8.084548104956268,6.431034482758621,0.6501457725947521,0.5747126436781609,19.916666666666668,13.083333333333334,0.44623655913978494,0.2469879518072289,1.9166666666666667,1.9166666666666667,0.0,41.583333333333336,0.4711538461538462
2010,Western Carolina,1,1,0.0,7.0,48.0,-41.0,,,189.0,480.0,128.0,361.0,86.0,129.0,,2.774193548387097,3.5833333333333335,7.111111111111111,9.5,0.5555555555555556,0.6578947368421053,9.0,25.0,0.35714285714285715,0.6,1.0,0.0,-1.0,43.0,0.6666666666666666
2010,Western Illinois,1,1,0.0,21.0,31.0,-10.0,,,406.0,402.0,310.0,177.0,120.0,227.0,,3.3333333333333335,6.485714285714286,8.157894736842104,4.657894736842105,0.6578947368421053,0.631578947368421,22.0,22.0,0.4,0.38461538461538464,1.0,1.0,0.0,60.0,0.3333333333333333
2010,Western Kentucky,12,12,0.16666666666666666,22.833333333333332,33.166666666666664,-10.333333333333332,13.244781705420532,19.042217848928747,319.0,380.1666666666667,157.33333333333334,207.91666666666666,175.5,177.25,52.17104735212992,4.212,4.992957746478873,6.4,7.403560830860534,0.511864406779661,0.6231454005934718,17.916666666666668,19.333333333333332,0.391304347826087,0.4014084507042254,1.1666666666666667,1.5,0.33333333333333326,46.25,0.452991452991453
2010,Western Michigan,12,12,0.5,32.333333333333336,23.833333333333332,8.500000000000004,14.871163880191595,26.469536520996428,411.6666666666667,387.8333333333333,300.75,235.91666666666666,125.91666666666667,166.58333333333334,97.0007810027915,3.9246753246753245,4.336225596529284,7.597894736842106,8.019830028328611,0.6273684210526316,0.5864022662889519,20.75,18.916666666666668,0.3989071038251366,0.3743016759776536,2.25,2.5,0.25,51.166666666666664,0.40117521367521364
2010,William & Mary,1,1,0.0,17.0,21.0,-4.0,,,286.0,421.0,262.0,245.0,51.0,183.0,,1.9615384615384615,4.945945945945946,6.55,7.424242424242424,0.65,0.696969696969697,20.0,19.0,0.38461538461538464,0.5625,1.0,2.0,1.0,27.0,0.5833333333333334
2010,Wisconsin,12,12,0.9166666666666666,43.333333333333336,20.5,22.833333333333336,20.45986462824377,24.150412506672097,450.1666666666667,323.5,209.5,203.66666666666666,247.33333333333334,131.66666666666666,115.72446377128527,5.516728624535316,3.9798488664987404,9.858823529411765,7.104651162790698,0.7450980392156863,0.563953488372093,24.25,16.833333333333332,0.5076923076923077,0.39285714285714285,0.75,1.9166666666666667,1.1666666666666667,29.833333333333332,0.4428418803418803
2010,Wofford,1,1,0.0,10.0,33.0,-23.0,,,220.0,331.0,0.0,116.0,220.0,230.0,,4.313725490196078,4.8936170212765955,0.0,6.823529411764706,0.0,0.47058823529411764,13.0,19.0,0.16666666666666666,0.46153846153846156,3.0,2.0,-1.0,28.0,0.6666666666666666
2010,Wyoming,12,12,0.25,19.166666666666668,30.333333333333332,-11.166666666666664,13.782949501819159,24.734346136251084,285.5,413.6666666666667,185.25,217.0,119.5,205.75,122.82322848120161,3.5671641791044775,4.572222222222222,7.692041522491349,8.214511041009464,0.6020761245674741,0.5930599369085173,14.5,22.333333333333332,0.3082191780821918,0.4311377245508982,1.5,1.1666666666666667,-0.33333333333333326,46.75,0.5128205128205128
2010,Youngstown State,1,1,0.0,14.0,44.0,-30.0,,,264.0,371.0,197.0,239.0,75.0,132.0,,2.2058823529411766,4.551724137931035,7.88,8.241379310344827,0.84,0.6896551724137931,14.0,22.0,0.16666666666666666,0.6363636363636364,0.0,1.0,1.0,65.0,0.5833333333333334
